Cancer	Morbidity	Cohort	Positive	OR	Lower_CI	Upper_CI	pvalue
Digestive	Gastrointestinal polyp	534|54634	133|1066	2.525141245563918	2.226271016741317	2.8641339091686158	4.311485e-47
Digestive	Liver fibrosis, sclerosis and cirrhosis	534|54634	41|131	4.18970363529799	3.2798014269520532	5.352036378599273	1.905033e-30
Cervical	Cervical dysplasia	137|30319	27|196	6.0106325945219945	4.412311933288274	8.187930665954989	5.791766e-30
Cervical	Polycystic ovarian syndrome	137|30319	27|196	6.0106325945219945	4.412311933288274	8.187930665954989	5.791766e-30
Colorectal	Gastrointestinal polyp	241|54634	68|1066	2.8263326842553416	2.356378041599174	3.3900148028322223	4.171747e-29
All	Gastrointestinal polyp	2782|54634	247|1066	1.5797758975730853	1.4537751314104657	1.716697330027585	4.141629e-27
Solid	Gastrointestinal polyp	2312|54634	218|1066	1.610577805474012	1.4748577729146943	1.7587871285779364	2.6423889999999997e-26
Digestive	Other anaemias	534|54634	167|5077	1.7209560854084902	1.5480333455677995	1.9131951235961286	9.360945e-24
Digestive	Gastritis and duodenitis	534|54634	224|6346	1.634763262029788	1.4841115286528466	1.8007076094261618	2.1906480000000006e-23
Digestive	Iron deficiency	534|54634	161|5670	1.7212917045669494	1.5456560684666645	1.916885129012059	4.600621000000001e-23
All	Hypertension	2782|54634	1172|9327	1.2811536998664477	1.2192987519445675	1.3461465453514283	9.869485e-23
Endocrine	Thyroid disease	164|54634	53|2967	2.7048514663109073	2.2172935266535103	3.299617920161613	9.964795000000001e-23
Thyroid	Thyroid disease	121|54634	46|2967	3.0251782035133163	2.422015779064358	3.7785481176953457	1.720778e-22
All	Other anaemias	2782|54634	555|5077	1.2934305116266211	1.2255003333531653	1.3651260981946935	8.946946e-21
Secondary	Psychoactive substance misuse	479|54634	101|2298	1.9092089615202072	1.6670595266844388	2.186531914669327	9.144074e-21
Digestive	Chronic kidney disease	534|54634	27|68	4.163058414739785	3.0767050641780735	5.6329921142979735	2.362657e-20
Digestive	Portal hypertension	534|54634	27|68	4.163058414739785	3.0767050641780735	5.6329921142979735	2.362657e-20
Solid	Hypertension	2312|54634	1005|9327	1.2756846310175993	1.2095578601532357	1.3454265657108302	3.083322e-19
Endocrine	Non-malignant CNS tumour	164|54634	14|89	7.140979844077693	4.6372375808830935	10.996545301828785	4.469405e-19
Gynaecological	Cervical dysplasia	361|30319	28|196	3.342269275208742	2.560663488226791	4.362449013454674	6.789357999999999e-19
Gynaecological	Polycystic ovarian syndrome	361|30319	28|196	3.342269275208742	2.560663488226791	4.362449013454674	6.789357999999999e-19
Haematopoietic	Thrombocytopenia	515|54634	31|247	3.3248015895115506	2.5472856977370277	4.339641061636322	9.586479e-19
All	Iron deficiency	2782|54634	550|5670	1.2713216135881564	1.2048012119529143	1.3415147902752607	2.042265e-18
All	Liver fibrosis, sclerosis and cirrhosis	2782|54634	55|131	2.277480982608273	1.8850244280618313	2.7516458401950246	1.4671940000000002e-17
All	Cardiovascular disease	2782|54634	673|4464	1.2636116378780884	1.1961573231823124	1.3348698707398894	6.309645e-17
All	Thrombocytopenia	2782|54634	66|247	2.0054590757273614	1.7002330739703428	2.3654792781000777	1.447767e-16
All	Non-malignant CNS tumour	2782|54634	42|89	2.5325482265003574	2.0299846673589013	3.1595315091195935	1.815282e-16
All	Gastritis and duodenitis	2782|54634	683|6346	1.2323192955513658	1.172298111314096	1.2954135398938043	2.404565e-16
Solid	Other anaemias	2312|54634	465|5077	1.2727959295393638	1.2008818188905117	1.3490165749604663	4.327264e-16
Solid	Liver fibrosis, sclerosis and cirrhosis	2312|54634	48|131	2.295248232562532	1.8772017552989715	2.8063922453782255	5.523473e-16
Solid	Non-malignant CNS tumour	2312|54634	36|89	2.5118662430630647	1.9845785217866854	3.1792503817684348	1.837427e-14
Secondary	Other anaemias	479|54634	140|5077	1.5219143755417046	1.3624474854180113	1.70004597701603	1.032349e-13
Secondary	Cardiovascular disease	479|54634	180|4464	1.511600464827355	1.3544829299630523	1.6869433454791523	1.597876e-13
Secondary	Obesity	479|54634	137|5337	1.513640989879109	1.353862290999771	1.6922762835430771	3.267465e-13
Solid	Gastritis and duodenitis	2312|54634	579|6346	1.2210400554050216	1.157128123772805	1.2884820498894334	3.324068e-13
Solid	Cardiovascular disease	2312|54634	562|4464	1.2438930276692395	1.1727140414252415	1.3193922897040566	3.888152e-13
Solid	Iron deficiency	2312|54634	453|5670	1.2358265284065608	1.166099039665562	1.3097234080146685	8.935552e-13
Haematopoietic	Aplastic anaemias	515|54634	13|45	5.155891286489412	3.287024933034558	8.087317711203369	9.249824e-13
Solid	Psychoactive substance misuse	2312|54634	246|2298	1.3304949288945893	1.2301885668300494	1.4389800096872252	9.313552e-13
All	Obesity	2782|54634	517|5337	1.2149707470492581	1.1507330660153159	1.2827943854059594	2.127246e-12
Solid	Hyperplasia of prostate	962|24315	189|776	1.4511291826183514	1.3079320471954035	1.6100040588209579	2.150798e-12
Digestive	Cholelithiasis	534|54634	74|1625	1.6816172850188866	1.454587093772121	1.944082073450122	2.155635e-12
All	Peripheral arterial disease	2782|54634	94|323	1.6068488096967255	1.4066988017994555	1.8354768582449381	2.792949e-12
Solid	Peripheral arterial disease	2312|54634	83|323	1.6521971364982178	1.4350707397649132	1.9021747863802776	2.848806e-12
Male genital	Hyperplasia of prostate	222|24315	76|776	1.8121445895596286	1.5336560130801609	2.1412024505253866	2.879189e-12
Colorectal	Iron deficiency	241|54634	74|5670	1.7522645850917842	1.4948869840022319	2.0539553886183937	4.500184e-12
All	Chronic kidney disease	2782|54634	35|68	2.314111933729948	1.820244950100748	2.941974398300055	7.359075e-12
All	Portal hypertension	2782|54634	35|68	2.314111933729948	1.820244950100748	2.941974398300055	7.359075e-12
All	Hyperplasia of prostate	1209|24315	216|776	1.4052229872793407	1.2739152854476055	1.550065115424419	1.068866e-11
All	Psychoactive substance misuse	2782|54634	282|2298	1.2860712131730274	1.1955490309515562	1.3834473723222502	1.415578e-11
Haematopoietic	Other anaemias	515|54634	112|5077	1.5144646345886519	1.34180238284214	1.7093449517965091	1.809341e-11
Secondary	Cholelithiasis	479|54634	72|1625	1.6527308823686242	1.4268891000176098	1.9143179168593136	2.053896e-11
Respiratory	Psychoactive substance misuse	149|54634	50|2298	1.99098004016167	1.6270021667800052	2.4363836762229436	2.302054e-11
Colorectal	Other anaemias	241|54634	74|5077	1.7109093281114889	1.4615009155289542	2.0028798462705546	2.383199e-11
Solid	Chronic kidney disease	2312|54634	31|68	2.3501261322180853	1.8242847638529265	3.0275387630105803	3.785664e-11
Solid	Portal hypertension	2312|54634	31|68	2.3501261322180853	1.8242847638529265	3.0275387630105803	3.785664e-11
Digestive	Constipation	534|54634	174|7662	1.3910933212289318	1.2594023058721977	1.5365547762972855	7.750275e-11
Digestive	Chronic viral hepatitis	534|54634	31|616	2.126596894666838	1.693375645313562	2.67065040466507	8.472364e-11
Lung	Psychoactive substance misuse	130|54634	47|2298	2.008678413303334	1.6270637337068352	2.479797739009644	8.690933e-11
Secondary	Venous thromboembolism	479|54634	29|391	2.2166543287351055	1.739970988827854	2.8239300796676727	1.167699e-10
Haematopoietic	Iron deficiency	515|54634	109|5670	1.4893562803555913	1.3185465085196741	1.6822934310637137	1.460864e-10
Digestive	Cardiovascular disease	534|54634	195|4464	1.4013737422782444	1.2636081907502423	1.554159255948583	1.642258e-10
Prostate	Hyperplasia of prostate	196|24315	70|776	0.00016034384778118197	1.097165751314661e-05	0.0023433241049010223	1.704661e-10
Secondary	Peripheral arterial disease	479|54634	33|323	2.0729091352420714	1.6545636525204679	2.597030507967645	2.323522e-10
Secondary	Hypertension	479|54634	275|9327	1.4238165821161044	1.2759064306216648	1.5888732988993859	2.718567e-10
Digestive	Type 2 Diabetes	534|54634	282|8982	1.361425074452934	1.2357324855861236	1.4999024910072254	4.299502e-10
Secondary	Iron deficiency	479|54634	127|5670	1.4271936020999434	1.2751768463351787	1.597332623885816	6.002367e-10
Respiratory	COPD	149|54634	36|662	2.0688667632487	1.6391125379939844	2.611297018881605	9.380751e-10
All	Peptic ulcer	2782|54634	200|1199	1.3085229735517918	1.2001967959824316	1.4266263483158699	1.066767e-09
Lung	COPD	130|54634	35|662	2.0998228835378323	1.6541052695309393	2.66564421469952	1.099993e-09
Secondary	Thrombocytopenia	479|54634	20|247	2.5371312154674657	1.8803644980675391	3.4232909689131	1.118406e-09
Secondary	Constipation	479|54634	157|7662	1.380170441671251	1.2431394817122812	1.5323062907142784	1.546508e-09
Uterine	Obesity	102|30319	50|3940	1.8963670938657902	1.5404010429148998	2.334592131859299	1.607312e-09
Haematopoietic	Cardiovascular disease	515|54634	140|4464	1.4507983628795977	1.2840670968292323	1.6391790545303875	2.311708e-09
Digestive	Peptic ulcer	534|54634	74|1199	1.5500512579042303	1.342390564664927	1.7898359578609018	2.33789e-09
Digestive	Fatty liver disease	534|54634	77|2125	1.5174374135942383	1.3231028260569915	1.7403154606189224	2.457068e-09
Secondary	Chronic kidney disease	479|54634	14|68	3.1895186117440573	2.1766769087340623	4.673651350754803	2.680817e-09
Secondary	Portal hypertension	479|54634	14|68	3.1895186117440573	2.1766769087340623	4.673651350754803	2.680817e-09
Secondary	Obstructive and reflux uropathy	479|54634	25|459	2.1475614733330395	1.6642135674721112	2.7712911202556123	4.220613e-09
Solid	Cholelithiasis	2312|54634	193|1625	1.2882606819218883	1.1830459048440536	1.4028327876293312	5.647037e-09
Solid	Obesity	2312|54634	430|5337	1.1897997313768993	1.1218902523370302	1.2618198596838068	6.799451e-09
All	Urinary Incontinence	2782|54634	241|1844	1.256008706564392	1.162785123577798	1.3567062727045698	6.915039e-09
Digestive	Unspecified or rare diabetes	534|54634	245|7919	1.3231800922256176	1.2031313639537229	1.455207310620436	7.883775e-09
All	Non-rheumatic valvular heart disease	2782|54634	113|456	1.4159985906962178	1.2579282126703004	1.5939319816966322	8.431952e-09
Kidney	Hypertension	182|54634	111|9327	1.678356431550723	1.407014489174525	2.0020265128757124	8.648902e-09
Secondary	Liver fibrosis, sclerosis and cirrhosis	479|54634	16|131	2.718825539193998	1.933812030077055	3.8225081846651827	8.7193e-09
Solid	Peptic ulcer	2312|54634	171|1199	1.3077420184748667	1.192370883352409	1.4342762061385117	1.242264e-08
All	Cholelithiasis	2782|54634	214|1625	1.2636533377501826	1.1655883628255832	1.3699688577331157	1.364902e-08
Colorectal	Gastritis and duodenitis	241|54634	91|6346	1.5165863699452755	1.3133646978917035	1.7512532666638208	1.397971e-08
All	Gastro-oesophageal reflux disease	2782|54634	599|6440	1.1572702509768198	1.100009715458147	1.217511459194842	1.684455e-08
Solid	Urinary Incontinence	2312|54634	213|1844	1.2625506497796584	1.163589932996513	1.3699277538041525	2.166529e-08
Ovarian	Endometriosis	117|30319	17|735	2.486246143366687	1.8045938633269003	3.425380087467341	2.534693e-08
Solid	COPD	2312|54634	134|662	1.3578953984613618	1.219155663439637	1.5124236949040226	2.642122e-08
Solid	Thrombocytopenia	2312|54634	42|247	1.7258022243987388	1.4227502866825943	2.0934055298518413	3.044295e-08
Haematopoietic	Obesity	515|54634	106|5337	1.4039644713820567	1.2446574506269177	1.583661621846455	3.357921e-08
Digestive	Ulcerative colitis	534|54634	19|293	2.2843510965255605	1.7030438669829888	3.06407840300784	3.517567e-08
Solid	Venous thromboembolism	2312|54634	62|391	1.5378479437907555	1.318354605404546	1.7938848080223042	4.310468e-08
All	Endometriosis	1573|30319	86|735	1.4136796698807885	1.248838166135216	1.60027957442956	4.427222e-08
Secondary	Depression	479|54634	150|7686	1.3346245281883522	1.2032751659949683	1.4803119698469955	4.740015e-08
Digestive	Depression	534|54634	154|7686	1.3204729924131473	1.1945244447564585	1.4597013324813375	5.465767e-08
Bladder	Nephritides	163|54634	14|332	2.6617132648759143	1.8681981309478939	3.792273093015958	5.948295e-08
Solid	Endometriosis	1350|30319	78|735	1.4335745348474174	1.2584302412733521	1.6330948506795928	6.043071e-08
Kidney	Hyperplasia of prostate	125|24315	35|776	1.9190245306847322	1.5155941192374143	2.429842596131687	6.19193e-08
All	Cervical dysplasia	1573|30319	36|196	1.7475136390708406	1.426799693947724	2.1403171949730595	6.81951e-08
All	Polycystic ovarian syndrome	1573|30319	36|196	1.7475136390708406	1.426799693947724	2.1403171949730595	6.81951e-08
Solid	Gastro-oesophageal reflux disease	2312|54634	515|6440	1.161585636802122	1.0999919922443901	1.2266281946943627	7.105198e-08
Solid	Non-rheumatic valvular heart disease	2312|54634	96|456	1.4147756962803177	1.247009119721067	1.605112776747917	7.132735e-08
Solid	Cervical dysplasia	1350|30319	33|196	1.7825269635354295	1.4419032178478943	2.2036169532052607	9.175169e-08
Solid	Polycystic ovarian syndrome	1350|30319	33|196	1.7825269635354295	1.4419032178478943	2.2036169532052607	9.175169e-08
Kidney	Gastro-oesophageal reflux disease	182|54634	63|6440	1.564307133872532	1.326733226369488	1.8444226468803335	1.015059e-07
Endocrine	Hyperparathyroidism	164|54634	6|74	5.158469876726497	2.816546699780469	9.447672737387501	1.07238e-07
Urinary	Hypertension	212|54634	123|9327	1.5600080788530637	1.3239872399918704	1.8381032177483598	1.077158e-07
All	Aplastic anaemias	2782|54634	18|45	2.4418550088731683	1.7562727363841888	3.3950626009459586	1.099568e-07
All	Venous thromboembolism	2782|54634	68|391	1.4849186654292847	1.2823769499478994	1.7194503090763387	1.262323e-07
Digestive	Gastro-oesophageal reflux disease	534|54634	160|6440	1.3065485948927644	1.183049700061404	1.4429395744977198	1.305088e-07
All	Constipation	2782|54634	621|7662	1.142647570503859	1.0871285821612755	1.201001879448957	1.542776e-07
Bladder	Hypertension	163|54634	101|9327	1.6405933907142807	1.3628641692148877	1.974919243203755	1.679885e-07
Digestive	Venous thromboembolism	534|54634	24|391	1.9627135891736105	1.5223171273671896	2.530513888252127	1.976234e-07
Haematopoietic	Hypertension	515|54634	207|9327	1.362569151960756	1.2125114511108028	1.5311976576998059	2.02608e-07
Digestive	Psychoactive substance misuse	534|54634	86|2298	1.416230833508482	1.2414686029041238	1.6155944412031389	2.232288e-07
All	COPD	2782|54634	151|662	1.3067354447012771	1.1803749095819844	1.4466230250889993	2.523057e-07
Secondary	Non-rheumatic valvular heart disease	479|54634	35|456	1.7205792372921607	1.3981417590581497	2.117376791460062	2.968332e-07
Secondary	Gastritis and duodenitis	479|54634	156|6346	1.3117170445517718	1.181928837487284	1.4557573606762482	3.318932e-07
All	Depression	2782|54634	612|7686	1.1367246351583924	1.0820720588122907	1.1941375675056873	3.439781e-07
All	Urinary calculus	2782|54634	158|1373	1.266644147985478	1.1561951466684812	1.3876441206735903	3.816795e-07
Colorectal	Ulcerative colitis	241|54634	12|293	2.702212819149062	1.8383317081787123	3.9720547099781993	4.238411e-07
Bladder	End stage renal disease	163|54634	9|130	3.24245253919891	2.054845700059559	5.116441817822492	4.309982e-07
Urinary	End stage renal disease	212|54634	10|130	3.0818806151929117	1.9887015930819476	4.775974514900718	4.753781e-07
Solid	Urinary calculus	2312|54634	137|1373	1.2849219792925377	1.1653448921861163	1.416768978814359	4.896431e-07
Digestive	Peripheral arterial disease	534|54634	31|323	1.760854143266429	1.4116815182744333	2.1963929354608056	5.233943e-07
Solid	Constipation	2312|54634	528|7662	1.1476139949237996	1.0875191271391902	1.2110296255749433	5.238737e-07
Solid	Depression	2312|54634	530|7686	1.1451801948055227	1.0860935026392196	1.207481377421011	5.286484e-07
All	Type 2 Diabetes	2782|54634	964|8982	1.1304457229050855	1.0775128880591391	1.1859788839613985	5.408836e-07
Digestive	Hypertension	534|54634	293|9327	1.2971025898385051	1.1709988048597653	1.436786375514059	6.191477e-07
Solid	Visual impairment	2312|54634	107|712	1.3396039358337544	1.1937899234722968	1.5032282226688853	6.60432e-07
All	Fibromyalgia	2782|54634	82|585	1.38169499123537	1.215903288624573	1.570092840989399	7.139706e-07
Bladder	Gastro-oesophageal reflux disease	163|54634	56|6440	1.5420149958052816	1.296882360516749	1.8334818328016371	9.433907e-07
Haematopoietic	Rheumatoid Arthritis	515|54634	31|819	1.7191414341352436	1.382962254735022	2.137041166844319	1.058426e-06
Secondary	Eating disorders	479|54634	21|464	1.967620608870259	1.499194434227302	2.5824074396636814	1.06642e-06
Urinary	Gastro-oesophageal reflux disease	212|54634	68|6440	1.476155392340087	1.2622098677061198	1.7263648447740232	1.08834e-06
Haematopoietic	Gastritis and duodenitis	515|54634	125|6346	1.3199567883975754	1.1797805374873815	1.476788154979609	1.258048e-06
Kidney	Obesity	182|54634	47|5337	1.5703350433490706	1.3078040853838997	1.8855669407442317	1.330946e-06
Urinary	Nephritides	212|54634	14|332	2.370597421586871	1.6696329969967485	3.365848749601146	1.391707e-06
Gynaecological	Endometriosis	361|30319	28|735	1.717314957734953	1.3757482982564537	2.1436847625381885	1.758318e-06
Digestive	Diverticular disease	534|54634	35|409	1.6404916770772118	1.3387891151249287	2.0101843614918193	1.807413e-06
Haematopoietic	Fibromyalgia	515|54634	21|585	1.9314943926237493	1.473634325673522	2.531612167103864	1.853404e-06
All	Diverticular disease	2782|54634	95|409	1.3476765019866594	1.1898542968437569	1.5264322352953545	2.659757e-06
Digestive	Liver failure and transplant	534|54634	10|84	2.7608814646750774	1.8045943686132526	4.22392233654365	2.853168e-06
Solid	Obstructive and reflux uropathy	2312|54634	52|459	1.4677769834195737	1.2493990503597416	1.7243244041493002	3.023356e-06
All	Thyroid disease	2782|54634	279|2967	1.176483612427651	1.0983646546370687	1.2601586226098713	3.544495e-06
All	Fatty liver disease	2782|54634	219|2125	1.197652031912236	1.1088736828140617	1.2935381295220307	4.432965e-06
Secondary	Thyroid disease	479|54634	74|2967	1.373693365939267	1.1988791468366973	1.57399807028472	4.833633e-06
Kidney	Nephritides	182|54634	12|332	2.3405384272108813	1.6235921645535485	3.374074012458139	5.183965e-06
Urinary	Obesity	212|54634	51|5337	1.5010487042605192	1.2593101512208589	1.7891916541590909	5.801563e-06
Uterine	Menorrhagia and polymenorrhoea	102|30319	34|3718	1.670319624446992	1.337048857386484	2.0866609566282133	6.239281e-06
All	Obstructive and reflux uropathy	2782|54634	58|459	1.4183213153392484	1.2187219552643347	1.6506105800886652	6.297575e-06
All	Non-spinal osteoarthritis	2782|54634	582|4019	1.138694009503601	1.0759151007737604	1.2051360245310248	7.159213e-06
All	Menorrhagia and polymenorrhoea	1573|30319	287|3718	1.170209742690444	1.0925825349510094	1.2533523080240685	7.175945e-06
Secondary	Anxiety and phobia	479|54634	92|5138	1.3201495161574655	1.1692945473748892	1.4904668365412554	7.248917e-06
Kidney	Non-acute cystitis	182|54634	6|103	3.6308253805776567	2.0651147626460196	6.383612757363528	7.501615e-06
Solid	Intervertebral disc disorders	2312|54634	177|1731	1.2141399912091633	1.1147104666212762	1.3224383931026873	8.541923e-06
Secondary	Liver failure and transplant	479|54634	9|84	2.7913629804407343	1.77469553741885	4.390447332677346	8.892747e-06
Digestive	Diabetic eye	534|54634	134|3243	1.277462897983996	1.1462433694345664	1.423704161997185	9.501656e-06
Digestive	Thrombocytopenia	534|54634	16|247	2.0273631341621874	1.4820468217525065	2.773327547708414	9.817326e-06
Digestive	Obesity	534|54634	109|5337	1.2933710151915148	1.153928897227422	1.449663481828763	9.876842e-06
Digestive	Enthesopathies	534|54634	181|7084	1.2415865033265892	1.1278842493657508	1.3667511059841535	1.006304e-05
Bladder	Psychoactive substance misuse	163|54634	34|2298	1.6076652962620803	1.3003922113456485	1.9875447440052765	1.148911e-05
All	Female genital prolapse	1573|30319	119|884	1.2642183170556243	1.1383790538677763	1.4039681666214083	1.171697e-05
All	Liver failure and transplant	2782|54634	20|84	1.8776744191093093	1.4148447390189254	2.491906798637304	1.281395e-05
Secondary	Chronic ulcer of skin	479|54634	25|506	1.6935992533960498	1.33628316165053	2.146460056834706	1.313862e-05
Digestive	Fibromyalgia	534|54634	23|585	1.7201646276584408	1.3466445770638404	2.1972882798064592	1.406454e-05
All	Eating disorders	2782|54634	57|464	1.4086967694543586	1.2063922473709068	1.6449265092641399	1.476307e-05
Digestive	Urinary Incontinence	534|54634	60|1844	1.394791581264565	1.199503018788313	1.6218746636683836	1.534202e-05
Digestive	Anxiety and phobia	534|54634	94|5138	1.2974243111725814	1.1525856156182124	1.4604640387766512	1.622749e-05
All	Coronary heart disease	2782|54634	453|2984	1.144936297400025	1.0761137373390117	1.218160385486379	1.875185e-05
Endocrine	Hypopituitarism	164|54634	4|65	4.783822915631941	2.3325514701208125	9.81112827788532	1.944733e-05
All	Intervertebral disc disorders	2782|54634	200|1731	1.19069241589028	1.0984761750648517	1.2906501401133537	2.198725e-05
Haematopoietic	Gastrointestinal polyp	515|54634	40|1066	1.5069217591270887	1.246562306636246	1.8216603983946034	2.261868e-05
Solid	Chronic viral hepatitis	2312|54634	57|616	1.3795219139796113	1.1886569306078916	1.60103446347359	2.288384e-05
Secondary	Gastrointestinal polyp	479|54634	48|1066	1.4356863104482416	1.2140180976732038	1.6978290405711303	2.373244e-05
Solid	Thyroid disease	2312|54634	239|2967	1.1717390350249242	1.0886395832846851	1.261181742132282	2.411571e-05
Solid	Type 2 Diabetes	2312|54634	821|8982	1.117463070022732	1.0611960021684583	1.1767135480278614	2.516284e-05
Solid	Ulcerative colitis	2312|54634	34|293	1.5369086056941108	1.258094406028114	1.8775125705501554	2.575227e-05
All	Visual impairment	2782|54634	115|712	1.2665478866882067	1.1345402196026657	1.4139151010760638	2.579156e-05
All	Unspecified or rare diabetes	2782|54634	813|7919	1.1094828435008766	1.056752311680391	1.1648445585753167	2.89092e-05
Solid	Hearing loss	2312|54634	217|2216	1.1844730593078943	1.0940268820985024	1.2823966679274732	2.948208e-05
Urinary	Hyperplasia of prostate	145|24315	33|776	1.647898764018533	1.3034804549573182	2.08332263527705	2.972326e-05
All	Enthesopathies	2782|54634	655|7084	1.1112627707295393	1.0575675680137588	1.1676842056803942	2.978472e-05
Secondary	Gastro-oesophageal reflux disease	479|54634	137|6440	1.249625616933507	1.1241463998874273	1.3891110469711279	3.666956e-05
All	Ulcerative colitis	2782|54634	38|293	1.481590243829795	1.2275737888550242	1.7881692086787235	4.189324e-05
Gynaecological	Obstructive and reflux uropathy	361|30319	12|219	2.06936748959085	1.4609003445440563	2.9312620966709595	4.244949e-05
Ovarian	Obstructive and reflux uropathy	117|30319	7|219	2.8061122936520513	1.7113527848336025	4.601194022862331	4.322681e-05
Secondary	Visual impairment	479|54634	34|712	1.5121023994982228	1.2391476943225717	1.8451825210539263	4.67946e-05
Solid	Female genital prolapse	1350|30319	105|884	1.2579834469948676	1.1263488418516336	1.4050019799474738	4.703475e-05
Secondary	Heart failure	479|54634	42|662	1.4592928951356978	1.2160950565576898	1.7511260672512277	4.836288e-05
Kidney	End stage renal disease	182|54634	7|130	2.761268015138033	1.6916090896404632	4.507306740143419	4.85147e-05
Respiratory	Peripheral arterial disease	149|54634	14|323	1.9840634714316971	1.4255164940276475	2.76146075837215	4.869028e-05
Secondary	Vitamin B12 deficiency	479|54634	60|1908	1.358490286916949	1.1703277713161002	1.5769051242561984	5.632123e-05
Non-Melanoma Skin	Eating disorders	129|54634	8|464	2.5080586307764587	1.6020129303610224	3.926533910056968	5.804472e-05
Bladder	Non-acute cystitis	163|54634	5|103	3.4572725573761343	1.8848573845988217	6.3414524799870575	6.124431e-05
Gynaecological	Menorrhagia and polymenorrhoea	361|30319	78|3718	1.3070164230259753	1.1460997678912594	1.4905263729376272	6.487796e-05
Solid	Diverticular disease	2312|54634	78|409	1.311299984847612	1.1471333050349188	1.4989606201077088	7.142746e-05
Bladder	Gastrointestinal polyp	163|54634	21|1066	1.6896222783173156	1.303731216575113	2.189733134476741	7.338603e-05
Lymphoma	Other anaemias	193|54634	37|5077	1.4855796012827214	1.2210928054748085	1.8073538242567753	7.594388e-05
All	Chronic viral hepatitis	2782|54634	63|616	1.3257813715468836	1.1525151855683549	1.5250959528780004	7.931014e-05
All	Folate deficiency	2782|54634	136|1450	1.2117929018674476	1.1012373155801387	1.33344740161002	8.294668e-05
Prostate	Subdural haematoma	196|24315	6|31	0.14386354972353918	0.05474184451560776	0.37807861832562606	8.388917e-05
Haematopoietic	Peptic ulcer	515|54634	41|1199	1.4452986812038675	1.2025136809229944	1.7371014658945942	8.656583e-05
Bladder	Other anaemias	163|54634	37|5077	1.488922940731981	1.220475332905776	1.8164164925479247	8.701012e-05
Solid	Hyperparathyroidism	2312|54634	19|74	1.7703583788195278	1.3302266217343333	2.3561164227567595	8.977221e-05
Digestive	Non-spinal osteoarthritis	534|54634	157|4019	1.2385755880268443	1.1128032698261716	1.3785630657750285	8.988404e-05
All	Nephritides	2782|54634	55|332	1.3679687836900762	1.168977360792492	1.6008339048429976	9.357134e-05
Haematopoietic	Menorrhagia and polymenorrhoea	236|30319	51|3718	1.3899739417160453	1.1779150254087254	1.6402096220644142	9.668407e-05
Digestive	Intervertebral disc disorders	534|54634	58|1731	1.3387910429826426	1.1556429410333546	1.5509647427672215	0.0001013565
Haematopoietic	Non-rheumatic valvular heart disease	515|54634	24|456	1.6291949547140894	1.2728485225537367	2.085304066771847	0.0001062855
Male genital	Subdural haematoma	222|24315	6|31	3.052894020752362	1.73615809388876	5.36826797902351	0.0001062966
All	End stage renal disease	2782|54634	28|130	1.5695641981007808	1.249586579239006	1.971477457336354	0.0001063881
Digestive	Pancreatitis	534|54634	16|255	1.7997828162796756	1.3352896037848707	2.4258544188422158	0.0001140932
Kidney	Obstructive and reflux uropathy	182|54634	10|459	2.127971120087813	1.4497330557480654	3.1235137185936552	0.0001149669
Solid	Anxiety and phobia	2312|54634	326|5138	1.1327224693384328	1.0631481549360609	1.2068498511586296	0.0001165036
Lymphoma	Gastrointestinal polyp	193|54634	18|1066	1.728264973893793	1.3073859426538799	2.284635104707464	0.0001218715
Lung	Peripheral arterial disease	130|54634	13|323	7.033929174436867e-05	5.318044448760938e-07	0.009303449812744922	0.0001246635
Solid	Eating disorders	2312|54634	46|464	1.3906398987180961	1.1747178510557363	1.6462500558484499	0.0001279046
All	Vitamin B12 deficiency	2782|54634	222|1908	1.1641905049917491	1.0768582694768416	1.2586053061294629	0.0001328079
All	Anxiety and phobia	2782|54634	375|5138	1.1218173453023783	1.0575262348506684	1.1900169610439804	0.0001347766
All	Hearing loss	2782|54634	248|2216	1.1564257519732457	1.07313797987993	1.2461776070738968	0.0001384583
Secondary	Respiratory failure	479|54634	14|169	1.8773139402279204	1.3576616433117834	2.5958659490277225	0.0001394037
Solid	Nephritides	2312|54634	48|332	1.3819520104057816	1.1693758114924864	1.6331715948759833	0.0001469766
Secondary	COPD	479|54634	40|662	1.4348050696222452	1.190773166625221	1.7288478154476514	0.0001472306
Secondary	Dermatitis	479|54634	150|11312	1.2156306553137852	1.0988190102406523	1.3448601419946127	0.0001517179
Urinary	Gastrointestinal polyp	212|54634	24|1066	1.600677536621298	1.254710464011375	2.042039697391731	0.0001529446
Solid	Fatty liver disease	2312|54634	183|2125	1.1742515900236834	1.080525421260572	1.2761076875586355	0.0001538071
Digestive	Coronary heart disease	534|54634	138|2984	1.2396040325103261	1.109090644083827	1.3854757188806663	0.0001542355
All	Hyperparathyroidism	2782|54634	20|74	1.6991514850229363	1.289167111690977	2.239520185454214	0.0001679742
Uterine	Hypertension	102|30319	59|4567	1.5496994362019598	1.233208216802153	1.947415132208743	0.0001709342
Secondary	Coronary heart disease	479|54634	116|2984	1.2571697949494822	1.115532654631652	1.4167903438516514	0.0001748996
Solid	Coronary heart disease	2312|54634	380|2984	1.1357099931642733	1.0626287511202788	1.2138173253955153	0.0001767808
Haematopoietic	Liver fibrosis, sclerosis and cirrhosis	515|54634	9|131	2.252138028685023	1.471510640909093	3.4468834673976425	0.0001847471
Bladder	Peripheral arterial disease	163|54634	12|323	1.9331600585890834	1.3673532268352189	2.733096129647347	0.0001907725
Skin	Eating disorders	159|54634	8|464	2.289240263827395	1.4803735284198665	3.540066668932063	0.0001962218
Colorectal	Fibromyalgia	241|54634	13|585	1.886871185725731	1.3503365801429201	2.636589220700223	0.0001995519
Secondary	Fatty liver disease	479|54634	55|2125	1.3322137070803899	1.1449824072030546	1.5500616866841759	0.0002055313
Solid	Irritable bowel syndrome	2312|54634	126|1690	1.2032942452772606	1.090910241830102	1.3272558870547944	0.0002161561
Secondary	Urinary Incontinence	479|54634	58|1844	1.328602981050918	1.1427706905562998	1.5446544926682488	0.0002189907
Respiratory	Cholelithiasis	149|54634	20|1625	1.6399028462665957	1.2604314462366777	2.1336196849283473	0.0002298627
Endocrine	Gastrointestinal polyp	164|54634	12|1066	1.898213157012199	1.3467093252916404	2.6755686039924873	0.0002525145
Solid	Asthma	2312|54634	421|6057	1.11406668435912	1.0514017606725385	1.1804665196727593	0.0002551984
Skin	Non-malignant CNS tumour	159|54634	4|89	3.4979602048921237	1.7877229587938928	6.8443074665573	0.0002558243
Digestive	Female genital prolapse	232|30319	32|884	1.4613081095090883	1.1922249651634287	1.791122861300178	0.0002588755
Respiratory	Cardiovascular disease	149|54634	67|4464	1.4091123963032937	1.1719654040611738	1.6942460404846276	0.0002645394
Bladder	Gastritis and duodenitis	163|54634	52|6346	1.3814421641863546	1.1605702045605326	1.6443489980121595	0.0002776472
Digestive	Vitamin B12 deficiency	534|54634	59|1908	1.3100207804157082	1.1311981899002626	1.5171120856127738	0.0003105597
Bladder	Obesity	163|54634	38|5337	1.4260779729709434	1.174928257164873	1.73091282177541	0.0003293682
Lymphoma	Rheumatoid Arthritis	193|54634	12|819	1.8539824479987317	1.3229721575822557	2.5981279332204386	0.0003362957
Secondary	Hyperplasia of prostate	198|24315	51|776	1.3951710161754776	1.1623952977830876	1.674561285724805	0.0003491072
Kidney	Gastritis and duodenitis	182|54634	56|6346	1.3543640386696754	1.1464264620469191	1.6000171052982572	0.0003612947
Haematopoietic	Type 2 Diabetes	515|54634	174|8982	1.2234380876941442	1.0946567896191985	1.3673699086463451	0.0003797754
All	Psoriasis	2782|54634	107|1162	1.213836494150074	1.0906438784364494	1.3509442116365362	0.0003864893
Ovarian	Menorrhagia and polymenorrhoea	117|30319	30|3718	1.487376753180089	1.1937411509875144	1.8532406326701907	0.0004027377
Lung	Cardiovascular disease	130|54634	63|4464	1.4174393937871437	1.168006297398727	1.720140070763504	0.0004114717
All	Oesophagitis and oesophageal ulcer	2782|54634	221|2028	1.1483165496485106	1.063377645346485	1.240040077922651	0.0004198254
Secondary	Bone and joint infections	479|54634	9|173	2.0637423305987714	1.3786300379955059	3.089322218234688	0.0004316068
Digestive	Dermatitis	534|54634	165|11312	1.188534457707674	1.079531065247924	1.3085442398399674	0.000432735
Bladder	Hyperplasia of prostate	113|24315	26|776	1.564576217840116	1.2186460897465903	2.0087035621144995	0.000446319
Solid	Non-spinal osteoarthritis	2312|54634	492|4019	1.1150920973263696	1.0492087115326636	1.1851125251365313	0.0004549069
All	Chronic ulcer of skin	2782|54634	72|506	1.2699163091601282	1.110966538675433	1.4516075652410145	0.0004610795
All	Spinal stenosis	2782|54634	60|306	1.3081657955370294	1.1254079903491871	1.520602095673814	0.0004672971
Lymphoma	Peptic ulcer	193|54634	18|1199	1.629382322907346	1.2390462866249279	2.1426856953299604	0.0004757928
Secondary	Endometriosis	281|30319	20|735	1.5681255674440893	1.2183048678757338	2.0183928178498136	0.0004771945
Colorectal	Venous thromboembolism	241|54634	10|391	1.9498140323457203	1.339446943452408	2.8383167988223925	0.0004910686
Haematopoietic	Constipation	515|54634	117|7662	1.222776386694961	1.091413446381859	1.369950220803544	0.0005232463
Haematopoietic	Unspecified or rare diabetes	515|54634	150|7919	1.2194000798809717	1.0900434959650733	1.3641075427886993	0.0005264877
Urinary	Gastritis and duodenitis	212|54634	63|6346	1.3231218735823793	1.1290370756506216	1.5505704197918486	0.0005410435
Solid	Enthesopathies	2312|54634	557|7084	1.0985741371441076	1.0413270277569757	1.15896841494791	0.0005750756
All	Asthma	2782|54634	489|6057	1.0992774496278683	1.0415961289297835	1.1601530359967498	0.0005774184
Bladder	Thrombocytopenia	163|54634	6|247	2.4297102219129565	1.4655594401725127	4.0281489789137455	0.0005774969
Secondary	Cardiac conduction defects	479|54634	25|366	1.4996713738413963	1.1905913542071378	1.8889892166376838	0.0005785121
Colorectal	Peripheral arterial disease	241|54634	13|323	1.7954936534860937	1.286406458461297	2.506048876313094	0.0005807102
Solid	Unspecified or rare diabetes	2312|54634	691|7919	1.0964847709534364	1.0404247341473156	1.1555654277271121	0.0005816267
Haematopoietic	Supraventricular tachycardia	515|54634	10|180	1.9521005540316099	1.3323014762104957	2.860235945913228	0.0005989479
Kidney	Gastrointestinal polyp	182|54634	20|1066	1.5644839105663548	1.2112638032137353	2.0207075452324874	0.0006079327
Haematopoietic	Liver failure and transplant	515|54634	6|84	2.4965056147383513	1.4795132077653546	4.212561436902409	0.0006091912
Solid	Glaucoma	2312|54634	77|449	1.2589197349353567	1.1034231960772911	1.4363291479135207	0.0006189659
Solid	Fibromyalgia	2312|54634	62|585	1.2768268798424616	1.109670548370927	1.4691629722728154	0.0006410674
Secondary	Hearing loss	479|54634	63|2216	1.2882052879035455	1.1138644372283202	1.489833778975832	0.0006413905
Urinary	Other anaemias	212|54634	42|5077	1.3774583146638504	1.1455141642965474	1.656366606170907	0.0006638111
Respiratory	Urinary Incontinence	149|54634	20|1844	1.574946022087764	1.2123195645336113	2.0460405367163412	0.0006687834
Solid	Psoriasis	2312|54634	91|1162	1.2200453131723874	1.0871781780984686	1.3691505184526342	0.0007226163
Solid	Menorrhagia and polymenorrhoea	1350|30319	242|3718	1.136137100412834	1.0550989900947323	1.2233994374486004	0.0007232596
Haematopoietic	Thyroid disease	515|54634	52|2967	1.3072020325360083	1.1188816727565907	1.5272188252546444	0.0007372833
Secondary	Epilepsy	479|54634	13|418	1.7377549126288732	1.260515192083972	2.3956808734476662	0.0007426595
Haematopoietic	Polymyalgia rheumatica	515|54634	8|71	2.219766477420125	1.3953846611177136	3.5311863112579256	0.00076086
Colorectal	Cholelithiasis	241|54634	26|1625	1.4665914986173274	1.1705874537227792	1.83744547831622	0.0008703319
Solid	Spondylosis	2312|54634	191|1570	1.1529524497767019	1.0602569707716551	1.2537520507680644	0.0008738409
Respiratory	Non-rheumatic valvular heart disease	149|54634	14|456	1.6987607251204926	1.2428393494894485	2.3219316337202938	0.0008889091
Lung	Urinary Incontinence	130|54634	18|1844	1.5966584873559233	1.2112239775146239	2.1047455900574144	0.0009018891
All	Aortic aneurysm	2782|54634	16|41	1.7001270779437219	1.2423357039200196	2.326611134202371	0.0009140244
Secondary	Pancreatitis	479|54634	13|255	1.7226865156698838	1.2487721642846394	2.376453380485836	0.0009215308
Breast	Peripheral arterial disease	428|30319	10|100	1.8663469171191926	1.2876587410820772	2.7051040030320324	0.0009837879
All	Hyperprolactinaemia and prolactinoma	2782|54634	19|192	1.5395081772569847	1.1909321502182948	1.9901095351290106	0.0009876244
Respiratory	Iron deficiency	149|54634	34|5670	1.4104559205045692	1.1488481135420852	1.7316352616472446	0.001017356
Solid	Aortic aneurysm	2312|54634	14|41	1.7458909527546413	1.2521017257796783	2.434414996922434	0.001017944
Solid	Folate deficiency	2312|54634	112|1450	1.1900627061751785	1.0724474017928314	1.3205768807509046	0.001047789
Bladder	Obstructive and reflux uropathy	163|54634	8|459	2.0021928401391023	1.3208948716848137	3.0348941880522666	0.001069887
Secondary	End stage renal disease	479|54634	9|130	1.9429277792641713	1.3047126174369137	2.893333217587998	0.00107864
Lung	Intervertebral disc disorders	130|54634	20|1731	1.531967719080314	1.186230746201306	1.9784726536719368	0.00108044
Respiratory	Respiratory failure	149|54634	7|169	2.165410606383277	1.3620669470406754	3.442564335346993	0.001089332
Colorectal	Liver fibrosis, sclerosis and cirrhosis	241|54634	6|131	2.405926335296438	1.4205329526978658	4.074866070427658	0.001091621
Digestive	Crohns disease	534|54634	9|253	1.916826588234141	1.2966223876016683	2.8336886702669566	0.001104538
Haematopoietic	Non-spinal osteoarthritis	515|54634	106|4019	1.2453816137273532	1.0914357332719826	1.4210414012747445	0.001115466
Prostate	Hyperprolactinaemia and prolactinoma	196|24315	2|19	5.795200065445443	2.014581819271063	16.67062785798926	0.001117084
Lung	Cholelithiasis	130|54634	17|1625	1.589392710195564	1.2019204829824524	2.101777299738124	0.001153769
Solid	Vitamin B12 deficiency	2312|54634	185|1908	1.150174879564116	1.0570842812592365	1.2514633667662152	0.001157278
All	Irritable bowel syndrome	2782|54634	139|1690	1.1663369201434062	1.0626792186833203	1.2801057810983596	0.001194428
Solid	Liver failure and transplant	2312|54634	14|84	1.690222200706042	1.2293498347531606	2.323871535178754	0.001232837
Haematopoietic	Enthesopathies	515|54634	119|7084	1.2048884619965905	1.076030419230176	1.349177662552643	0.001238734
Haematopoietic	Vitamin B12 deficiency	515|54634	46|1908	1.3202392893768191	1.1152132385908762	1.5629582943407399	0.001253507
Kidney	Irritable bowel syndrome	182|54634	16|1690	1.5818420145845602	1.1968789336715497	2.090624280125901	0.001268101
Thyroid	Endometriosis	87|30319	8|735	1.9818940928603952	1.3065093467624838	3.0064110946073463	0.001292772
Respiratory	Hearing loss	149|54634	29|2216	1.4339745579432668	1.1512470198926363	1.7861353795472612	0.001295086
Colorectal	Anxiety and phobia	241|54634	44|5138	1.3257429244445944	1.116293006359375	1.5744919046362567	0.001309283
Respiratory	Other anaemias	149|54634	37|5077	1.3850510525404687	1.1353556615037073	1.6896612076630724	0.001319826
All	Thalassaemia	2782|54634	29|263	1.4008833472925757	1.1400607152734596	1.7213768761876196	0.001340981
Secondary	Nephritides	479|54634	16|332	1.5881677606947158	1.1955735160464365	2.10967941515702	0.001408158
Digestive	Aortic aneurysm	534|54634	7|41	2.133792685825763	1.3385692504564415	3.401446151949899	0.00144408
Solid	End stage renal disease	2312|54634	22|130	1.4938235888704354	1.1668873277332705	1.9123602267586117	0.00144896
Male genital	Hyperprolactinaemia and prolactinoma	222|24315	2|19	5.225183934466604	1.8833262962898616	14.496981857468729	0.001493827
Secondary	Intracerebral haemorrhage	479|54634	6|45	2.318063178142055	1.3790390003108888	3.8964937878092414	0.001509228
Lung	Intracerebral haemorrhage	130|54634	4|45	0.002486000710731634	6.085795595965932e-05	0.10155121768885629	0.001532984
Lung	Non-rheumatic valvular heart disease	130|54634	13|456	1.6822345518240192	1.218949180340911	2.3216005498761643	0.001552681
All	Migraine	2782|54634	245|4017	1.120840667799418	1.0443279494935465	1.2029590926895024	0.001565104
Lymphoma	Neuromuscular bladder dysfunction	193|54634	8|477	1.9363659601620955	1.2854039668083013	2.9169920340176274	0.001572236
Lymphoma	Depression	193|54634	44|7686	1.3266261633181722	1.11333555296539	1.5807785644792072	0.001574837
Bladder	Type 2 Diabetes	163|54634	81|8982	1.315285825755663	1.1093835270421974	1.559403724017937	0.001604672
Lung	Vitamin B12 deficiency	130|54634	21|1908	1.4987808335619819	1.1655645477674494	1.927258332758534	0.001609301
Digestive	Eating disorders	534|54634	15|464	1.5963487656533528	1.1935235279399863	2.135131249571077	0.001619669
Lymphoma	Hypertension	193|54634	74|9327	1.3495753669887156	1.1196699428586223	1.6266880099796548	0.001653553
Digestive	Oesophagitis and oesophageal ulcer	534|54634	63|2028	1.2524679940528956	1.0884538946282172	1.441196621987095	0.001668903
Lymphoma	Gastritis and duodenitis	193|54634	45|6346	1.3326947230468038	1.1141486336620492	1.5941097724089908	0.001673332
Breast	Personality disorder	428|30319	17|470	1.530038655319657	1.1729350062561776	1.9958636022336338	0.001711032
Digestive	End stage renal disease	534|54634	10|130	1.8126883144911583	1.2499295628418696	2.6288192736413363	0.001711083
All	Bone and joint infections	2782|54634	24|173	1.4475782677678253	1.1487233554114435	1.824184066113245	0.001717355
Endocrine	Cerebrovascular disease	164|54634	8|692	1.9392920814275083	1.2809257772767622	2.936043480273292	0.001747845
Lung	Congenital cardiac disease	130|54634	5|245	2.405356198318873	1.3877296687952498	4.169211461634226	0.001762225
Lymphoma	Non-rheumatic valvular heart disease	193|54634	10|456	1.787980910070545	1.2420170608361591	2.5739386644370823	0.001772469
Bladder	Cholelithiasis	163|54634	17|1625	1.5408789494378816	1.1740552246083016	2.0223136757582476	0.001828513
All	Epilepsy	2782|54634	40|418	1.3173919675409902	1.10765954582804	1.566836671681566	0.001834888
Digestive	Urinary calculus	534|54634	40|1373	1.314207733456795	1.1064357844662684	1.5609961200873481	0.001858426
Lymphoma	Supraventricular tachycardia	193|54634	5|180	2.3668714031245184	1.375271216456995	4.073436695171178	0.001868503
Respiratory	Vitamin B12 deficiency	149|54634	22|1908	1.4710449520648368	1.1530647528143791	1.8767144219035847	0.001895307
Respiratory	Intracerebral haemorrhage	149|54634	4|45	0.018367178212848605	0.0014700859654550214	0.22947857705594976	0.001919187
Haematopoietic	Fatty liver disease	515|54634	41|2125	1.3193932871650047	1.1072707635446892	1.5721526328784152	0.001938644
Male genital	Hypertension	222|24315	142|4760	1.2802367221345456	1.0945530823692202	1.4974203545743874	0.002001175
Solid	Personality disorder	2312|54634	59|749	1.2511786161626264	1.085114097011938	1.4426574439069355	0.002040246
Lung	Iron deficiency	130|54634	30|5670	1.4076842805105143	1.1323619132094642	1.749948501870756	0.002073815
Bladder	Heart failure	163|54634	17|662	1.545162372041361	1.1707079836117866	2.0393870968630914	0.002118364
Colorectal	End stage renal disease	241|54634	6|130	2.2229118931809495	1.335003348381495	3.70136695974283	0.0021358
Endocrine	Osteoporosis	164|54634	6|323	2.1527842406347752	1.319341092998972	3.512723139844669	0.002145136
Non-Melanoma Skin	Non-malignant CNS tumour	129|54634	3|89	3.2098364959386725	1.5238942727165488	6.7610007564981975	0.00215224
Urinary	Non-acute cystitis	212|54634	4|103	2.7498874951855763	1.441069058672684	5.247410726549757	0.00215275
Kidney	Sleep apnoea	182|54634	11|621	1.6969423263102663	1.2095943312916713	2.3806438111761725	0.002201103
Lymphoma	Menorrhagia and polymenorrhoea	72|30319	18|3718	1.5463742543368268	1.1688416784512445	2.0458487907825953	0.002269553
Endocrine	Visual impairment	164|54634	8|712	1.8851341773788046	1.2545139917368915	2.832755067005251	0.002278595
Solid	Oesophagitis and oesophageal ulcer	2312|54634	186|2028	1.1377663519576533	1.0472384459168034	1.2361198891182297	0.002279756
Haematopoietic	Oesophagitis and oesophageal ulcer	515|54634	46|2028	1.295602709989872	1.096493626200204	1.5308674323535145	0.002349692
Colorectal	Diverticular disease	241|54634	14|409	1.6108935096618848	1.1847938580465436	2.190235779707126	0.002351625
Gynaecological	Atrial fibrillation and flutter	361|30319	9|122	1.8118582933324758	1.2349614067542976	2.6582453971137006	0.002372765
Colorectal	Constipation	241|54634	67|7662	1.2627930827772391	1.0863591849117717	1.4678813343300925	0.00237534
Solid	Chronic ulcer of skin	2312|54634	59|506	1.251801858287884	1.0828806426292494	1.4470735099745458	0.002392487
Digestive	Alllergic and chronic rhinitis	534|54634	149|11166	1.1642859725272738	1.0552183918520754	1.2846267998082883	0.002437319
Endocrine	Hypertension	164|54634	46|9327	1.3881445509530443	1.1227712505063974	1.7162403236380779	0.002447375
Haematopoietic	Diverticular disease	515|54634	20|409	1.4796210386172448	1.1479432696555725	1.9071311934915065	0.002482714
Gynaecological	Obesity	361|30319	81|3940	1.2209619113421124	1.0726831902562988	1.3897374383129804	0.00251009
Lung	Venous thromboembolism	130|54634	7|391	1.995514675945444	1.2741628312358626	3.1252511251260318	0.002539694
Endocrine	Hyperprolactinaemia and prolactinoma	164|54634	4|192	2.560060778983323	1.3900859225273166	4.714752581749067	0.002551763
Uterine	Hyperprolactinaemia and prolactinoma	102|30319	3|173	3.1044606605753367	1.4843113985050762	6.49302835157531	0.002620413
All	Type 1 Diabetes	2782|54634	64|422	1.2422782596451922	1.0784156960365296	1.4310393293226067	0.002646779
Respiratory	Congenital cardiac disease	149|54634	5|245	2.2773101779398326	1.328139910769563	3.9048157535928203	0.002775995
Digestive	Spinal stenosis	534|54634	19|306	1.4727626636136408	1.142732038134156	1.8981089100082649	0.002783422
Haematopoietic	Gastro-oesophageal reflux disease	515|54634	104|6440	1.197163489552634	1.063961348859745	1.3470418096050303	0.002788018
Respiratory	Anxiety and phobia	149|54634	28|5138	1.3862038945319488	1.1189360069698437	1.7173111109537562	0.002804966
Urinary	Irritable bowel syndrome	212|54634	17|1690	1.5016687654091925	1.150052139450498	1.9607885622325136	0.002815581
Digestive	Non-rheumatic valvular heart disease	534|54634	28|456	1.3809849824977523	1.1172584589201138	1.7069636006404858	0.002831228
Kidney	Other anaemias	182|54634	35|5077	1.346908545268984	1.1073502241456934	1.6382916531382057	0.002877548
Lung	Anxiety and phobia	130|54634	25|5138	1.411755548794315	1.124387901464601	1.7725677472653636	0.00298157
Lymphoma	Oesophagitis and oesophageal ulcer	193|54634	20|2028	1.4523007165190733	1.1345121332726433	1.8591051689483704	0.003059821
Solid	Hypopituitarism	2312|54634	10|65	1.7400902853282854	1.205449492248689	2.5118548894533053	0.003099641
Gynaecological	Eating disorders	361|30319	10|301	1.6976874475336583	1.1949678484992747	2.4118997621006684	0.003134649
Secondary	Seborrheic dermatitis	479|54634	39|2622	1.2998163691628233	1.092042028260356	1.5471223174762485	0.003169204
Gynaecological	Female genital prolapse	361|30319	28|884	1.3613501981329568	1.108520097204897	1.6718455232608065	0.003251758
Non-Melanoma Skin	Aplastic anaemias	129|54634	2|45	4.1824198896689575	1.6124073005430948	10.848770113858071	0.003257314
Haematopoietic	Eating disorders	515|54634	13|464	1.597156722524623	1.169143465571959	2.1818619112391477	0.003262481
Digestive	Visual impairment	534|54634	32|712	1.3421730774265024	1.1031680876469336	1.632959283304677	0.003267998
Kidney	Type 2 Diabetes	182|54634	86|8982	1.2755621711711882	1.0841822020879102	1.5007245547746288	0.003340609
Colorectal	Peptic ulcer	241|54634	26|1199	1.3963755684519847	1.1169006806785569	1.7457816634017913	0.003386139
Respiratory	Intervertebral disc disorders	149|54634	20|1731	1.4505851111946373	1.1308777261315341	1.860676106883385	0.003408628
Bladder	Cardiovascular disease	163|54634	57|4464	1.3127287683625328	1.0941381371606458	1.5749901778934123	0.003410072
Haematopoietic	Adrenal insufficiency	515|54634	3|31	3.149299351495257	1.460134799670988	6.7925827174061535	0.003442192
Haematopoietic	Thrombophilia	515|54634	4|104	2.5038886915664467	1.3535494441603422	4.6318652095073745	0.003448815
Secondary	Rheumatic valve disorder	479|54634	6|79	2.0694544048506205	1.2704092339223214	3.3710724224927158	0.00348473
Digestive	Hyperplasia of prostate	302|24315	56|776	1.2871352339782818	1.0864414341063646	1.5249023633851306	0.003515708
Haematopoietic	Spinal stenosis	515|54634	15|306	1.5609459255031435	1.1573957984632184	2.105202200993041	0.003525054
Uterine	Atrial fibrillation and flutter	102|30319	6|122	2.052901174989097	1.266177197047598	3.3284466377206336	0.003531957
Digestive	Cardiac conduction defects	534|54634	26|366	1.387790619220765	1.1134593716702519	1.7297108918380213	0.003540785
Haematopoietic	Venous thromboembolism	515|54634	13|391	1.5808489296607051	1.1619628416588017	2.150742905721272	0.003548762
Kidney	Oesophagitis and oesophageal ulcer	182|54634	24|2028	1.39907177658021	1.1162445379692953	1.7535600573546974	0.003563618
Haematopoietic	Neuromuscular bladder dysfunction	515|54634	15|477	1.5439066655467466	1.1510659199571613	2.070817796437223	0.003742232
Respiratory	Venous thromboembolism	149|54634	7|391	1.918072930533859	1.2343208749447916	2.980589441146168	0.00377862
Lung	Hypertension	130|54634	88|9327	1.3645435812346067	1.1056068834524577	1.6841240887305247	0.00379002
All	Spondylosis	2782|54634	212|1570	1.1255288341434306	1.0389263082997808	1.219350348882235	0.003793681
Lung	Respiratory failure	130|54634	6|169	2.050878012013814	1.2605709080867766	3.3366632477228233	0.003821481
Solid	Spinal stenosis	2312|54634	48|306	1.2727793832998306	1.0805710895520315	1.4991770316793143	0.003880476
Secondary	Non-malignant CNS tumour	479|54634	6|89	2.0357147790506764	1.2560521149753838	3.299333373382012	0.003909763
Colorectal	Aortic aneurysm	241|54634	4|41	2.577036254340841	1.3546490810290783	4.90246215731535	0.003912681
Male genital	Urinary Incontinence	222|24315	15|258	1.5332765783157543	1.1461828493824036	2.0511012417245817	0.003988723
Skin	Asthma	159|54634	36|6057	1.329166428157229	1.0948009478953435	1.6137028353295968	0.004038208
Gynaecological	Hypertension	361|30319	112|4567	1.2226920180350314	1.0659743888649307	1.4024499899650078	0.004066879
All	Interstitial pulmonary diseases with fibrosis	2782|54634	19|66	1.4982338783831244	1.1367084028465013	1.9747410582290372	0.004111741
Haematopoietic	Depression	515|54634	106|7686	1.1823902201596128	1.0542735293888195	1.3260758178568417	0.004193347
Lung	Hearing loss	130|54634	26|2216	1.4004435389750454	1.1117662868024598	1.7640776925316373	0.004241806
Respiratory	Chronic fatigue	149|54634	13|1308	1.5733702899051853	1.1529171699715224	2.147156910862445	0.004276583
Solid	Seborrheic dermatitis	2312|54634	145|2622	1.141738384941598	1.0424448795920709	1.2504896567376877	0.004296841
Secondary	Diverticular disease	479|54634	23|409	1.3969621693683039	1.109857112987591	1.7583374290344507	0.004400014
Urinary	Peripheral arterial disease	212|54634	11|323	1.6601417661215292	1.1711150861301296	2.3533730512586586	0.004410276
Skin	Aplastic anaemias	159|54634	2|45	3.89451829882689	1.5263722476872716	9.936811156569856	0.004442498
Solid	Bone and joint infections	2312|54634	20|173	1.435323127756246	1.1184707606132982	1.8419368244748	0.004514293
Digestive	Aplastic anaemias	534|54634	4|45	2.4946264536034124	1.3266362457153267	4.690932546971374	0.004550075
Secondary	Fibromyalgia	479|54634	18|585	1.4479488952426665	1.1212239711663612	1.8698815376320401	0.00455438
Solid	Subdural haematoma	2312|54634	11|48	1.6980304150366117	1.177765877828217	2.4481158307168687	0.004560148
Secondary	Chronic fatigue	479|54634	29|1308	1.3363272597224785	1.093568716458231	1.6329751557460508	0.004590151
Lung	Depression	130|54634	37|7686	1.3301650070642212	1.0915404550056063	1.6209559049362694	0.004679262
Respiratory	Diverticular disease	149|54634	12|409	1.599208788901029	1.15499054754899	2.214276779948988	0.004685817
Lymphoma	Iron deficiency	193|54634	31|5670	1.3444163791013413	1.0948685605104025	1.6508423618935293	0.004725314
Cervical	Type 1 Diabetes	137|30319	4|217	2.3612425860795927	1.3005145579999882	4.287123520470344	0.004750329
Colorectal	Chronic kidney disease	241|54634	4|68	2.4903518357679943	1.3212414142780933	4.693958423413195	0.004781449
Colorectal	Portal hypertension	241|54634	4|68	2.4903518357679943	1.3212414142780933	4.693958423413195	0.004781449
Digestive	Asthma	534|54634	114|6057	1.170297511712443	1.0488687768248195	1.3057841897691302	0.004898042
Bladder	Urinary calculus	163|54634	16|1373	1.4775805698312379	1.1254837688711243	1.9398274775056323	0.00493536
Gynaecological	Non-rheumatic valvular heart disease	361|30319	11|220	1.6080608305736863	1.1544141663324672	2.2399756605902703	0.004967122
All	Neuromuscular bladder dysfunction	2782|54634	61|477	1.2283183023432318	1.0638015240796077	1.4182775806574734	0.005062715
Endocrine	Migraine	164|54634	24|4017	1.380406470996709	1.1017195207943513	1.729589055293934	0.005079256
Kidney	Venous thromboembolism	182|54634	7|391	1.8418693371459267	1.2010112136718367	2.8246885761762206	0.005117483
All	Glaucoma	2782|54634	83|449	1.1999225343477484	1.0560856310437454	1.363349756981859	0.005147943
Urinary	Cholelithiasis	212|54634	19|1625	1.4407445088300839	1.1154375171397046	1.8609242631956942	0.005162791
All	Seborrheic dermatitis	2782|54634	170|2622	1.1278971840164898	1.0366366768282538	1.2271918273282285	0.005176351
Haematopoietic	Folate deficiency	515|54634	27|1450	1.3515282645740567	1.0940509115688315	1.669601140703076	0.00521247
Colorectal	Gastro-oesophageal reflux disease	241|54634	66|6440	1.2394428944602998	1.0661199128291725	1.4409436219528515	0.005221103
Solid	Hyperprolactinaemia and prolactinoma	2312|54634	15|192	1.491408536607792	1.1261580004623821	1.975121983019554	0.005287287
Lymphoma	Urinary Incontinence	193|54634	15|1844	1.4991016069818959	1.1274301057414584	1.9932992888971632	0.005351481
Respiratory	Gastritis and duodenitis	149|54634	54|6346	1.2857780223614466	1.0771910700971576	1.5347556888292804	0.005380011
Digestive	Diabetic neuropathy	534|54634	20|293	1.414901616920672	1.1077408155748611	1.8072337476576803	0.00544477
Digestive	Retinal detachments	534|54634	12|181	1.572786677794371	1.1426894835854264	2.164768267653814	0.005463581
Colorectal	Urinary Incontinence	241|54634	26|1844	1.3746566625848176	1.0979156954067268	1.7211530428925965	0.005528854
Thyroid	Hyperparathyroidism	121|54634	2|74	3.663906764067541	1.4639959366163677	9.169569696215369	0.005530294
Prostate	Diabetic eye	196|24315	30|1891	0.7599284461019442	0.6259137005072671	0.9226371666363782	0.00554666
Urinary	Obstructive and reflux uropathy	212|54634	8|459	1.7710808324085965	1.1801096524909227	2.657996490668696	0.005788555
Non-Melanoma Skin	Subarachnoid haemorrhage	129|54634	2|46	3.6750619879796442	1.4563089526224513	9.27418635391329	0.005852415
Urinary	Type 2 Diabetes	212|54634	97|8982	1.2386560980566137	1.0637108707765177	1.4423740241864846	0.005868232
Lung	Obesity	130|54634	27|5337	1.3690622275208837	1.094530342170607	1.7124526480530293	0.005940411
Haematopoietic	Endometriosis	236|30319	13|735	1.526989270974564	1.1291131707975977	2.065068669798915	0.005987641
All	Personality disorder	2782|54634	65|749	1.2090077719210996	1.0557900233628261	1.3844606978856657	0.006047
Skin	Tuberculosis	159|54634	12|1380	1.5515493308721144	1.1337542147833108	2.1233044117854094	0.006064061
Endocrine	Endometriosis	115|30319	8|735	1.7335476959273581	1.1700275786177214	2.568475879521918	0.006090806
Secondary	Aortic aneurysm	479|54634	5|41	2.115552483713999	1.2374613219718265	3.6167290499366156	0.006167663
Cervical	COPD	137|30319	3|158	2.676738297124036	1.3222283801146675	5.41882780542732	0.006214711
Respiratory	Pancreatitis	149|54634	6|255	1.9318420929065083	1.2050224048424316	3.097049363504071	0.006247874
Solid	Pancreatitis	2312|54634	32|255	1.3198683542553296	1.08122658117447	1.611181692067159	0.006381349
Secondary	Non-spinal osteoarthritis	479|54634	140|4019	1.1705035022011356	1.0449958519677034	1.3110850594146355	0.006516784
Lymphoma	Aplastic anaemias	193|54634	2|45	3.5418174522888433	1.4229893003499472	8.815576380126576	0.00656337
Secondary	Enthesopathies	479|54634	146|7084	1.1560152936919508	1.0412164322040949	1.2834712533500792	0.006589681
Urinary	Iron deficiency	212|54634	36|5670	1.3082861523265463	1.077272741511289	1.5888387317479178	0.006710136
Secondary	Bipolar disorder	479|54634	8|235	1.7273129621964862	1.1629645132984339	2.5655211618708793	0.006768883
Non-Melanoma Skin	Psoriasis	129|54634	9|1162	1.6559783794662981	1.149066645234986	2.38651465920763	0.006825523
Gynaecological	Hyperprolactinaemia and prolactinoma	361|30319	6|173	1.881375202265904	1.189964601449614	2.9745192818249944	0.006847355
All	Bipolar disorder	2782|54634	26|235	1.3462796858284518	1.0852662623786855	1.6700684940687152	0.006847915
All	Intracerebral haemorrhage	2782|54634	12|45	1.5960901780994743	1.1366897155139688	2.2411602936635404	0.006938191
All	Congenital cardiac disease	2782|54634	28|245	1.3368792768644373	1.0827252041042612	1.650692340156771	0.006958701
Lung	Gastritis and duodenitis	130|54634	49|6346	1.2931472813594211	1.0724772162450202	1.5592218333011383	0.00708189
Secondary	Chronic viral hepatitis	479|54634	14|616	1.4847479096014087	1.1132282860259657	1.9802554271553374	0.007144504
Colorectal	Osteoporosis	241|54634	11|323	1.6015117069003664	1.1361241939686821	2.257534661223513	0.007175648
All	Somatoform and dissociative disorders	2782|54634	189|2700	1.1161642159023657	1.030174210142157	1.2093319213349631	0.007214256
Breast	Non-rheumatic valvular heart disease	428|30319	14|220	1.4839196513733877	1.1119881285421986	1.980252734009788	0.007339149
Digestive	Obstructive and reflux uropathy	534|54634	14|459	1.4786817775046874	1.1103762923576337	1.9691520921091377	0.007441968
Urinary	Sleep apnoea	212|54634	11|621	1.5707465250321746	1.1281615038511508	2.186960499430567	0.007492136
Haematopoietic	Coronary heart disease	515|54634	89|2984	1.208571398885508	1.0515382667154045	1.3890553225100963	0.007637575
All	Dermatitis	2782|54634	687|11312	1.0658698219064762	1.017048161107772	1.117035083189692	0.007660964
Gynaecological	Cholelithiasis	361|30319	33|1256	1.2910243848132146	1.069801562855901	1.557993575680394	0.007731361
All	Crohns disease	2782|54634	23|253	1.3605377146151327	1.0845347790793003	1.7067805556789992	0.007778561
Lymphoma	Chronic ulcer of skin	193|54634	8|506	1.6957955809412848	1.1490563956062239	2.5026819078125437	0.007821361
Skin	Subarachnoid haemorrhage	159|54634	2|46	3.4227009813282887	1.3796297416262573	8.491323181955002	0.007949768
Bladder	Iron deficiency	163|54634	29|5670	1.3361735909237358	1.0787124996173532	1.6550840615227351	0.007958693
Gynaecological	Diverticular disease	361|30319	10|180	1.5947165358939592	1.1294890925548386	2.251567409209095	0.008003815
Kidney	Psychoactive substance misuse	182|54634	28|2298	1.3390601670283426	1.0791270205840848	1.6616043308335056	0.008011103
Haematopoietic	Chronic fatigue	515|54634	25|1308	1.3509769535172138	1.081204783866311	1.6880601678509837	0.008121261
Urinary	Oesophagitis and oesophageal ulcer	212|54634	26|2028	1.3452905338172623	1.0798556340227001	1.6759709014402284	0.008165993
Digestive	Menorrhagia and polymenorrhoea	232|30319	50|3718	1.2472411099342582	1.0587269756309114	1.469321574037564	0.008227738
Colorectal	Cardiovascular disease	241|54634	73|4464	1.2376358658252204	1.056518076791492	1.4498024880261835	0.008265103
Cervical	Obesity	137|30319	8|3940	0.6438142668416779	0.46421919281158575	0.8928902910679963	0.008316597
Cervical	Pancreatitis	137|30319	3|131	2.53029020071154	1.2684909428697768	5.047232332090929	0.008411943
Respiratory	Thrombocytopenia	149|54634	5|247	2.0242353007917826	1.1979663849590934	3.4204036143397416	0.008416356
Solid	Dermatitis	2312|54634	579|11312	1.0708692480223425	1.0176780757054933	1.1268405733954316	0.008434517
Solid	Macular degeneration	2312|54634	32|110	1.3342001850625214	1.076465081250662	1.6536441031163929	0.008468441
Solid	Migraine	2312|54634	206|4017	1.1090158495328906	1.02671606662261	1.1979126406008012	0.008533675
Thyroid	Osteoporosis	121|54634	4|323	2.1997836178404944	1.221752715747859	3.9607425487549146	0.00860051
Lung	Diverticular disease	130|54634	11|409	1.5684643191505245	1.1211433356380434	2.19426030753533	0.008600621
Ovarian	Somatoform and dissociative disorders	117|30319	16|1935	1.448267479042553	1.0980992383344614	1.9100993950543261	0.008724282
All	Respiratory failure	2782|54634	32|169	1.3148439639551488	1.0714277234071732	1.6135616166917954	0.008779897
Bladder	Non-rheumatic valvular heart disease	163|54634	10|456	1.5868168048436095	1.1230703966120243	2.2420567577331894	0.008841395
All	Diabetic neuropathy	2782|54634	56|293	1.2265373049126438	1.052412647625556	1.4294713805811545	0.00895005
Digestive	Psoriasis	534|54634	28|1162	1.3113721083301562	1.070160117712048	1.6069528083170481	0.008953036
Uterine	Endometriosis	102|30319	8|735	1.679519935665399	1.1384274952039068	2.4777925921336488	0.008962665
Breast	Endometriosis	428|30319	24|735	1.3346845876434483	1.0747557645507348	1.6574769889581455	0.008991578
Haematopoietic	Diabetic eye	515|54634	78|3243	1.2052306989151398	1.047630555112361	1.3865393964685224	0.009033663
Colorectal	Learning disability	241|54634	3|264	2.53814119466375	1.2585222308522626	5.1188295018726375	0.009255921
Secondary	Atrial fibrillation and flutter	479|54634	20|316	1.3925951209978085	1.0844564351166777	1.7882886838310361	0.009447169
Digestive	Ischemic stroke	534|54634	23|350	1.3563930399641153	1.0773808103147438	1.707661823237429	0.009477317
Haematopoietic	Thalassaemia	515|54634	7|263	1.7384327692182415	1.1439629659359527	2.6418237155249007	0.009599645
Uterine	Obstructive and reflux uropathy	102|30319	4|219	2.1498928420704337	1.204307604836132	3.837922482449656	0.009632406
Lung	Osteoporosis	130|54634	8|323	1.6908764432854888	1.135551095738753	2.517775868639157	0.009715023
Respiratory	Hypertrophy of nasal turbinates	149|54634	7|1009	1.7327954994657644	1.1421949432078138	2.628780893160119	0.009731257
Kidney	Peripheral arterial disease	182|54634	9|323	1.6124229732182251	1.1214038747717765	2.318440218597446	0.009925729
Digestive	Chronic ulcer of skin	534|54634	19|506	1.3844680687740427	1.081081620032878	1.772994562054098	0.009944424
Lymphoma	Obesity	193|54634	33|5337	1.2979342991329426	1.0644218628713145	1.5826745988863533	0.00996757
Colorectal	Hypertrophy of nasal turbinates	241|54634	10|1009	1.563991175744335	1.1120649918180077	2.199573240595684	0.01015558
All	Hypopituitarism	2782|54634	10|65	1.5866438512380243	1.1154501885818728	2.2568813349451085	0.01023639
Respiratory	Depression	149|54634	40|7686	1.2798040752439077	1.0600685289636878	1.5450873469586979	0.01025958
Colorectal	Hyperprolactinaemia and prolactinoma	241|54634	3|192	2.5506315623127263	1.2469149740865706	5.217453877664461	0.01033666
Kidney	Iron deficiency	182|54634	31|5670	1.309703793743782	1.0655461450802177	1.6098073605415937	0.01037336
All	Macular degeneration	2782|54634	37|110	1.3052178999787727	1.0645201348338589	1.6003396372496792	0.0104322
Bladder	Constipation	163|54634	42|7662	1.2731205338866918	1.0578830790136209	1.5321503160020442	0.01060319
Urinary	Thrombocytopenia	212|54634	5|247	1.9532975585156223	1.1685822243990938	3.264957546367799	0.01063774
Respiratory	Folate deficiency	149|54634	13|1450	1.4837653317544042	1.0951129186428326	2.0103493641958288	0.01088676
Uterine	Schizophrenia and psychosis	102|30319	5|317	1.9193738249341294	1.1606573898689383	3.1740597285631953	0.01106849
Solid	Subarachnoid haemorrhage	2312|54634	8|46	1.6951479107422491	1.1270304800622044	2.5496439449758386	0.01126958
Respiratory	Hypertension	149|54634	93|9327	1.2849630974537622	1.0583818191529384	1.560051516322745	0.01129951
Endocrine	Dementia	164|54634	3|129	2.4516640546984525	1.2249686355055842	4.906784110941472	0.01130274
Secondary	Tinnitus	479|54634	32|1052	1.2835131927419556	1.057936076051806	1.5571887122809274	0.01136967
Digestive	Irritable bowel syndrome	534|54634	35|1690	1.262647869922619	1.053761053543597	1.5129422728794815	0.01148654
Colorectal	Female genital prolapse	111|30319	15|884	1.4458769163156615	1.0862638632482178	1.924541658675044	0.01150041
Secondary	Dementia	479|54634	14|129	1.4823015778533413	1.091907492602142	2.012274833347173	0.0116099
Haematopoietic	Other haemolytic anaemias	515|54634	6|192	1.824065862815589	1.143417471459584	2.9098875563287954	0.01165461
Lung	Other anaemias	130|54634	31|5077	1.3174802357597677	1.0630104393917816	1.632866533851495	0.01180103
Colorectal	Depression	241|54634	62|7686	1.2146597543467779	1.0438872567393958	1.4133694125534333	0.01188196
Bladder	Oesophagitis and oesophageal ulcer	163|54634	21|2028	1.3601908217286287	1.0702827650890985	1.7286264264572964	0.01189021
Lung	Chronic fatigue	130|54634	11|1308	1.530595690764494	1.0980339692555512	2.1335616512621787	0.01200887
Respiratory	Hidradenitis suppurativa	149|54634	2|151	3.040433183989171	1.2713312756691357	7.271302235081913	0.01243196
Secondary	Asthma	479|54634	105|6057	1.1575271934921005	1.0319182161475005	1.2984257693171497	0.01255582
All	Rheumatoid Arthritis	2782|54634	97|819	1.1556569844917017	1.0315097399546462	1.2947459573800781	0.01259384
Lung	Rheumatic valve disorder	130|54634	3|79	2.4183996022140763	1.2083789129630793	4.840084987620022	0.01260644
Skin	Hearing loss	159|54634	19|2216	1.3858352133327767	1.0716925273440085	1.792061798987069	0.01284914
Urinary	Venous thromboembolism	212|54634	7|391	1.7144340051573985	1.1209785845196467	2.6220696796804184	0.01288908
All	Pancreatitis	2782|54634	35|255	1.2748799279259526	1.0526269027603334	1.544059748393626	0.01296358
Lung	Dysmenorrhoea	37|30319	5|1786	1.912126550616805	1.1465303329896634	3.1889500350503885	0.01299165
Kidney	Diverticular disease	182|54634	10|409	1.5409837327690363	1.0949929446437616	2.168626634787442	0.01311712
Non-Melanoma Skin	Tuberculosis	129|54634	10|1380	1.5338930794086545	1.093585820006706	2.1514799625358503	0.01320343
Endocrine	Urinary calculus	164|54634	9|1373	1.5648547371943786	1.0979368634253932	2.2303380368156174	0.01325721
Thyroid	Cerebrovascular disease	121|54634	5|692	1.8864561197238057	1.140877062869401	3.1192814786660077	0.01337361
Solid	Somatoform and dissociative disorders	2312|54634	162|2700	1.115215879418952	1.0228417224637465	1.215932465789953	0.01343698
Secondary	Personality disorder	479|54634	16|749	1.4011649531458217	1.071805446817183	1.8317346975182944	0.01361638
Uterine	Bipolar disorder	102|30319	3|144	2.3351263476510242	1.1895826841135604	4.58380500348093	0.01372092
Lymphoma	Polymyalgia rheumatica	193|54634	3|71	2.387123298043881	1.1944521638802095	4.7706871923213985	0.01377853
Breast	Venous thromboembolism	428|30319	12|265	1.4672252030150248	1.0804459580210488	1.992464112046353	0.0140651
Digestive	Personality disorder	534|54634	17|749	1.3813882889925242	1.067334863990319	1.7878490334622872	0.0140807
Colorectal	Eating disorders	241|54634	7|464	1.679931468460346	1.1090170472706549	2.544748744547103	0.01435036
Secondary	Ulcerative colitis	479|54634	8|293	1.6027341266265522	1.0980833379726094	2.339309405601283	0.01448651
Respiratory	Constipation	149|54634	49|7662	1.2547445424103603	1.0459010597293372	1.5052894841850626	0.01455891
Haematopoietic	Pulmonary hypertension	515|54634	4|60	2.0845062152822154	1.155676261010969	3.7598472064738067	0.01465588
Lymphoma	Cardiovascular disease	193|54634	45|4464	1.281381765522265	1.0498015223832056	1.564047292754454	0.01477421
Thyroid	Spondylosis	121|54634	9|1570	1.5774395585620051	1.09336003971695	2.2758427878528202	0.01479859
Uterine	Female genital prolapse	102|30319	13|884	1.4614016362209197	1.0770248163322367	1.9829577832962113	0.01482844
Respiratory	Urinary calculus	149|54634	14|1373	1.4327633612444788	1.0726504052682946	1.9137743660397175	0.01489774
Respiratory	Rheumatic valve disorder	149|54634	3|79	2.3404752335264654	1.1800137370764237	4.642169956701097	0.01494363
Colorectal	Liver failure and transplant	241|54634	3|84	2.3702157861244744	1.1828836162747365	4.749345409387124	0.01494785
All	Subarachnoid haemorrhage	2782|54634	9|46	1.6068504165463386	1.0959647219434745	2.3558862885445224	0.01512458
Lymphoma	Subarachnoid haemorrhage	193|54634	2|46	2.9257767471159455	1.2285500833060463	6.967700942991937	0.01531079
Secondary	Learning disability	479|54634	4|264	2.0198979695223844	1.1430659017788853	3.569337341732623	0.01550645
Lung	Pancreatitis	130|54634	5|255	1.8572613310243635	1.1248026521979952	3.0666887608931432	0.01553556
Non-Melanoma Skin	Hearing loss	129|54634	17|2216	1.3992326790862335	1.0656426879342873	1.8372500580077824	0.01562497
Solid	Bipolar disorder	2312|54634	22|235	1.3325987724810064	1.0558081788841687	1.681952767494812	0.0156412
Bladder	Urticaria	163|54634	13|2573	1.441721664825521	1.071608338486042	1.9396651595337935	0.01565261
Non-Melanoma Skin	Cerebrovascular disease	129|54634	10|692	1.532281804655397	1.0839950753802656	2.165957744830492	0.01565994
All	Supraventricular tachycardia	2782|54634	28|180	1.3002687839749034	1.05082940302559	1.6089185415935698	0.01568156
Digestive	Osteoporosis	534|54634	19|323	1.3630038808558038	1.0600385972912811	1.752558429452635	0.0157523
Respiratory	Chronic ulcer of skin	149|54634	8|506	1.602424828788315	1.0923786868094556	2.3506183001583567	0.01586642
Solid	Atrial fibrillation and flutter	2312|54634	58|316	1.2087817086053292	1.0361278628903219	1.410205507824943	0.01589421
Digestive	Hyperprolactinaemia and prolactinoma	534|54634	4|192	1.9992437818826179	1.1374030529101717	3.5141242932042496	0.01606621
Endocrine	Learning disability	164|54634	3|264	2.2510415044903667	1.161541450924919	4.362468382771294	0.01623459
Respiratory	Asthma	149|54634	39|6057	1.2655616300813002	1.0443806643215308	1.533584730405295	0.01625787
Colorectal	Migraine	241|54634	25|4017	1.3107545975023482	1.0511547901760985	1.634466808247828	0.01625966
Digestive	Nephritides	534|54634	15|332	1.4114788718219802	1.065337616795946	1.8700856650417594	0.01635365
Respiratory	Obesity	149|54634	28|5337	1.3042823941634003	1.0495685342952719	1.6208113221180387	0.01655577
Solid	Interstitial pulmonary diseases with fibrosis	2312|54634	15|66	1.4456108994373629	1.0687860161257803	1.9552939887325056	0.01676908
Secondary	Schizophrenia and psychosis	479|54634	13|616	1.4306988053800893	1.0660509498948125	1.920076213916401	0.01702753
Digestive	Bone and joint infections	534|54634	7|173	1.648896044417666	1.0932755481178782	2.4868919550765205	0.0170628
Lung	Urinary calculus	130|54634	13|1373	1.4422378935809625	1.0671682873647255	1.94913039143746	0.01717025
Bladder	Irritable bowel syndrome	163|54634	12|1690	1.4511233781132298	1.0678266770909939	1.9720045431373985	0.01734221
All	Psoriatic arthropathy	2782|54634	11|78	1.4976017570734237	1.0737181806243177	2.088826531264763	0.01736072
Gynaecological	Heart failure	361|30319	11|225	1.486524730428347	1.0722591737654175	2.0608410990928085	0.01737851
Lung	Hypertrophy of nasal turbinates	130|54634	6|1009	1.710098549259732	1.0984140426157318	2.6624177538882057	0.01752066
Thyroid	Non-diabetic peripheral neuropathies	121|54634	5|691	1.8111137725834103	1.109427370745532	2.9566001197870873	0.01753517
Bladder	Eating disorders	163|54634	5|464	1.8103333507404151	1.1091992959250017	2.954660044270902	0.0175651
Lymphoma	Non-spinal osteoarthritis	193|54634	38|4019	1.286374761796665	1.0441689229879956	1.5847627633392523	0.01797694
Respiratory	Osteoporosis	149|54634	8|323	1.598748283085846	1.0837885723106113	2.3583899461318523	0.0179973
Cervical	Hip fracture	137|30319	1|21	4.896496747850016	1.3127153260887692	18.264188682203656	0.01802409
Skin	Psoriasis	159|54634	9|1162	1.525510335031176	1.0742073921443123	2.166417583146077	0.01827424
Urinary	Bipolar disorder	212|54634	4|235	1.97990526974743	1.1227135415472542	3.491562836029667	0.01827951
Secondary	Macular degeneration	479|54634	11|110	1.5016147063067073	1.0712782910899645	2.1048188364784286	0.01829285
Digestive	Learning disability	534|54634	4|264	1.9558854372807988	1.120026515970034	3.4155332835615217	0.01834794
Thyroid	Urinary calculus	121|54634	7|1373	1.6223731747873171	1.0850770084459493	2.425721582691327	0.01838037
Haematopoietic	Respiratory failure	515|54634	8|169	1.5855034643272066	1.0803053795392255	2.326954288115991	0.01854166
Solid	Type 1 Diabetes	2312|54634	52|422	1.2046631689197564	1.0315184046728536	1.406871020408058	0.01867414
Digestive	Autonomic neuropathy	534|54634	5|87	1.816894999668683	1.1039439316319946	2.9902854168879154	0.01882323
Secondary	Peptic ulcer	479|54634	41|1199	1.2331402935641946	1.0349386566255119	1.4692996284144246	0.01907076
Bladder	Fatty liver disease	163|54634	17|2125	1.3678087407050816	1.0526542166775754	1.777317490879602	0.01907576
All	Ischemic stroke	2782|54634	68|350	1.1858905365692636	1.028022896865093	1.3680010134142846	0.01932554
All	Urticaria	2782|54634	172|2573	1.105634081716328	1.0163747158766117	1.2027323225946038	0.019378
Ovarian	Dysmenorrhoea	117|30319	12|1786	1.4508592976904606	1.0619161872728404	1.9822587949250425	0.01942379
Thyroid	Migraine	121|54634	18|4017	1.363933766557529	1.051356336892122	1.7694431985401085	0.01943299
All	Chronic fatigue	2782|54634	111|1308	1.133676623300062	1.0204404869226449	1.259478335765462	0.01944597
Lymphoma	Liver fibrosis, sclerosis and cirrhosis	193|54634	3|131	2.1906887673036723	1.1340387320849323	4.231881274784414	0.01957304
All	Diabetic eye	2782|54634	396|3243	1.0774076158827643	1.012021994171343	1.1470177302941587	0.01958949
Skin	Tinnitus	159|54634	10|1052	1.4936368725918372	1.0660358973616713	2.09275420526391	0.01972043
Colorectal	Fatty liver disease	241|54634	26|2125	1.2965436590805153	1.0421700022753408	1.6130050339500803	0.01976967
Haematopoietic	Chronic ulcer of skin	515|54634	15|506	1.393861565474607	1.0539972489379845	1.8433160671576252	0.01986961
Respiratory	Atrial fibrillation and flutter	149|54634	10|316	1.5130038811431687	1.0676940185455515	2.1440419301708653	0.01989717
Ovarian	Dementia	117|30319	3|54	2.272189717969102	1.1378966564213706	4.537183658383709	0.02001213
Breast	Gastrointestinal polyp	428|30319	23|504	1.3063108246862392	1.042846506708106	1.6363366609714107	0.02006865
Respiratory	Cardiac conduction defects	149|54634	11|366	1.4829124119265955	1.0636659235596138	2.067405914525104	0.02012222
Solid	Adrenal insufficiency	2312|54634	6|31	1.7429045445383746	1.0906351140574575	2.7852727389927816	0.02019334
Lymphoma	Subdural haematoma	193|54634	2|48	2.7206749692956196	1.168567874297488	6.334310955623053	0.0202711
Breast	Thrombocytopenia	428|30319	6|147	1.6793536714219839	1.083934980359136	2.6018431038954764	0.02029651
All	Atrial fibrillation and flutter	2782|54634	67|316	1.1878524346882822	1.027002778093783	1.3738944399097157	0.02039908
Lymphoma	Chronic fatigue	193|54634	10|1308	1.4826143764853634	1.0625021018221168	2.068838626852048	0.02052293
Endocrine	Eyelid ptosis	164|54634	2|103	2.682260743680768	1.1636627806609319	6.182652583426783	0.02057185
Solid	Thalassaemia	2312|54634	22|263	1.3157423091324858	1.0430476703419171	1.6597303011796147	0.02057606
All	Retinal vascular occlusions	2782|54634	20|85	1.359842657445196	1.0480405102809438	1.7644089468563697	0.020716
Cervical	Cholelithiasis	137|30319	11|1256	1.4624863986320809	1.059667479155209	2.018431732838481	0.02074622
Lung	Constipation	130|54634	44|7662	1.2554034562448728	1.034594646385854	1.5233384818461415	0.02118974
Endocrine	Cardiovascular disease	164|54634	23|4464	1.3492474600168478	1.0454025640591904	1.7414044799098471	0.02138671
Skin	Anxiety and phobia	159|54634	25|5138	1.2955210895902123	1.0388283795659048	1.6156421277924207	0.02155543
All	Cardiac conduction defects	2782|54634	71|366	1.179028742536727	1.0245236737056274	1.356834216138524	0.02155796
Digestive	Glaucoma	534|54634	25|449	1.2915447724913685	1.0383166956584244	1.6065309421727074	0.02157919
Bladder	Seborrheic dermatitis	163|54634	13|2622	1.4132655224130803	1.0518067923642582	1.898941375299478	0.02172497
Respiratory	Cerebrovascular disease	149|54634	16|692	1.3888985181277742	1.0488845645164662	1.8391338369506949	0.02183863
Non-Melanoma Skin	Autonomic neuropathy	129|54634	2|87	2.656363281674876	1.151928437363538	6.125611327367226	0.02191782
All	Subdural haematoma	2782|54634	10|48	1.5413844406293207	1.0642208764244674	2.23249331642179	0.02205992
Breast	Urticaria	428|30319	41|1812	1.2176868080809724	1.028736003942053	1.4413427321417522	0.02206186
Colorectal	Alllergic and chronic rhinitis	241|54634	69|11166	1.186169253593325	1.0248283672661298	1.3729103751523823	0.02209189
Haematopoietic	Chronic kidney disease	515|54634	4|68	1.9512398674826148	1.100329763634482	3.460178163205925	0.0221886
Haematopoietic	Portal hypertension	515|54634	4|68	1.9512398674826148	1.100329763634482	3.460178163205925	0.0221886
Breast	Hypertension	428|30319	162|4567	1.143855987521767	1.01938922405723	1.2835200621229457	0.02221187
Non-Melanoma Skin	Irritable bowel syndrome	129|54634	10|1690	1.478742404700414	1.0573579323689963	2.068059483471162	0.02225959
Gynaecological	Rheumatic valve disorder	361|30319	3|47	2.1413618390030407	1.1144709410799405	4.114446017852318	0.02229693
Digestive	Hearing loss	534|54634	61|2216	1.1822625289112871	1.0238123603696831	1.3652352143541302	0.02257529
Cervical	Nasal polyp	137|30319	4|278	1.8857582600715048	1.093225477244406	3.252836939358024	0.02258193
Colorectal	Vitiligo	241|54634	6|461	1.6748858270523348	1.074694333266956	2.6102701454962967	0.02271456
Haematopoietic	COPD	515|54634	29|662	1.287279401197701	1.0358718507510065	1.5997039166056333	0.02273185
Haematopoietic	Interstitial pulmonary diseases with fibrosis	515|54634	5|66	1.8389191857765321	1.088690937802346	3.106137522043896	0.02274297
Urinary	Psychoactive substance misuse	212|54634	30|2298	1.280275129812322	1.0348091773406836	1.5839677922341489	0.0229012
Haematopoietic	Lupus erythematosus	515|54634	4|117	1.965520311818249	1.0979608865467771	3.518586266147028	0.02293222
Lymphoma	Vitamin B12 deficiency	193|54634	17|1908	1.358097739949799	1.0429869667339955	1.7684108527572402	0.02305705
Lymphoma	Pulmonary hypertension	193|54634	2|60	2.622360850463153	1.1416654986896573	6.0234599696098625	0.02307056
Kidney	Urticaria	182|54634	14|2573	1.3919310115277932	1.0464794648325308	1.8514189775934502	0.02307686
Skin	Enthesopathies	159|54634	42|7084	1.2456294693292993	1.0306189746419778	1.505496030092589	0.02308822
Skin	Gastrointestinal polyp	159|54634	12|1066	1.4384282148735816	1.0505378173119675	1.9695395018130666	0.02336002
Digestive	Epilepsy	534|54634	10|418	1.4750752419761581	1.0539938761521843	2.064382933072046	0.02341205
Thyroid	Hypertrophy of nasal turbinates	121|54634	5|1009	1.7337782731039586	1.0756713733621857	2.7945217979461923	0.02385179
Colorectal	Somatoform and dissociative disorders	241|54634	22|2700	1.3054998574954835	1.0359143223675495	1.6452421219792925	0.02388363
Digestive	Non-acute cystitis	534|54634	5|103	1.758517280984164	1.0771367465669444	2.8709289116502585	0.02400033
Secondary	Type 2 Diabetes	479|54634	211|8982	1.1258125031504285	1.015683198466823	1.247882995566983	0.0240533
Solid	Post-traumatic stress disorders	2312|54634	169|2948	1.1023803539990107	1.012840974252619	1.1998353895385387	0.02412021
Kidney	Depression	182|54634	43|7686	1.2264060724420804	1.0269883426441866	1.4645461803882567	0.02418798
Digestive	Barretts oesophagus	534|54634	5|57	1.7658461842459383	1.0769930661086518	2.8952950994220807	0.02419497
Digestive	Tinnitus	534|54634	33|1052	1.2429281411041746	1.028691357768311	1.5017821937380615	0.02425501
Endocrine	Seborrheic dermatitis	164|54634	15|2622	1.3709706601185232	1.0417045063953365	1.8043125851588748	0.0243493
Breast	Psychoactive substance misuse	428|30319	19|716	1.3214571113312747	1.0363945592191717	1.6849267313827228	0.0245536
Haematopoietic	Anxiety and phobia	515|54634	66|5138	1.169251733269588	1.020169685710665	1.3401198201665436	0.024643
Breast	Visual impairment	428|30319	16|363	1.3578546622104548	1.0397389582870205	1.7733001817343608	0.02469552
Urinary	Urinary calculus	212|54634	17|1373	1.3493823915093117	1.038516196225405	1.7533023029716777	0.02490445
Gynaecological	Respiratory failure	361|30319	5|95	1.7300771449982328	1.0709521579289256	2.7948652098835214	0.02508273
Lymphoma	Learning disability	193|54634	3|264	2.0825539477386763	1.095865081360685	3.9576322113091273	0.02512593
Solid	Tinnitus	2312|54634	102|1052	1.135561224899703	1.015768962314096	1.2694808990402826	0.02541269
Non-Melanoma Skin	Folate deficiency	129|54634	9|1450	1.4957877632461647	1.050587235773207	2.1296480258779327	0.02549816
Skin	Chronic kidney disease	159|54634	2|68	2.558870627452772	1.120945762747205	5.841334260449142	0.02567341
Skin	Portal hypertension	159|54634	2|68	2.558870627452772	1.120945762747205	5.841334260449142	0.02567341
Uterine	Lupus erythematosus	102|30319	2|97	2.5543173347759796	1.1203139068378953	5.823847233274715	0.02573562
Digestive	Congenital cardiac disease	534|54634	8|245	1.5306385480438345	1.051992557846399	2.227063630140069	0.02608641
Gynaecological	Female infertility	361|30319	29|1616	1.2511836208871006	1.0267118119200458	1.5247320961941602	0.02633045
Respiratory	Chronic sinusitis	149|54634	29|6315	1.2679811627128605	1.0281336825814864	1.5637813022113793	0.0264626
Colorectal	Non-acute cystitis	241|54634	3|103	2.115463632375574	1.0904261683872383	4.104070967521394	0.02668898
Digestive	Psoriatic arthropathy	534|54634	4|78	1.8651621630260569	1.0740509989337181	3.2389801767678668	0.02684983
Secondary	Non-acute cystitis	479|54634	5|103	1.7379252209552825	1.0649806180694892	2.836092997736969	0.02696936
Lung	Folate deficiency	130|54634	11|1450	1.4488179252627473	1.0423581934803425	2.013773570056594	0.02731773
Non-Melanoma Skin	Tinnitus	129|54634	9|1052	1.489657160712116	1.044216245795912	2.1251138980024957	0.02789952
Lymphoma	Liver failure and transplant	193|54634	2|84	2.489313575544781	1.1026854469012766	5.619628058758927	0.02814282
Respiratory	Non-malignant CNS tumour	149|54634	2|89	2.5038886915664467	1.10237118223262	5.687248252495923	0.02831797
Haematopoietic	Intracerebral haemorrhage	515|54634	3|45	2.096895672819475	1.081747468575061	4.064693091892306	0.0283298
Skin	Autonomic neuropathy	159|54634	2|87	2.495105467866402	1.1013845167969774	5.652477586921078	0.02841895
Lymphoma	Tuberculosis	193|54634	12|1380	1.407411216248185	1.0363590736769799	1.9113127698041348	0.02861681
Kidney	Urinary Incontinence	182|54634	15|1844	1.3713984696993042	1.0335192024640236	1.8197376093348991	0.02863732
Urinary	Cardiovascular disease	212|54634	64|4464	1.2078778779620944	1.0191766872532186	1.4315172102319935	0.0293187
Respiratory	Tinnitus	149|54634	13|1052	1.4006368135190606	1.0344560365427105	1.89643968818759	0.02932488
Endocrine	Obstructive and reflux uropathy	164|54634	4|459	1.8092691876247964	1.0610220481996953	3.085190358525323	0.02944059
Colorectal	Obstructive and reflux uropathy	241|54634	7|459	1.575495774175632	1.0459525904521454	2.3731352234351952	0.02963273
Secondary	Intervertebral disc disorders	479|54634	43|1731	1.2040224585579586	1.0184879077423932	1.4233552207068694	0.02966342
Digestive	COPD	534|54634	39|662	1.223812517033746	1.0201056577898564	1.468197990484046	0.02968267
Lung	Cerebrovascular disease	130|54634	15|692	1.38018562362961	1.0321237782171235	1.8456239415047435	0.02976107
Bladder	Sleep apnoea	163|54634	8|621	1.5069338145493834	1.039668591135575	2.184205179221608	0.03035529
Skin	Cerebrovascular disease	159|54634	10|692	1.4637856633422202	1.036590166057268	2.0670353032153383	0.03045578
Lung	Hyperparathyroidism	130|54634	2|74	2.5137659319347354	1.0896149315305819	5.799314030764414	0.03067782
All	Female infertility	1573|30319	100|1616	1.1254590535189355	1.0108175713622785	1.2531025548365402	0.03106086
All	Non-acute cystitis	2782|54634	15|103	1.3743089184406727	1.0293337620564995	1.8349004695348765	0.03107938
Haematopoietic	Barretts oesophagus	515|54634	4|57	1.8374743631861736	1.0546141442695809	3.2014666726330008	0.03173637
Ovarian	Constipation	117|30319	32|5145	1.2612080102991627	1.0201833030265117	1.5591763171617372	0.03198037
Bladder	Type 1 Diabetes	163|54634	7|422	1.542247857650275	1.0378410479276905	2.291804182515415	0.03204984
Kidney	Learning disability	182|54634	2|264	2.4128678034520306	1.0784285335733843	5.398532082273823	0.03205177
All	Adrenal insufficiency	2782|54634	6|31	1.6386291366553118	1.041882778122965	2.577166552587772	0.03255014
Non-Melanoma Skin	Depression	129|54634	32|7686	1.2536571503446658	1.0184975182396327	1.5431124990139917	0.03292942
Solid	Retinal detachments	2312|54634	27|181	1.2679304444807233	1.0189807673303426	1.5777016245880748	0.03328693
Solid	Cerebrovascular disease	2312|54634	97|692	1.1361689126970154	1.0101535772733439	1.2779044961297115	0.03330134
Thyroid	Aplastic anaemias	121|54634	1|45	3.779115547082231	1.110116006251583	12.865064765998879	0.03340796
Lymphoma	Enthesopathies	193|54634	43|7084	1.2192781459697806	1.0155516516356446	1.4638735458163343	0.03354992
Non-Melanoma Skin	Adrenal insufficiency	129|54634	1|31	3.7872872589355686	1.1082877314091528	12.94207666041591	0.03367059
Respiratory	Ischemic stroke	149|54634	10|350	1.4595526723905219	1.0296234573353564	2.069002981920662	0.03367214
Haematopoietic	Learning disability	515|54634	5|264	1.667374110490571	1.0402247962119606	2.6726304107133885	0.0336841
Bladder	Bipolar disorder	163|54634	3|235	1.974112637657179	1.0529234358347588	3.7012384505129208	0.03393776
All	Non-diabetic peripheral neuropathies	2782|54634	88|691	1.138947966582882	1.0098925186376384	1.284495574175784	0.03396967
Gynaecological	Constipation	361|30319	82|5145	1.1479032300926209	1.0103269264182133	1.3042133107631673	0.03419734
Ovarian	Personality disorder	117|30319	5|470	1.6662206867367582	1.0387394181128626	2.6727505748779246	0.03420483
Kidney	Cardiovascular disease	182|54634	56|4464	1.2132867507445066	1.0144547621367908	1.4510895847454919	0.03424679
All	Tinnitus	2782|54634	115|1052	1.120879897909314	1.0084713807774535	1.2458179473260098	0.0343066
Gynaecological	Peripheral arterial disease	361|30319	5|100	1.6564189283056343	1.0368737329783324	2.6461502290814827	0.03472948
Kidney	Unspecified or rare diabetes	182|54634	70|7919	1.1918169602322997	1.0126341246343393	1.4027057079577219	0.03476943
Bladder	Peptic ulcer	163|54634	16|1199	1.3462931486926242	1.02130301733122	1.7746988028616428	0.03489826
Respiratory	Hyperparathyroidism	149|54634	2|74	2.42846167176377	1.0645714459409454	5.539718460148169	0.03496933
All	Polymyalgia rheumatica	2782|54634	19|71	1.3462016038710722	1.0211415008190616	1.7747381306228645	0.03499831
Endocrine	Adrenal insufficiency	164|54634	1|31	3.70454335448183	1.0952245382395385	12.530436441183866	0.03517843
Digestive	Bipolar disorder	534|54634	7|235	1.5276490728465681	1.0298581970533072	2.2660514781999472	0.03518342
Non-Melanoma Skin	Cardiovascular disease	129|54634	36|4464	1.271101693972601	1.0166437086088225	1.5892485270291423	0.03530639
Bladder	Folate deficiency	163|54634	10|1450	1.4336462153661578	1.0250742407833706	2.00506596406422	0.03531771
Bladder	Parkinsons disease	163|54634	2|34	2.370663799243958	1.059802277431546	5.302920147205292	0.03560543
Lymphoma	Type 2 Diabetes	193|54634	62|8982	1.212628114874674	1.013012774753538	1.4515778888793036	0.03565029
Haematopoietic	Non-diabetic peripheral neuropathies	515|54634	19|691	1.3065995512816084	1.017882002184534	1.6772105054862716	0.03580647
Solid	Ischemic stroke	2312|54634	57|350	1.1790994863835733	1.010647998701866	1.3756279145417158	0.03620041
Colorectal	Type 2 Diabetes	241|54634	109|8982	1.1661538196207109	1.0099055382559128	1.3465761692568985	0.03623318
Solid	Epilepsy	2312|54634	30|418	1.2357363163627668	1.013541101390187	1.5066426427929809	0.03634959
Cervical	Interstitial pulmonary diseases with fibrosis	137|30319	1|30	3.6556356846209703	1.0850017067145634	12.316729251182528	0.03647041
Haematopoietic	Somatoform and dissociative disorders	515|54634	34|2700	1.21951226984898	1.0124261590441779	1.4689566868918844	0.03661237
Solid	Congenital cardiac disease	2312|54634	22|245	1.28771199974899	1.0158011383213472	1.6324082851863995	0.03665758
Prostate	Urinary Incontinence	196|24315	12|258	1.4012336119106519	1.0208990289276991	1.9232613407522647	0.03679662
Solid	Cardiac conduction defects	2312|54634	59|366	1.1749927765967596	1.0097360176226766	1.3672960070346576	0.03704286
Cervical	Vitamin B12 deficiency	137|30319	1|1292	0.4946583285974787	0.25514804848558387	0.9589995436107609	0.03716487
Lung	Liver failure and transplant	130|54634	2|84	2.3691968124314857	1.0524871526588557	5.333170596767268	0.03719892
Non-Melanoma Skin	Iron deficiency	129|54634	24|5670	1.285567172055977	1.014968238615792	1.6283100209341739	0.0372316
Colorectal	Non-spinal osteoarthritis	241|54634	65|4019	1.1908900872375856	1.0103743401527234	1.403657182808476	0.03724542
Skin	Depression	159|54634	36|7686	1.228602076645743	1.0121203674900425	1.4913869053752473	0.03735854
Lymphoma	Autonomic neuropathy	193|54634	2|87	2.32863905416115	1.0497971132260708	5.165340784659599	0.0375662
Lymphoma	Coeliac disease	193|54634	2|106	2.324974334375244	1.049528483524177	5.150413486018636	0.03760573
Solid	Psoriatic arthropathy	2312|54634	9|78	1.4737394290215697	1.0221720254755386	2.1247968546609353	0.03775725
Gynaecological	Schizophrenia and psychosis	361|30319	9|317	1.447023951449621	1.0210273435807784	2.0507563575384484	0.03780455
Digestive	Neuromuscular bladder dysfunction	534|54634	16|477	1.3296849041604593	1.0160496336695226	1.7401334401024784	0.03789378
Uterine	Non-malignant CNS tumour	102|30319	2|65	2.3230314680629798	1.047928208277111	5.149661168567204	0.03796223
Skin	Iron deficiency	159|54634	27|5670	1.2639579149046534	1.0129967733301275	1.5770924969466584	0.03804607
Secondary	Osteoporosis	479|54634	20|323	1.3033345254548672	1.0142961868479372	1.6747385105740609	0.03836256
Ovarian	Intracerebral haemorrhage	117|30319	1|15	3.701395830517712	1.0725563165015382	12.773530753948297	0.03837468
Skin	Adrenal insufficiency	159|54634	1|31	3.57662636510494	1.0680839688861639	11.976826287266531	0.03875043
Solid	Urticaria	2312|54634	145|2573	1.1009579891291874	1.0048479856392647	1.206260559955508	0.03903935
Thyroid	Hip fracture	121|54634	1|55	3.540790474146708	1.06455241157366	11.776965648196814	0.03920592
Lung	Cardiac conduction defects	130|54634	10|366	0.0005625109260418182	4.554960463893927e-07	0.6946680315330886	0.03936906
Thyroid	Learning disability	121|54634	2|264	2.28655884585605	1.0409823555817557	5.022516786694884	0.03939411
Haematopoietic	Female genital prolapse	236|30319	17|884	1.3265120783738498	1.0137861241574737	1.7357056406094413	0.03941637
Uterine	Liver fibrosis, sclerosis and cirrhosis	102|30319	2|67	2.295656823111408	1.0398608228340547	5.068024618078123	0.03971145
Solid	Retinal vascular occlusions	2312|54634	17|85	1.3415625275868952	1.0136274182257001	1.7755932634258986	0.03991301
Non-Melanoma Skin	Anxiety and phobia	129|54634	21|5138	1.2894580321784743	1.0117740953419865	1.643353021592808	0.03991755
Non-Melanoma Skin	Cervical dysplasia	59|30319	2|196	2.2863965059411293	1.03861780962089	5.033236416664138	0.03996417
Non-Melanoma Skin	Polycystic ovarian syndrome	59|30319	2|196	2.2863965059411293	1.03861780962089	5.033236416664138	0.03996417
Digestive	Peripheral venous and lymphatic disease	534|54634	39|1570	1.2004290085157763	1.0083898350448197	1.4290403913305223	0.03998201
All	Peripheral venous and lymphatic disease	2782|54634	153|1570	1.0997252765268588	1.0043427746332418	1.2041662611389958	0.04001297
Haematopoietic	Autonomic neuropathy	515|54634	4|87	1.8242719939042742	1.026648157761006	3.2415860122920472	0.04039704
Secondary	Dysmenorrhoea	281|30319	22|1786	1.2729855902622382	1.010607343171925	1.6034836120714988	0.04040261
Haematopoietic	Gout	515|54634	18|571	1.3148544827489355	1.0119109774000978	1.7084924953051541	0.04049948
Haematopoietic	Urticaria	515|54634	33|2573	1.2230038442557836	1.008698033966279	1.4828406051145608	0.04054962
Male genital	Gastrointestinal polyp	222|24315	23|562	1.2775765972414583	1.010547395722387	1.6151661651181524	0.04058892
Colorectal	Nephritides	241|54634	7|332	1.5318528258099344	1.018149292371348	2.3047436142459343	0.04072672
All	Cerebrovascular disease	2782|54634	112|692	1.1221393530863868	1.0046292018018692	1.2533945116135201	0.0411677
Breast	Urinary Incontinence	428|30319	52|1586	1.1730274840974995	1.0063602490276575	1.367297128217843	0.04124152
Bladder	Coronary heart disease	163|54634	43|2984	1.2258947677243148	1.0077293342673916	1.4912912926429642	0.04164928
Kidney	Non-malignant CNS tumour	182|54634	2|89	2.2664098145890086	1.0313462627424868	4.980493587096972	0.04166654
All	Autonomic neuropathy	2782|54634	13|87	1.389433347005206	1.012343358119589	1.9069864095873632	0.04175581
Lymphoma	Adrenal insufficiency	193|54634	1|31	3.460904600050089	1.0464451408690005	11.446238491490423	0.04191207
Ovarian	Subarachnoid haemorrhage	117|30319	1|22	3.5291604154237723	1.046931934765394	11.89664086479998	0.04195485
Urinary	Diverticular disease	212|54634	10|409	1.4334498192880911	1.0130961329261705	2.0282165903468146	0.04200477
Digestive	Somatoform and dissociative disorders	534|54634	41|2700	1.191585770168176	1.0062964880622478	1.4109923511722064	0.04207321
Prostate	Subarachnoid haemorrhage	196|24315	2|24	2.315799536386067	1.0294397477166892	5.20955937889611	0.0423421
Breast	Dysmenorrhoea	428|30319	33|1786	1.2127675751266955	1.0063619638669827	1.4615071356900873	0.04270098
Respiratory	Adrenal insufficiency	149|54634	1|31	3.436694127939908	1.038432578267789	11.373744214302649	0.04320089
Secondary	Psoriasis	479|54634	22|1162	1.2676122338762603	1.007211720101203	1.595335661216601	0.04325434
Male genital	Tuberculosis	222|24315	5|701	0.6696293022078059	0.4534336348715256	0.9889063534123625	0.04379134
Lymphoma	Unspecified or rare diabetes	193|54634	53|7919	1.2039815224902848	1.0050274996776338	1.442320241946593	0.04396534
Haematopoietic	Hyperplasia of prostate	279|24315	37|776	1.242141616552139	1.0057733619854416	1.534059116981361	0.0440666
Solid	Non-acute cystitis	2312|54634	13|103	1.3736027051689532	1.0081526533515133	1.8715264849772708	0.04427761
Urinary	Learning disability	212|54634	2|264	2.225705624614857	1.0195175854741612	4.858930927746867	0.04458732
Cervical	Macular degeneration	137|30319	1|55	3.3679356840059924	1.0289200942020387	11.024170715994982	0.04473696
Respiratory	Liver failure and transplant	149|54634	2|84	2.2543214081113088	1.0185805495416296	4.98926178529119	0.04491819
Lung	Gastro-oesophageal reflux disease	130|54634	40|6440	1.2204089408535461	1.0043853074416453	1.4828950322949725	0.04506755
Uterine	Adrenal insufficiency	102|30319	1|21	3.383937593713824	1.026135536627499	11.159377323374569	0.04524342
Secondary	Adrenal insufficiency	479|54634	2|31	2.234813993014144	1.0160359374127739	4.915567845060194	0.04554801
Lymphoma	Type 1 Diabetes	193|54634	6|422	1.5670737081266013	1.0076688965052651	2.437030670707841	0.04616216
Ovarian	Vitiligo	117|30319	3|245	1.9006710347413003	1.0101503286246631	3.5762502668519778	0.04644665
All	Tuberculosis	2782|54634	113|1380	1.11006658498711	1.001614205429256	1.2302619276219702	0.04650805
Lymphoma	Constipation	193|54634	40|7662	1.206137373267553	1.0027913606123686	1.4507178864249275	0.04663611
Digestive	Migraine	534|54634	44|4017	1.180680538763844	1.0023184354246448	1.390782096136037	0.04684325
Digestive	Respiratory failure	534|54634	9|169	1.4471310351840778	1.0046476469633405	2.0845002119129603	0.04715512
Colorectal	Subdural haematoma	241|54634	2|48	2.3033762929471995	1.0103729094636706	5.251073437556325	0.04719484
Haematopoietic	Type 1 Diabetes	515|54634	13|422	1.3522109587134281	1.003686659071246	1.821758275193827	0.04723458
Thyroid	Hypertension	121|54634	31|9327	1.2873708012798504	1.0030142537545421	1.6523429988996994	0.04729714
Solid	Rheumatic valve disorder	2312|54634	12|79	1.3974581789749259	1.0039303436218363	1.9452438850872473	0.0473395
Male genital	Urinary calculus	222|24315	21|805	1.2757956204084664	1.0027446396457151	1.6231993677158907	0.04744508
Male genital	Glaucoma	222|24315	15|251	1.340826211896401	1.0028651366809318	1.7926786611193553	0.04778085
Kidney	Bipolar disorder	182|54634	3|235	1.8771412352899683	1.0057159943090157	3.5036324739440023	0.04793939
Bladder	Adrenal insufficiency	163|54634	1|31	3.2890540479005184	1.0107649697845698	10.70266268954341	0.04795341
Endocrine	Aplastic anaemias	164|54634	1|45	3.2567507633968265	1.0103753343615633	10.497510354988828	0.04800906
All	Gout	2782|54634	71|571	1.1437358889483626	1.001094294303571	1.3067018672586947	0.04814457
Cervical	Spondylosis	137|30319	7|872	1.5218230634185632	1.0029527508062015	2.3091271592714993	0.0483975
Kidney	Hyperparathyroidism	182|54634	2|74	2.1687717641378157	1.004484907226807	4.682570072562986	0.04867861
Urinary	Dementia	212|54634	6|129	1.6217989563261066	1.0026987149929019	2.6231527131847057	0.04872581
Lung	Atrial fibrillation and flutter	130|54634	9|316	1.45676467385686	1.0020345068061596	2.117854525550595	0.04876462
Thyroid	Obstructive and reflux uropathy	121|54634	3|459	1.867760276624531	1.003075840720423	3.477831196124746	0.04887481
All	Post-traumatic stress disorders	2782|54634	191|2948	1.0831077985001918	1.0003887195318641	1.1726666647349835	0.04888571
Non-Melanoma Skin	Urticaria	129|54634	11|2573	1.3904104620638522	1.001276293770561	1.9307770143408693	0.04911333
Lung	Asthma	130|54634	34|6057	1.2303282454482989	1.0007462783272063	1.5125787867811227	0.04917295
All	Alcohol dependence	2782|54634	132|2814	0.9143868021042508	0.8362957705026068	0.9997697625087202	0.04940778
Haematopoietic	Peripheral arterial disease	515|54634	13|323	1.4479662707336622	0.999867008844108	2.0968851883673225	0.05007775
Bladder	Depression	163|54634	38|7686	1.2276527342086194	0.9997665872449968	1.5074831015937633	0.05025768
Non-Melanoma Skin	Asthma	129|54634	28|6057	1.2754665075957794	0.9996056777654562	1.6274565543036905	0.05036837
Prostate	Diabetic neuropathy	196|24315	1|164	0.6427014310405602	0.41276363590931703	1.0007304266317034	0.05037417
Kidney	Constipation	182|54634	43|7662	1.215036357241058	0.9995436001820973	1.4769874462191193	0.05053407
All	Retinal detachments	2782|54634	30|181	1.2607679255028323	0.999420008260272	1.590458214603568	0.05057108
Digestive	Urticaria	534|54634	38|2573	1.214288125324088	0.9994926927238732	1.4752440533454136	0.05059647
Endocrine	Subarachnoid haemorrhage	164|54634	1|46	17.044030071818153	0.9871216449301022	294.28891827168036	0.0510469
Male genital	Diabetic neuropathy	222|24315	1|164	0.6428454122864108	0.41202589486236835	1.0029714861385741	0.05154376
Solid	Sleep apnoea	2312|54634	54|621	1.1746003945408272	0.9988589954412804	1.381262113223442	0.05163221
All	Barretts oesophagus	2782|54634	13|57	1.4630627318033211	0.9970369186167638	2.1469140382098244	0.05179482
Urinary	Peptic ulcer	212|54634	19|1199	1.341440450951456	0.9975615777931591	1.8038610583114878	0.05191355
Colorectal	Hearing loss	241|54634	28|2216	1.2664098404922122	0.9979031614438852	1.6071638472163472	0.0520488
Ovarian	Epilepsy	117|30319	3|245	2.617236525862884	0.9914112161639073	6.909269252384914	0.05206658
Thyroid	Hypertrophic cardiomyopathy	121|54634	1|74	15.443064455496847	0.9672104261641942	246.5732722944658	0.05281728
Lung	Hyperprolactinaemia and prolactinoma	130|54634	1|192	15.124410077261533	0.9621474169343426	237.74712290349586	0.05329261
Solid	Alcohol dependence	2312|54634	109|2814	0.9124602099595681	0.8314965512354743	1.0013073818795395	0.05330516
Secondary	Chronic sinusitis	479|54634	78|6315	1.1413000415690944	0.9977494243515901	1.3055039202173617	0.05396219
Urinary	Urticaria	212|54634	15|2573	1.387807272808117	0.9941735599222841	1.937296568830157	0.05414644
Breast	Cholelithiasis	428|30319	41|1256	1.2020999671489256	0.9965881137570575	1.449991537197596	0.05432075
Digestive	Thalassaemia	534|54634	6|263	1.7940865381230573	0.9890728597021293	3.2543067729547634	0.05437506
Male genital	Diabetic eye	222|24315	36|1891	0.8462427686178677	0.713882134500338	1.0031443411022847	0.05437739
Skin	Gastritis and duodenitis	159|54634	37|6346	1.233090968938951	0.9959256428076854	1.5267337965033347	0.05453866
Haematopoietic	Ischemic stroke	515|54634	14|350	1.4134633934368666	0.9930419203172314	2.011877569023302	0.0547027
Solid	Schizophrenia and psychosis	2312|54634	41|616	1.1996933710294815	0.995983260764614	1.4450686484300568	0.05516068
Thyroid	Pulmonary hypertension	121|54634	1|60	13.821426044117315	0.943206158888774	202.5345319183094	0.05519838
Solid	Aplastic anaemias	2312|54634	7|45	1.7209991098484287	0.9877247234953449	2.998647159117146	0.0553139
Male genital	Subarachnoid haemorrhage	222|24315	2|24	3.6605009147423715	0.9706717901827377	13.804116986141326	0.0553589
Urinary	Non-rheumatic valvular heart disease	212|54634	10|456	1.5248621308919243	0.9902151462693161	2.3481811270899877	0.05544631
Haematopoietic	Urinary Incontinence	515|54634	33|1844	1.2330354810938347	0.994778599150411	1.5283566604013996	0.05584942
Endocrine	Hip fracture	164|54634	1|55	9.380096023381402	0.9451299950968371	93.09428529864896	0.05590165
Prostate	Unspecified or rare diabetes	196|24315	68|4166	0.8646893236286318	0.7448480031764217	1.0038123525992007	0.05613214
Thyroid	Chronic kidney disease	121|54634	1|68	13.248310038054607	0.9344708927281702	187.8257741683081	0.05614651
Thyroid	Portal hypertension	121|54634	1|68	13.248310038054607	0.9344708927281702	187.8257741683081	0.05614651
Gynaecological	Urticaria	361|30319	14|1812	0.8109612552924375	0.6540519084212039	1.0055137048265588	0.05614903
Solid	Crohns disease	2312|54634	17|253	1.3512904165307333	0.9919515635062317	1.840801362672918	0.05629235
Secondary	Psoriatic arthropathy	479|54634	3|78	2.562253129202159	0.9743421438203345	6.738024358019401	0.05648069
Haematopoietic	Congenital cardiac disease	515|54634	6|245	1.7795828804197702	0.9839425182980069	3.218597803620843	0.05659102
Non-Melanoma Skin	Scoliosis	129|54634	2|161	3.5599624604823012	0.962532545389663	13.166653720693304	0.05706951
Urinary	Non-malignant CNS tumour	212|54634	2|89	3.565342064376401	0.9623144987174392	13.209469516414567	0.05710473
Solid	Female infertility	1350|30319	86|1616	1.127251084055365	0.9962609875800111	1.2754639821745946	0.05735906
Skin	Cervical dysplasia	72|30319	2|196	3.5364379791966423	0.960066851467003	13.026586181570993	0.05759823
Skin	Polycystic ovarian syndrome	72|30319	2|196	3.5364379791966423	0.960066851467003	13.026586181570993	0.05759823
Lung	Interstitial pulmonary diseases with fibrosis	130|54634	3|66	2.5667794993217763	0.9693334971476144	6.7967908026758765	0.0577873
Digestive	Folate deficiency	534|54634	29|1450	1.2438868082196497	0.9927147867602668	1.5586091919838787	0.05790013
Secondary	Urinary calculus	479|54634	29|1373	1.2436094523877415	0.9925615234294246	1.558154767801762	0.05807946
Ovarian	Gout	117|30319	3|130	2.524169253304892	0.9652860468124871	6.600562020314239	0.05903157
Endocrine	Tuberculosis	164|54634	8|1380	1.5961683884343387	0.9815205187326814	2.595721103748988	0.05945492
Lymphoma	Urticaria	193|54634	13|2573	1.4133531475918224	0.9862552930424533	2.025405728009337	0.05948352
Solid	Diabetic neuropathy	2312|54634	45|293	1.1918467560287513	0.9929580475666375	1.4305727148668168	0.05954629
Haematopoietic	Subarachnoid haemorrhage	515|54634	3|46	2.5978105652973436	0.9619995270005226	7.015200677086029	0.05962426
Solid	Peripheral venous and lymphatic disease	2312|54634	130|1570	1.1024965510117972	0.9959574332615767	1.2204323241128638	0.05985254
Haematopoietic	Seborrheic dermatitis	515|54634	33|2622	1.2213551243814662	0.9915567263512678	1.5044104892939993	0.06007154
Gynaecological	Gastro-oesophageal reflux disease	361|30319	71|3760	1.1501300236185097	0.9940762589527257	1.3306816849466887	0.0600883
All	Sleep apnoea	2782|54634	62|621	1.1549464739506252	0.993696868602661	1.3423624445619093	0.06043758
Ovarian	Liver failure and transplant	117|30319	1|31	8.78582827444442	0.9080625637011127	85.00601341102548	0.06055677
All	Learning disability	2782|54634	14|264	1.3892082770341512	0.9852036380899823	1.958883993487578	0.06079663
Ovarian	Psoriatic arthropathy	117|30319	1|38	8.739124386171	0.9061434972456173	84.28278221839665	0.06082483
Secondary	Somatoform and dissociative disorders	479|54634	39|2700	1.2006811250788771	0.9915946164408186	1.4538553761971942	0.06099528
Solid	Respiratory failure	2312|54634	25|169	1.2762090451606718	0.9886900043716842	1.6473409458457753	0.06111571
Breast	Chronic sinusitis	428|30319	72|3635	1.143166450277664	0.9936450387257296	1.315187498662842	0.06136473
Digestive	Adrenal insufficiency	534|54634	2|31	3.469984058999692	0.9414390783392762	12.789770094260644	0.06157575
Ovarian	Hypopituitarism	117|30319	1|35	8.60273348629214	0.8978951293145913	82.4227919497296	0.06195965
Male genital	Non-rheumatic valvular heart disease	222|24315	14|236	1.3983626269740994	0.9827928829175189	1.9896542501539602	0.06238706
Endocrine	Gout	164|54634	4|571	2.090925937158053	0.9625221115934223	4.542203469427456	0.06239233
All	Rheumatic valve disorder	2782|54634	13|79	1.4270123600215923	0.9816251936619671	2.074482489653416	0.0624844
Urinary	Parkinsons disease	212|54634	2|34	3.4354227863252733	0.9367580947805625	12.598908711397447	0.06267992
Respiratory	Dysmenorrhoea	47|30319	5|1786	1.8859581610416367	0.9652401775094058	3.6849255429640384	0.06338567
Cervical	Congenital cardiac disease	137|30319	2|132	3.381704931761463	0.9342537469260197	12.240708997023024	0.06340012
Non-Melanoma Skin	Oesophagitis and oesophageal ulcer	129|54634	14|2028	1.390794268314208	0.981641881432105	1.9704830583977477	0.06348686
Kidney	Osteoporosis	182|54634	6|323	1.7448594360447753	0.967631641275622	3.1463775280652286	0.06422508
Gynaecological	Urinary Incontinence	361|30319	36|1586	1.2093064337239785	0.9888179886888163	1.4789597958117602	0.06423913
Prostate	Glaucoma	196|24315	14|251	1.3921105822103401	0.9804048503725455	1.9767057174039888	0.06440432
Kidney	Fatty liver disease	182|54634	17|2125	1.3357834851933945	0.9827790452911446	1.8155836023007736	0.0644491
Ovarian	Depression	117|30319	33|5163	1.2374489969184383	0.9872014865574961	1.551132206368761	0.0645657
Endocrine	Spinal stenosis	164|54634	3|306	2.4405294415274543	0.945537585207485	6.299256685449797	0.06514768
Lung	Ischemic stroke	130|54634	9|350	1.5410284219452766	0.9729859857835615	2.440701748988408	0.0652897
Haematopoietic	End stage renal disease	515|54634	5|130	1.874408231986537	0.9609755428726009	3.6560828693271716	0.06529692
Uterine	Migraine	102|30319	5|3246	0.7398165713976785	0.5367869308637758	1.0196383850737152	0.0655965
Haematopoietic	Cardiac conduction defects	515|54634	16|366	1.3601146531753514	0.9802986586705995	1.887090075478635	0.06563595
Gynaecological	Dementia	361|30319	4|54	2.082141642876552	0.9533018203115049	4.547682306516569	0.06576582
All	Erectile dysfunction	1209|24315	267|2909	1.076629470019332	0.9950497132562988	1.1648975928256422	0.06627469
All	Male infertility	1209|24315	267|2909	1.076629470019332	0.9950497132562988	1.1648975928256422	0.06627469
Male genital	Dementia	222|24315	1|75	0.6334007251658854	0.3889143887185413	1.0315804461814777	0.06649757
Haematopoietic	Sjogrens disease	515|54634	3|77	2.441186032254719	0.9410361157053939	6.33279546301836	0.0664994
Colorectal	Rosacea	241|54634	6|477	1.7285086764357376	0.9628781180918341	3.1029288010350973	0.06676163
Digestive	Atrial fibrillation and flutter	534|54634	19|316	1.310533098692547	0.9800903477355628	1.752386406760212	0.06810184
Male genital	Spondylosis	222|24315	27|698	1.2512649504656408	0.983063266770642	1.592638062255119	0.06857463
Bladder	Peripheral venous and lymphatic disease	163|54634	3|1570	0.715513365654554	0.4986906277347405	1.0266071747845738	0.06915151
Ovarian	Gastrointestinal polyp	117|30319	7|504	1.6376871957357018	0.9616206123103818	2.789061836593611	0.06938099
Secondary	Diabetic eye	479|54634	95|3243	1.1258699210522334	0.9905865188459504	1.2796288411101304	0.06949413
Breast	Bone and joint infections	428|30319	4|73	2.038530081801441	0.9440161924166572	4.402048320560208	0.06978239
Non-Melanoma Skin	Chronic ulcer of skin	129|54634	5|506	1.8365797310319132	0.9512831514558447	3.5457635334707374	0.07011021
Prostate	Visual impairment	196|24315	4|349	0.7273423532370215	0.5149181927321687	1.0273998982349763	0.07082373
Lymphoma	Dysmenorrhoea	72|30319	7|1786	1.6279377015712053	0.9592892819527707	2.7626506519515313	0.07092336
Ovarian	Hyperprolactinaemia and prolactinoma	117|30319	2|173	3.2113454736737537	0.9037675921251251	11.410831546897425	0.07129704
Lymphoma	Anxiety and phobia	193|54634	25|5138	1.2541411554116675	0.9804663432931587	1.6042060479245082	0.07139696
Non-Melanoma Skin	Gastritis and duodenitis	129|54634	33|6346	1.2324918323300356	0.9817005068358012	1.5473518717601331	0.07172234
Secondary	Urticaria	479|54634	36|2573	1.200101336125768	0.9837542490718796	1.464027442147922	0.07209775
Non-Melanoma Skin	Schizophrenia and psychosis	129|54634	4|616	2.010362391301917	0.9385332074912919	4.306248209548473	0.0723711
Prostate	Hypertension	196|24315	129|4760	1.1540482750385739	0.9867534619584345	1.34970635773215	0.07295535
Endocrine	Spondylosis	164|54634	10|1570	1.4745192434222458	0.9641940383800656	2.2549475651969177	0.07317081
Lymphoma	Diverticular disease	193|54634	7|409	1.621513544826742	0.9554007433265929	2.752045353138047	0.07330149
Haematopoietic	Subdural haematoma	515|54634	3|48	2.4115603834453876	0.9198576032450837	6.322308433921559	0.07343449
Urinary	Unspecified or rare diabetes	212|54634	78|7919	1.1542190868230398	0.9864757930859559	1.3504859518337213	0.07344622
Respiratory	Gastro-oesophageal reflux disease	149|54634	43|6440	1.197186235875025	0.9827524713050418	1.4584088315395702	0.07389895
Solid	Heart failure	2312|54634	98|662	1.1188999330544938	0.9890607297869587	1.2657838113328133	0.07422782
Endocrine	Diabetic eye	164|54634	17|3243	1.3385085878726353	0.9718087238978003	1.8435780578537075	0.07427322
Solid	Tuberculosis	2312|54634	95|1380	1.1140065263824446	0.9894589424789793	1.2542314668595207	0.07429087
Secondary	Interstitial pulmonary diseases with fibrosis	479|54634	5|66	1.830402704961002	0.9416168388173276	3.5581076338191107	0.07464933
Kidney	Seborrheic dermatitis	182|54634	13|2622	1.3810043164228445	0.9681346307724308	1.9699459779234232	0.07486283
Skin	Oesophagitis and oesophageal ulcer	159|54634	15|2028	1.350459628418097	0.9702465737943605	1.879667764097334	0.0749204
Male genital	Obstructive and reflux uropathy	222|24315	7|240	1.6147190844047687	0.9527802019183227	2.736536418673913	0.07503016
Respiratory	Interstitial pulmonary diseases with fibrosis	149|54634	3|66	2.3592411011161616	0.9157438803591804	6.078138978130709	0.07545239
Lymphoma	Tinnitus	193|54634	9|1052	1.498428661447939	0.9590347587205478	2.341196117275364	0.07568586
Uterine	Diverticular disease	102|30319	5|180	1.8137998330735807	0.940049448795586	3.4996774251320604	0.07579272
Solid	Dysmenorrhoea	1350|30319	88|1786	1.1158428068933046	0.988448686687084	1.259655849074637	0.07636982
Male genital	Nasal polyp	222|24315	1|312	0.6534214186822785	0.40803056221242445	1.046391103837174	0.07652001
Digestive	Macular degeneration	534|54634	10|110	1.4687827550906858	0.9596582571810481	2.248011482742639	0.07666578
Non-Melanoma Skin	Bone and joint infections	129|54634	2|173	3.1062928328027346	0.8853592005429525	10.898463761605786	0.07674904
Thyroid	Gout	121|54634	3|571	2.3181257666928063	0.9134566857473037	5.882826360626891	0.07681214
Endocrine	Constipation	164|54634	35|7662	1.2094830053527175	0.9793197901444632	1.4937399968413292	0.07740176
Colorectal	Vitamin B12 deficiency	241|54634	23|1908	1.2623486578354801	0.9745252983820133	1.6351798527803612	0.07763954
Urinary	Menorrhagia and polymenorrhoea	67|30319	15|3718	1.3612794097631675	0.9663605444345086	1.917588256388859	0.07768758
Skin	Irritable bowel syndrome	159|54634	10|1690	1.4540241669729674	0.9592792286537751	2.2039320929615247	0.07771835
Solid	Chronic sinusitis	2312|54634	324|6315	1.0591932145740517	0.9935794762145566	1.1291399356134135	0.07797168
Urinary	Pulmonary hypertension	212|54634	2|60	3.115594547506443	0.8803833864187379	11.025798003683546	0.07799803
Secondary	Unspecified or rare diabetes	479|54634	176|7919	1.0986077540270398	0.9895004768792667	1.2197457458684995	0.07803249
Lung	Tinnitus	130|54634	11|1052	1.4311738762408748	0.960342814334079	2.1328411411654433	0.07820402
Ovarian	Urticaria	117|30319	3|1812	0.7178231855072699	0.49610752077184	1.0386259108714	0.07858971
Thyroid	Rheumatic valve disorder	121|54634	1|79	6.995450435720522	0.7999346837178982	61.17540318564327	0.07870657
Uterine	Aplastic anaemias	102|30319	1|29	7.004340301643877	0.7982243345894761	61.462399647919064	0.07898122
Colorectal	Parkinsons disease	241|54634	2|34	3.084038686860509	0.8763361576904316	10.8534773312551	0.07936758
Cervical	Peptic ulcer	137|30319	4|448	1.9690141775264314	0.9231840686858304	4.199614099514405	0.07957087
Skin	Liver fibrosis, sclerosis and cirrhosis	159|54634	2|131	3.0458499745700753	0.8742840466144763	10.611199075990228	0.08028678
Non-Melanoma Skin	Non-rheumatic valvular heart disease	129|54634	6|456	1.676147491036981	0.9393967547442599	2.990717604165465	0.08039964
Prostate	Tuberculosis	196|24315	5|701	0.7501335662307159	0.543440094612418	1.0354413904394195	0.08042538
Lymphoma	Female genital prolapse	72|30319	6|884	1.6795753607377846	0.9382142354989527	3.0067475909670405	0.08092589
Prostate	Non-rheumatic valvular heart disease	196|24315	13|236	1.3796916056108521	0.9611293112606034	1.9805336329784637	0.08097673
Skin	Folate deficiency	159|54634	9|1450	1.4834241049706849	0.9523295291687435	2.31069919372222	0.08116048
Colorectal	Psychoactive substance misuse	241|54634	28|2298	1.2339408613708711	0.9742144743908918	1.5629105185618073	0.08127324
Cervical	Diverticular disease	137|30319	2|180	3.027690143733217	0.870029256272054	10.53632109538259	0.08165403
Prostate	Chronic viral hepatitis	196|24315	6|321	1.6690072690454136	0.9365232227701988	2.9743899525382598	0.0822909
Bladder	Other haemolytic anaemias	163|54634	2|192	3.0115954856335647	0.8682467244097223	10.446002402432915	0.0823237
Solid	Sarcoidosis	2312|54634	3|98	0.7105144456385094	0.48319203323876897	1.0447829076923885	0.0823337
Breast	Rheumatic valve disorder	428|30319	3|47	2.2726010215299035	0.9000858241838894	5.738025490782086	0.08234471
Lung	Spinal stenosis	130|54634	6|306	1.6694646396940493	0.9358035752775395	2.9783089708352346	0.08268116
Non-Melanoma Skin	Gastrointestinal polyp	129|54634	10|1066	1.4499107459200093	0.9522536124847574	2.2076484074960314	0.08328822
Respiratory	Thalassaemia	149|54634	2|263	2.985657528077631	0.8633996165302652	10.324478612568573	0.08399334
Thyroid	Cholelithiasis	121|54634	1|1625	0.6588627739016183	0.41024392383714414	1.0581513329266543	0.08431817
Non-Melanoma Skin	Hypopituitarism	129|54634	1|65	6.591823385499523	0.7736723619387138	56.16348429034413	0.08448408
Lung	Somatoform and dissociative disorders	130|54634	11|2700	1.4146851535331546	0.9535545169118346	2.0988145387938713	0.08476315
Ovarian	Chronic kidney disease	117|30319	1|31	6.587869477759163	0.771875817544031	56.22669251911767	0.08483269
Ovarian	Portal hypertension	117|30319	1|31	6.587869477759163	0.771875817544031	56.22669251911767	0.08483269
Thyroid	Visual impairment	121|54634	4|712	1.9374254420841925	0.9129374419108	4.111582208501294	0.08493705
Breast	Anxiety and phobia	428|30319	74|3419	1.1283653584873399	0.9834908231548124	1.294580846367334	0.08496704
Lymphoma	Thrombocytopenia	193|54634	3|247	2.23616870072889	0.8933921649736402	5.597150561833136	0.08558125
Skin	Urticaria	159|54634	12|2573	1.38443622637465	0.9553344026023529	2.006275142690816	0.08568873
Kidney	Menorrhagia and polymenorrhoea	57|30319	13|3718	1.384106769759665	0.9546017511297176	2.0068594550841232	0.08636638
Solid	Neuromuscular bladder dysfunction	2312|54634	46|477	1.1654415172674513	0.9783219841338046	1.3883506168710316	0.08642602
Endocrine	Cholelithiasis	164|54634	2|1625	0.6980343258453964	0.4627875247752024	1.052863126107641	0.08646667
Thyroid	Autonomic neuropathy	121|54634	1|87	6.45445119148386	0.7651896250418883	54.443942808250775	0.08652918
Respiratory	Alopecia	149|54634	3|566	2.219575585711528	0.8886263104851251	5.543967945307803	0.0877891
Ovarian	Obesity	117|30319	26|3940	1.2438345660707972	0.9680787129310802	1.5981390842365029	0.0879519
Skin	Sleep apnoea	159|54634	0|621	0.5963777523639671	0.3292688923666186	1.080170133772269	0.08809453
Cervical	Tuberculosis	137|30319	6|679	1.6397765786088003	0.9288676270881322	2.8947797827589272	0.08809557
Uterine	Hidradenitis suppurativa	102|30319	1|82	6.363382018940364	0.7580987687858599	53.41339728571897	0.08821898
Gynaecological	Non-malignant CNS tumour	361|30319	3|65	2.217430293536082	0.8876543298157651	5.539315183323724	0.08821932
Lung	Cardiomyopathy	130|54634	3|111	2.233853229576091	0.8864091503447833	5.629567620490548	0.08832224
Solid	Dementia	2312|54634	34|129	1.213414152541812	0.9713417848395384	1.5158144420112578	0.0884047
Breast	Fibromyalgia	428|30319	20|500	1.2678492995289428	0.9646176054102331	1.6664031812195852	0.08881219
Endocrine	Nephritides	164|54634	3|332	2.205686944861177	0.885846459207658	5.491984359324031	0.08921103
Prostate	Gastrointestinal polyp	196|24315	21|562	1.2672421451395535	0.9640725190217789	1.665748813219329	0.08956014
Colorectal	Tuberculosis	241|54634	14|1380	1.339151226215678	0.9557523190399799	1.8763501494574322	0.08969465
Gynaecological	Liver fibrosis, sclerosis and cirrhosis	361|30319	3|67	2.2032488036407902	0.8840368956984728	5.491066395944044	0.08998955
Male genital	Non-spinal osteoarthritis	222|24315	64|1574	1.156252301119589	0.9773543585832676	1.3678962723226487	0.09047391
Haematopoietic	Cervical dysplasia	236|30319	4|196	1.9034670757490137	0.9029807893896801	4.012473965154224	0.09068982
Haematopoietic	Polycystic ovarian syndrome	236|30319	4|196	1.9034670757490137	0.9029807893896801	4.012473965154224	0.09068982
Thyroid	Folate deficiency	121|54634	7|1450	1.5591253641122698	0.9319181966346073	2.608460602869128	0.09074899
Ovarian	Visual impairment	117|30319	5|363	1.7450234605407942	0.9149611807650374	3.3281268559302446	0.09098935
Skin	Seborrheic dermatitis	159|54634	12|2622	1.3739695060569728	0.950344394077975	1.9864295673632926	0.09118081
Haematopoietic	Bronchiectasis	515|54634	8|204	1.512661980902213	0.9348128221014733	2.447705267160563	0.09189653
Respiratory	Hyperprolactinaemia and prolactinoma	149|54634	1|192	6.13628800565629	0.7436895520350332	50.63138292762714	0.09199545
Uterine	Irritable bowel syndrome	102|30319	1|1017	0.6624613913682107	0.41031636289906903	1.0695529955295897	0.09201154
Skin	Peripheral arterial disease	159|54634	5|323	1.7387926620490926	0.9134005281565659	3.310048361475799	0.09213894
Urinary	Depression	212|54634	46|7686	1.169375680522403	0.9746573827970186	1.4029950486529226	0.09222492
Respiratory	Menorrhagia and polymenorrhoea	47|30319	11|3718	1.4209135360382914	0.9436120889603534	2.1396454120477784	0.09255024
Colorectal	Unspecified or rare diabetes	241|54634	92|7919	1.133091797060585	0.9795623546014431	1.310684321967812	0.09256421
Bladder	Intervertebral disc disorders	163|54634	16|1731	1.3079761252481048	0.9564946915371306	1.7886158275167319	0.09268007
Uterine	Type 2 Diabetes	102|30319	44|4283	1.2111411326278891	0.9684624579244739	1.514630568423707	0.09312866
Non-Melanoma Skin	Peripheral venous and lymphatic disease	129|54634	10|1570	1.425115695144491	0.9423416729793919	2.155221192888474	0.0932301
Skin	Cardiovascular disease	159|54634	37|4464	1.214222555535721	0.9678067210293985	1.5233789788146264	0.09349417
Haematopoietic	Diabetic neuropathy	515|54634	11|293	1.399887673236722	0.9446481394785258	2.0745136901046872	0.09368969
Ovarian	Non-diabetic peripheral neuropathies	117|30319	5|353	1.733109163836937	0.9108861519033226	3.297522272678445	0.09381622
Respiratory	Nasal polyp	149|54634	5|590	1.7281249901003277	0.910631977265228	3.2794982561209167	0.09421014
Secondary	Female genital prolapse	281|30319	25|884	1.2316626443799197	0.9648048365634145	1.5723313276127298	0.09444124
Kidney	Peptic ulcer	182|54634	16|1199	1.3098766860551978	0.954621454313197	1.7973374942692484	0.09446754
Lymphoma	Diabetic eye	193|54634	28|3243	1.228779008083538	0.965115167697425	1.5644742733751482	0.09455145
Non-Melanoma Skin	Thalassaemia	129|54634	2|263	2.8199805845077743	0.8348898491656519	9.524957699447343	0.09503537
Bladder	Tinnitus	163|54634	10|1052	1.4182050177596566	0.9399950403080866	2.1396979623844135	0.09589381
Male genital	Alllergic and chronic rhinitis	222|24315	53|4769	1.155800294842837	0.9746737103942548	1.370586184189198	0.09591099
Endocrine	Hearing loss	164|54634	12|2216	1.3696811835212412	0.9454101731477198	1.9843519752341616	0.09627197
All	Dysmenorrhoea	1573|30319	100|1786	1.1004039063517956	0.983043137773273	1.231775809815549	0.09635661
Uterine	Asthma	102|30319	13|3512	0.8075857803432803	0.6275041214185989	1.0393474247439967	0.09687683
Breast	Obesity	428|30319	98|3940	1.109794651986941	0.9813349307504858	1.2550701406673692	0.09695427
Lymphoma	Other haemolytic anaemias	193|54634	2|192	2.7906094141720392	0.8291417411449925	9.392243226968123	0.09743597
Colorectal	Thrombocytopenia	241|54634	4|247	1.8747737772312774	0.8909916705355271	3.9447918897844336	0.09774242
Prostate	Nasal polyp	196|24315	1|312	0.661190685764524	0.40500729487531417	1.079420367172275	0.09804914
All	Sarcoidosis	2782|54634	4|98	0.7361944476279366	0.5119956244373232	1.0585681573232866	0.09836524
Respiratory	Eating disorders	149|54634	5|464	1.7223833495225296	0.9036906305540499	3.2827654757177602	0.09848147
Secondary	Menorrhagia and polymenorrhoea	281|30319	54|3718	1.149105714165092	0.9743899189355754	1.3551494290594888	0.09859958
Ovarian	Psychoactive substance misuse	117|30319	6|716	1.609619796715624	0.9148945008240297	2.8318848650257378	0.09865431
Non-Melanoma Skin	Heart failure	129|54634	9|662	1.4585225918650253	0.931592902140509	2.283495447520938	0.09890497
Non-Melanoma Skin	Macular degeneration	129|54634	3|110	2.1512520037964875	0.8659933581689319	5.3440192585583635	0.09892573
Digestive	Chronic sinusitis	534|54634	83|6315	1.1137135811899874	0.9799471473964233	1.265739631185699	0.09900118
Gynaecological	Nasal polyp	361|30319	7|278	1.5340587488072173	0.9225236744835057	2.550976533051609	0.09910661
Kidney	Cardiac conduction defects	182|54634	8|366	1.4902248282241415	0.9272135622133416	2.3951009014088354	0.09938604
Male genital	Gastro-oesophageal reflux disease	222|24315	53|2680	1.1554998258288423	0.9728863882520559	1.3723903053976803	0.09959793
Colorectal	Crohns disease	241|54634	3|253	2.1335473137760563	0.8651648951384738	5.261452661451841	0.09986724
Cervical	Glaucoma	137|30319	2|198	2.7664640817787203	0.8231914177421005	9.297137155248508	0.09989029
Colorectal	Diabetic neuropathy	241|54634	8|293	1.4862646113616043	0.9263404641893189	2.384633491012441	0.1004242
Secondary	Hyperprolactinaemia and prolactinoma	479|54634	3|192	2.1255572430008947	0.8639223386843955	5.229629320794841	0.1006815
Haematopoietic	Non-malignant CNS tumour	515|54634	3|89	2.1343262006837977	0.8632072379953302	5.277236022145102	0.1006924
Ovarian	Non-spinal osteoarthritis	117|30319	26|2445	1.2581595770062601	0.9562964881158044	1.6553083075014698	0.1008536
Prostate	Hyperparathyroidism	196|24315	2|22	2.774775935570855	0.8167750162112597	9.42656342298264	0.1019155
Male genital	Rosacea	222|24315	4|114	1.8613238837552153	0.8836620728148068	3.9206464855979806	0.1021328
Secondary	Migraine	479|54634	44|4017	1.1587189020030804	0.9707541687689785	1.3830787825117703	0.1028246
Endocrine	Non-diabetic peripheral neuropathies	164|54634	5|691	1.6947953566437122	0.8989803701092695	3.1950990215191912	0.102932
Male genital	Non-acute cystitis	222|24315	2|19	2.756191953399105	0.8144273913272058	9.327527738970597	0.1031067
Male genital	Aortic aneurysm	222|24315	4|36	1.8629308995944929	0.8815400184909787	3.93687349849956	0.1031606
All	Schizophrenia and psychosis	2782|54634	45|616	1.1550515788619558	0.9711662870057569	1.373754595564527	0.1032494
Endocrine	Pulmonary hypertension	164|54634	1|60	5.559343356838804	0.7051804157808224	43.827505511488496	0.103436
Uterine	Gastro-oesophageal reflux disease	102|30319	28|3760	1.2252905505555969	0.9593375162304668	1.5649726064920861	0.1036339
Haematopoietic	Peripheral venous and lymphatic disease	515|54634	28|1570	1.2068455837451006	0.9621021970684214	1.5138477673609068	0.1039743
Respiratory	Female genital prolapse	47|30319	6|884	1.6087878383604879	0.9063758984812637	2.8555462619796415	0.1043311
Lymphoma	Spondylosis	193|54634	5|1570	0.7599413649953383	0.5454650202298392	1.0587496114556267	0.1046822
Secondary	Spinal stenosis	479|54634	13|306	1.3371948176061204	0.9409477001057921	1.9003075091544703	0.1051176
Digestive	Type 1 Diabetes	534|54634	16|422	1.2917759796980721	0.9475796521170262	1.7609972713078383	0.1053577
Digestive	Subdural haematoma	534|54634	3|48	2.120093094034013	0.8533900223003065	5.266987672594331	0.105548
Male genital	Other anaemias	222|24315	34|953	1.1937886628308032	0.9632984868674265	1.4794286412073339	0.1055808
Endocrine	Tinnitus	164|54634	7|1052	1.5212859546824458	0.9145969889205902	2.5304161110845516	0.1060669
Endocrine	Chronic kidney disease	164|54634	1|68	5.429896103668043	0.6965394827524701	42.328930989123954	0.1063458
Endocrine	Portal hypertension	164|54634	1|68	5.429896103668043	0.6965394827524701	42.328930989123954	0.1063458
Colorectal	Obesity	241|54634	42|5337	1.1687245196334948	0.967198568237059	1.4122405136333482	0.1063929
Urinary	Retinal vascular occlusions	212|54634	3|85	2.1040309398095114	0.852863131343209	5.1906877352096545	0.1064084
Lung	Personality disorder	130|54634	5|749	1.6847749600186448	0.8942626813087773	3.174086009886552	0.1064896
Skin	Scoliosis	159|54634	2|161	2.6912048689328856	0.808468081021768	8.958403945168321	0.1066401
Haematopoietic	Tinnitus	515|54634	21|1052	1.2446507892380678	0.9539682967540849	1.6239067822505304	0.1067998
Bladder	Scoliosis	163|54634	2|161	2.6790787890417036	0.8085646178737775	8.876795990365252	0.1068884
All	Heart failure	2782|54634	114|662	1.0990310192495394	0.9798329314135595	1.2327297262096961	0.1069247
Non-Melanoma Skin	Thyroid disease	129|54634	14|2967	1.3209695836115896	0.9413838363149761	1.8536122817421443	0.1072837
Male genital	Gastritis and duodenitis	222|24315	59|2816	1.1460646152582823	0.9707228682761899	1.3530783555965515	0.1075588
Gynaecological	COPD	361|30319	7|158	1.521929594761556	0.9124426908917205	2.5385371755758253	0.107625
Ovarian	Respiratory failure	117|30319	2|95	2.6751220353527643	0.8060833579894806	8.877838542503824	0.1078837
Non-Melanoma Skin	Seborrheic dermatitis	129|54634	10|2622	1.3971312120176715	0.9292817714192139	2.100520728619135	0.1079528
Non-Melanoma Skin	Sleep apnoea	129|54634	0|621	0.5964063791831187	0.3175095443996363	1.1202830762234104	0.1080834
Bladder	Migraine	163|54634	13|4017	1.3326600734344516	0.938536360968167	1.8922898943353301	0.1084091
Gynaecological	Interstitial pulmonary diseases with fibrosis	361|30319	2|30	2.6678876047211033	0.804398343809385	8.848382553496577	0.1086753
Non-Melanoma Skin	Constipation	129|54634	31|7662	1.2061940630562962	0.959254249347893	1.5167033335961864	0.1087024
Secondary	Retinal detachments	479|54634	8|181	1.469108861058739	0.9180234720560613	2.3510083471041185	0.108834
Kidney	Chronic sinusitis	182|54634	30|6315	1.1973957617992868	0.96045602621761	1.4927873543791466	0.1092982
Male genital	Erectile dysfunction	222|24315	64|2909	1.1396577522413385	0.971052259355031	1.3375385101379105	0.1095114
Male genital	Male infertility	222|24315	64|2909	1.1396577522413385	0.971052259355031	1.3375385101379105	0.1095114
Digestive	Interstitial pulmonary diseases with fibrosis	534|54634	5|66	1.6849114323174597	0.8893009983078797	3.192312321875102	0.109562
All	Other haemolytic anaemias	2782|54634	18|192	1.271828972123275	0.9470397235019788	1.7080053710426712	0.109973
Colorectal	Menorrhagia and polymenorrhoea	111|30319	24|3718	1.2338927386156775	0.953437275056612	1.596844732463492	0.1101398
Lymphoma	Thyroid disease	193|54634	16|2967	1.2880996594007652	0.9441423969365816	1.757362806640084	0.1101897
Uterine	Other anaemias	102|30319	26|4124	1.224231132493735	0.9550331758450797	1.5693086938479408	0.1102977
Ovarian	Enthesopathies	117|30319	29|3843	1.2185650768474425	0.9559267788739712	1.5533625370986512	0.1104744
Respiratory	Spinal stenosis	149|54634	6|306	1.5809975364445028	0.9000042441020505	2.777268248037467	0.111051
Kidney	Aortic aneurysm	182|54634	2|41	2.640874203411176	0.799722569167409	8.720794969564842	0.1110894
Non-Melanoma Skin	Gastro-oesophageal reflux disease	129|54634	30|6440	1.2065789003406946	0.9576269709332795	1.5202502508137816	0.1112121
Thyroid	Cardiovascular disease	121|54634	15|4464	1.3247860835142866	0.9369676897459454	1.8731256011069055	0.1114813
Urinary	Hyperparathyroidism	212|54634	2|74	2.6494286156138314	0.7978954381537595	8.797483546811213	0.1115496
Bladder	Barretts oesophagus	163|54634	2|57	2.628388708308577	0.7977392893398256	8.66000621290841	0.1121644
Colorectal	Bone and joint infections	241|54634	3|173	2.0554689059553475	0.8438827464874689	5.006563341809015	0.1126733
Uterine	Hypopituitarism	102|30319	1|35	5.1815280338451135	0.6778619671791372	39.60722693625868	0.1128941
All	Pulmonary hypertension	2782|54634	11|60	1.382999927139937	0.9261238740598778	2.065262382325118	0.1129936
Solid	Erectile dysfunction	962|24315	224|2909	1.071486032090446	0.9837612298167986	1.167033505862729	0.1131189
Solid	Male infertility	962|24315	224|2909	1.071486032090446	0.9837612298167986	1.167033505862729	0.1131189
Uterine	Polymyalgia rheumatica	102|30319	2|52	2.61578697838928	0.794289654582358	8.614416009117809	0.1138171
Respiratory	Cardiomyopathy	149|54634	3|111	2.0596725214613487	0.8409690341168288	5.044479313222382	0.1138738
Skin	Type 1 Diabetes	159|54634	0|422	0.5946549247980452	0.3121262767131553	1.1329212116016152	0.1139892
Colorectal	Hypertension	241|54634	116|9327	1.1277990612298834	0.9714572920157176	1.3093017397314746	0.114187
Colorectal	Hyperplasia of prostate	130|24315	21|776	1.261185308759292	0.94565461218051	1.6819971716340059	0.1141927
Breast	Post-traumatic stress disorders	428|30319	44|1965	1.1519048921869108	0.9663856160177006	1.373038731797344	0.11448
Thyroid	Retinal vascular occlusions	121|54634	1|85	5.1052018984894625	0.6736482423014291	38.68945955429108	0.1146376
Endocrine	Hypertrophic cardiomyopathy	164|54634	1|74	5.10367056763103	0.6736442004241011	38.66648483948165	0.1146504
Solid	Autonomic neuropathy	2312|54634	10|87	1.3973477841394402	0.9216815366744168	2.1184983664581654	0.1150563
Lung	Hidradenitis suppurativa	130|54634	1|151	5.065333603532052	0.6709206535807819	38.24238287811438	0.1157091
Prostate	Diverticular disease	196|24315	13|229	1.3289883317885791	0.9322869364051136	1.894491831925344	0.1158623
Lung	Spondylosis	130|54634	18|1570	1.2681701059820287	0.9430870583351968	1.705309603702414	0.1158982
Solid	Diabetic eye	2312|54634	330|3243	1.056211764770289	0.986534936055555	1.130809717190134	0.1162626
Uterine	Female infertility	102|30319	8|1616	1.4537348449522358	0.9111179472635681	2.319507595888628	0.1165291
Bladder	Hearing loss	163|54634	19|2216	1.2571006525121946	0.9446300024083641	1.6729323084356362	0.1165735
Bladder	Interstitial pulmonary diseases with fibrosis	163|54634	2|66	2.578572625741627	0.7893532971253101	8.423397749067144	0.1167981
Prostate	Dementia	196|24315	1|75	0.659101325400987	0.3912116660793061	1.1104335448352238	0.1172538
Urinary	Hearing loss	212|54634	23|2216	1.2287802368631604	0.9495351974112993	1.5901473422174341	0.1172736
Haematopoietic	Erectile dysfunction	279|24315	56|2909	1.1428966948277937	0.9666218179269084	1.3513173723408187	0.1181028
Haematopoietic	Male infertility	279|24315	56|2909	1.1428966948277937	0.9666218179269084	1.3513173723408187	0.1181028
Lung	Crohns disease	130|54634	2|253	2.5643422166899748	0.7863568358059644	8.362426197463694	0.118412
Endocrine	Hypertrophy of nasal turbinates	164|54634	5|1009	1.6404801936756641	0.8808671667085041	3.0551431220874496	0.1187174
Haematopoietic	Hyperprolactinaemia and prolactinoma	515|54634	3|192	2.011225021788795	0.8341736874273216	4.849141311019554	0.1196627
Skin	Hypopituitarism	159|54634	1|65	4.91292751812934	0.6606034126852258	36.5375902317562	0.1199445
Breast	Liver fibrosis, sclerosis and cirrhosis	428|30319	4|67	1.7787644605457797	0.8604226473928551	3.6772660688184855	0.1201167
Haematopoietic	Migraine	515|54634	40|4017	1.1571452725386715	0.9625193664842745	1.3911254447268022	0.1203218
Colorectal	Alcohol dependence	241|54634	9|2814	0.8092284630493443	0.6193731257108381	1.0572798176505462	0.1207362
Male genital	Seborrheic dermatitis	222|24315	13|965	1.3180481921271854	0.9298537158424717	1.8683057422594125	0.1208025
Lymphoma	Respiratory failure	193|54634	3|169	2.009070143786409	0.8316483032241534	4.853449260950423	0.1210568
Cervical	Thyroid disease	137|30319	6|2354	0.7805925251941154	0.5707197017255722	1.0676426423455003	0.1210604
Non-Melanoma Skin	Ischemic stroke	129|54634	5|350	1.6397372244431656	0.8762074158397517	3.068609231808095	0.1219387
Gynaecological	Somatoform and dissociative disorders	361|30319	33|1935	1.1742562870394375	0.9576868819505782	1.439800266286621	0.1225054
Haematopoietic	Dermatitis	515|54634	125|11312	1.0889844884480264	0.9771777236104164	1.2135839647458053	0.1229999
Thyroid	Non-malignant CNS tumour	121|54634	1|89	4.798579804154602	0.65284783588946	35.2706509403812	0.1233134
Endocrine	Schizophrenia and psychosis	164|54634	4|616	1.7582341824919658	0.8577538746744303	3.604049520215296	0.1233177
Non-Melanoma Skin	Enthesopathies	129|54634	35|7084	1.1871387498588077	0.9542539576234313	1.476858859381825	0.123629
Solid	Non-diabetic peripheral neuropathies	2312|54634	72|691	1.1142806056983083	0.9708922353612507	1.2788456051184764	0.1236375
Skin	Non-rheumatic valvular heart disease	159|54634	6|456	1.5488938019781866	0.8873163399049222	2.7037392437329717	0.1237123
Skin	Chronic ulcer of skin	159|54634	5|506	1.628992947064438	0.8744915913062105	3.034469453985289	0.1241848
Breast	Hearing loss	428|30319	32|1148	1.1775358590613236	0.9557310251155269	1.4508168751848163	0.1248406
Kidney	Non-rheumatic valvular heart disease	182|54634	8|456	1.4379449841806868	0.9040542041903116	2.2871258912868555	0.1250286
Solid	Alllergic and chronic rhinitis	2312|54634	530|11166	1.0417511549675866	0.988689063139248	1.0976610436353678	0.1251474
Solid	Intracerebral haemorrhage	2312|54634	8|45	1.4560248253399748	0.900400765294909	2.354516315089909	0.1254844
Colorectal	Peripheral venous and lymphatic disease	241|54634	18|1570	1.251606592429124	0.9386967893127993	1.668823287825305	0.1262648
Thyroid	Eyelid ptosis	121|54634	1|103	4.695008861068599	0.6454902328168017	34.14940627268761	0.1266084
Skin	Bone and joint infections	159|54634	2|173	2.4814895379054973	0.7729560565042117	7.96654644842787	0.1267008
Urinary	Chronic sinusitis	212|54634	34|6315	1.1736974740548483	0.955620854793291	1.441540077001261	0.1267228
Kidney	Other haemolytic anaemias	182|54634	2|192	2.4819188727319466	0.772653518889788	7.972423784045011	0.126812
Ovarian	Vitamin B12 deficiency	117|30319	11|1292	1.350613589591357	0.9181824874917607	1.9867042698363588	0.1268918
Secondary	Alllergic and chronic rhinitis	479|54634	120|11166	1.0898729175060675	0.9755231302756754	1.2176266655794392	0.1280598
Kidney	Cholelithiasis	182|54634	13|1625	1.3084313801494496	0.9253099837883952	1.8501828647201768	0.1282988
Haematopoietic	Aortic aneurysm	515|54634	3|41	1.9966664201597162	0.8188274017601682	4.868763288604623	0.1283898
Endocrine	Ischemic stroke	164|54634	3|350	1.9712147951788799	0.8214356474468789	4.73036175238961	0.1286201
Non-Melanoma Skin	Atrial fibrillation and flutter	129|54634	5|316	1.6230839298818769	0.8681606680594216	3.0344630209168657	0.1292314
Secondary	Diabetic neuropathy	479|54634	14|293	1.2926637347050536	0.9273439746991224	1.8018982994565396	0.1298057
Solid	Supraventricular tachycardia	2312|54634	21|180	1.230026851950375	0.9405449477957338	1.608605798228724	0.1304655
Lung	Scoliosis	130|54634	2|161	2.4690118256419686	0.7651481834940432	7.967109543830401	0.1304974
Non-Melanoma Skin	Type 1 Diabetes	129|54634	0|422	0.5949380479202063	0.3033994575418266	1.1666180412148892	0.1306733
Gynaecological	Depression	361|30319	86|5163	1.1058452779945382	0.9705335181288606	1.2600222001817052	0.1308257
Secondary	Folate deficiency	479|54634	25|1450	1.2000809345764674	0.9471102237629835	1.5206194732138585	0.1310219
Prostate	Tinnitus	196|24315	13|412	1.3079211914044633	0.9229245796559282	1.8535185654743467	0.1312758
Thyroid	Cardiomyopathy	121|54634	1|111	4.555977012373026	0.6354519506146646	32.66482464518919	0.1313368
Lymphoma	Dermatitis	193|54634	48|11312	1.1461895431097897	0.9600201779915	1.3684613082641484	0.1313475
Gynaecological	Folate deficiency	361|30319	8|990	0.8085198893163199	0.6132788944717382	1.0659170196671408	0.1317308
Kidney	Urinary calculus	182|54634	13|1373	1.3024589788703624	0.9235358318882373	1.8368528140068083	0.1319365
Prostate	Post-traumatic stress disorders	196|24315	11|983	1.340899959366092	0.9152902599705355	1.9644180427374678	0.132151
Respiratory	Visual impairment	149|54634	11|712	1.3468977700437228	0.9138777766933748	1.9850943410755828	0.1323492
Kidney	Eating disorders	182|54634	4|464	1.7285864610763184	0.8462142337928099	3.531033908545606	0.133149
Skin	Gastro-oesophageal reflux disease	159|54634	33|6440	1.1799782427970489	0.9504111866290536	1.464996070188141	0.1338081
Urinary	Seborrheic dermatitis	212|54634	14|2622	1.2863310257982803	0.9252531714995458	1.7883186558005417	0.1341711
Bladder	Unspecified or rare diabetes	163|54634	61|7919	1.1436478246754318	0.9594249120214885	1.3632440960169203	0.1341881
Cervical	Menorrhagia and polymenorrhoea	137|30319	12|3718	0.8245108315132041	0.640380159344628	1.0615852183464405	0.1345194
Lung	Chronic ulcer of skin	130|54634	6|506	1.5269236118475933	0.8769103458998291	2.6587617848495886	0.134705
Male genital	Hyperparathyroidism	222|24315	2|22	2.4448945667171995	0.7565879601559719	7.900614016024007	0.1352034
Lymphoma	Peripheral venous and lymphatic disease	193|54634	11|1570	1.335247943399138	0.9135408372531536	1.9516227383030142	0.13543
Respiratory	Spondylosis	149|54634	19|1570	1.2418733429375572	0.9344890216393391	1.6503665256477742	0.1354337
Lymphoma	Psoriasis	193|54634	8|1162	1.4152086838871047	0.896773282236651	2.2333578158731813	0.135717
Kidney	Thrombocytopenia	182|54634	3|247	1.9286861118022127	0.812002321365531	4.581058477275237	0.1367056
Haematopoietic	Retinal vascular occlusions	515|54634	4|85	1.7340331572436303	0.8397492026491334	3.5806773986026075	0.1367766
Skin	Macular degeneration	159|54634	3|110	1.9407917337473994	0.8097857277117971	4.651443492867777	0.1370422
Digestive	Non-diabetic peripheral neuropathies	534|54634	24|691	1.2026013473657367	0.9429397219234227	1.533767182631571	0.137128
Respiratory	Post-traumatic stress disorders	149|54634	12|2948	1.3149386361287108	0.9158016839371703	1.8880327991432897	0.1379572
Respiratory	Schizophrenia and psychosis	149|54634	4|616	1.7129448091562944	0.8410721432408715	3.4886185956763813	0.1380541
Skin	Neuromuscular bladder dysfunction	159|54634	0|477	0.5979787863451193	0.3030595130660462	1.179895741602588	0.1380953
Lung	Aortic aneurysm	130|54634	2|41	2.4087284640732882	0.7526764385567551	7.708455474921007	0.1385366
Respiratory	Somatoform and dissociative disorders	149|54634	12|2700	1.3146349203842842	0.9153335725304044	1.8881258436922304	0.1385942
Ovarian	Dermatitis	117|30319	34|6763	1.1783038627834383	0.9481347931193005	1.4643487435817308	0.1389564
Lung	Chronic sinusitis	130|54634	23|6315	1.213017430981441	0.9390223858145031	1.5669608202029395	0.139314
Ovarian	Eating disorders	117|30319	3|301	1.9129546806904443	0.8070446854018558	4.534315976014808	0.1407149
Lung	Rheumatoid Arthritis	130|54634	8|819	1.4154775990831778	0.8912937322627013	2.2479422450552367	0.1409241
Cervical	Urticaria	137|30319	4|1812	0.7638857827576643	0.5336604839892491	1.0934320726491054	0.1410543
Skin	Menorrhagia and polymenorrhoea	72|30319	14|3718	1.29328824209531	0.9181085951386355	1.8217828326608936	0.1412269
Kidney	Hearing loss	182|54634	20|2216	1.2285590763255705	0.9337118501215179	1.6165130643094052	0.1415234
Endocrine	Intervertebral disc disorders	164|54634	9|1731	1.3765315970935221	0.8987021967111	2.108417276302669	0.1418236
Urinary	Alcohol dependence	212|54634	8|2814	0.8088935118053334	0.6094226045463902	1.073653501789263	0.1420846
Colorectal	Intervertebral disc disorders	241|54634	21|1731	1.2172667785914377	0.9362385255314151	1.58265054241528	0.1420913
Haematopoietic	Rheumatic valve disorder	515|54634	3|79	1.921127013445066	0.8032446672298426	4.594775604943148	0.1422286
Respiratory	Aortic aneurysm	149|54634	2|41	2.3809653150238854	0.7474035889716623	7.58491919893862	0.1422441
Haematopoietic	Coeliac disease	515|54634	3|106	1.9158262658619363	0.8033191475282415	4.569031240273597	0.1426126
Endocrine	Venous thromboembolism	164|54634	3|391	1.8993562253617724	0.8054126533882721	4.479137564630979	0.1427551
Colorectal	Dermatitis	241|54634	67|11312	1.1202960715824675	0.9623693329597889	1.3041389049078833	0.1428581
Male genital	Personality disorder	222|24315	1|279	0.6752988130946685	0.399180892567592	1.1424106099713933	0.143292
Breast	Heart failure	428|30319	12|225	1.3088475274922577	0.9117649612959614	1.8788634384322713	0.1445117
Thyroid	Gastrointestinal polyp	121|54634	5|1066	1.5794868250347736	0.8536498679103873	2.9224846441613	0.145397
Male genital	Retinal vascular occlusions	222|24315	4|45	1.7078341691650591	0.8306780034691321	3.5112252126417265	0.1455281
Secondary	Oesophagitis and oesophageal ulcer	479|54634	46|2028	1.136246174809961	0.9566388040568141	1.3495745356505455	0.1456622
Urinary	Dysmenorrhoea	67|30319	6|1786	1.5030734823076635	0.8679805954882123	2.6028576041446394	0.1457773
Lymphoma	Nephritides	193|54634	0|332	0.5951117951960668	0.29568359860385923	1.1977602087289496	0.1458518
Non-Melanoma Skin	Intracerebral haemorrhage	129|54634	1|45	4.164099309449887	0.6064630959605124	28.591555157199604	0.146717
Thyroid	Spinal stenosis	121|54634	2|306	2.3228107905558617	0.7429120594631087	7.2625688330082525	0.1473254
Secondary	Cerebrovascular disease	479|54634	27|692	1.1852372908693314	0.9418011877731818	1.491596585250425	0.1473884
Non-Melanoma Skin	Congenital cardiac disease	129|54634	2|245	2.3179310523065224	0.7431961141759587	7.229322463834574	0.1474535
Cervical	Post-traumatic stress disorders	137|30319	5|1965	0.7800642428982933	0.5571696429419963	1.0921273812324968	0.1479815
Haematopoietic	Cerebrovascular disease	515|54634	22|692	1.2115057409796144	0.933833315258903	1.5717431970390083	0.1485759
Non-Melanoma Skin	Hip fracture	129|54634	1|55	4.112865551319321	0.6023248748606708	28.083952280971452	0.1490854
Secondary	Peripheral venous and lymphatic disease	479|54634	34|1570	1.1582335004818611	0.9484557721034943	1.414409486552297	0.1496087
Non-Melanoma Skin	Other anaemias	129|54634	22|5077	1.215275742982156	0.9321714145658353	1.5843600312166881	0.1496096
Breast	Glaucoma	428|30319	11|198	1.31968886436474	0.9044951646886935	1.9254704355746433	0.1500916
Uterine	Chronic kidney disease	102|30319	1|31	4.073122889696124	0.5992995514349038	27.68286749897317	0.150899
Uterine	Portal hypertension	102|30319	1|31	4.073122889696124	0.5992995514349038	27.68286749897317	0.150899
Bladder	Diabetic eye	163|54634	34|3243	1.1703689020380403	0.9439951977299996	1.451027897336302	0.1514383
Digestive	Rosacea	534|54634	10|477	1.3370704642706026	0.8987307399461316	1.9892024907615378	0.1518008
Thyroid	Diabetic neuropathy	121|54634	2|293	2.2942224858740405	0.7365004441681505	7.146576565388145	0.1520235
Secondary	Subarachnoid haemorrhage	479|54634	2|46	2.305773050389707	0.7350716364212138	7.232749974938391	0.1520566
Breast	Thrombophilia	428|30319	3|95	1.8660837807554285	0.7945938304330135	4.3824511888052475	0.1520971
Colorectal	Autonomic neuropathy	241|54634	2|87	2.2976824856152387	0.7358134625491318	7.174841278947802	0.1521596
Secondary	Hypertrophy of nasal turbinates	479|54634	12|1009	1.2951778219864372	0.908990968952297	1.8454370261775	0.152205
Skin	Schizophrenia and psychosis	159|54634	4|616	1.667677600195406	0.8277690902498543	3.359812067099587	0.1524067
Bladder	Menorrhagia and polymenorrhoea	50|30319	11|3718	1.3345644714358709	0.8986265651168469	1.9819827251460311	0.1526361
Prostate	Constipation	196|24315	33|2517	0.8755736565110465	0.7298130598731034	1.0504460253279408	0.1526417
Ovarian	Autonomic neuropathy	117|30319	1|49	4.028523775330003	0.596061255210009	27.227073839384456	0.1529258
Secondary	Post-traumatic stress disorders	479|54634	38|2948	1.1464726868937556	0.9503872707828637	1.3830147585106811	0.1532076
Male genital	Other haemolytic anaemias	222|24315	2|48	2.294695144388286	0.7327468780455052	7.186145671100591	0.1538383
Ovarian	Gastritis and duodenitis	117|30319	26|3530	1.200513041487492	0.9337610020069746	1.5434694313468276	0.1540319
Breast	Cardiovascular disease	428|30319	67|1795	1.1148434595128123	0.9599721052247229	1.2947000568600344	0.1542568
Respiratory	Sleep apnoea	149|54634	1|621	0.6825168933965339	0.40351721822566505	1.1544223857905929	0.1543092
Digestive	Sleep apnoea	534|54634	17|621	1.2355398499079622	0.9234286340707534	1.653142066843927	0.154516
Ovarian	Gastro-oesophageal reflux disease	117|30319	26|3760	1.1972604637226887	0.9342238139154977	1.5343567533198468	0.154902
Ovarian	Rheumatic valve disorder	117|30319	1|47	3.9835365295066874	0.5926659030614364	26.774888178895672	0.1550686
Prostate	Non-spinal osteoarthritis	196|24315	60|1574	1.1312972691013399	0.9543365499690053	1.3410714607102865	0.155183
All	Dementia	2782|54634	38|129	1.1635317596084533	0.944192664415903	1.433824055872152	0.1552684
Non-Melanoma Skin	Menorrhagia and polymenorrhoea	59|30319	12|3718	1.3112986735482828	0.9022940989607682	1.9057026009922402	0.1553334
Respiratory	Tuberculosis	149|54634	10|1380	1.3368739293580247	0.8953058564826711	1.9962249660898512	0.1557954
Ovarian	Interstitial pulmonary diseases with fibrosis	117|30319	1|30	3.9815850747526897	0.5905775042809066	26.84325019591828	0.1558734
Non-Melanoma Skin	Psoriatic arthropathy	129|54634	1|78	3.951202646339695	0.5912258888294467	26.40615481732645	0.1562698
Prostate	Iron deficiency	196|24315	14|716	0.8389677599594828	0.6579147995547091	1.069845066151156	0.1568754
Cervical	Endometriosis	137|30319	1|735	0.6856643888839249	0.4064019437011884	1.1568243249575567	0.1573315
Colorectal	Chronic viral hepatitis	241|54634	6|616	1.4759782643208998	0.8604495274162235	2.531829895112405	0.1573368
Non-Melanoma Skin	Neuromuscular bladder dysfunction	129|54634	0|477	0.5981306922480839	0.2926667293017681	1.222415427481974	0.1587454
Prostate	End stage renal disease	196|24315	0|83	0.5862546661122604	0.2789470779277477	1.232113761834856	0.1587827
Ovarian	Venous thromboembolism	117|30319	3|265	1.835256034295855	0.7867076291758404	4.281342377406278	0.1600461
Colorectal	Coronary heart disease	241|54634	52|2984	1.1369736051147072	0.9498516960452005	1.3609587518871133	0.161749
Gynaecological	Bipolar disorder	361|30319	4|144	1.6403948909234838	0.8184109865574626	3.2879512156682593	0.1629749
Gynaecological	Gastrointestinal polyp	361|30319	14|504	1.2602574178777757	0.9101731343868046	1.744996308186994	0.1635759
Breast	Irritable bowel syndrome	428|30319	24|1017	1.1847076081932104	0.9332601549234306	1.5039023250982257	0.1637624
Urinary	Alopecia	212|54634	0|566	0.5979435066374865	0.28981050517829227	1.2336903967990267	0.1640206
Skin	Thalassaemia	159|54634	2|263	2.208498780788097	0.7229546670245739	6.746573591974227	0.1643412
Urinary	Macular degeneration	212|54634	4|110	1.6550943230757273	0.8135770195805505	3.367028753700293	0.1643482
Ovarian	Cardiomyopathy	117|30319	1|39	3.7975267516293396	0.5783243318007911	24.936196933709496	0.1646276
Lymphoma	Female infertility	72|30319	1|1616	0.6825899266113346	0.39808788559361985	1.1704174499469735	0.1651321
Colorectal	Neuromuscular bladder dysfunction	241|54634	7|477	1.4142169702359453	0.8668894317797465	2.307110417527255	0.1651528
Colorectal	Tinnitus	241|54634	14|1052	1.2596816118195113	0.9090674728514829	1.7455225388043794	0.1653954
Uterine	Cardiac conduction defects	102|30319	0|138	0.5874929694083137	0.27700613085200537	1.2459940436791208	0.1655537
Male genital	Sleep apnoea	222|24315	3|409	0.7514301661914001	0.5016569095792999	1.1255646715520384	0.1656766
Urinary	Gestational diabetes	212|54634	2|3285	0.7197718443768021	0.4520908336214671	1.1459456140872817	0.1657953
Urinary	Aortic aneurysm	212|54634	2|41	2.215645980432166	0.7180930516016948	6.836282706893733	0.1663824
Haematopoietic	Tuberculosis	515|54634	23|1380	1.189088443833708	0.9302325782136058	1.5199761440027675	0.1667776
Ovarian	Hypertension	117|30319	39|4567	1.187319208663308	0.9307200733590607	1.5146626183456218	0.1669472
Breast	Vitiligo	428|30319	6|245	1.458053023195058	0.8530505771407427	2.4921366627215793	0.1679386
Haematopoietic	Hypopituitarism	515|54634	2|65	2.193632838819678	0.7167173271359378	6.713978927755708	0.1686952
Respiratory	Crohns disease	149|54634	2|253	2.187823031740397	0.7171064669040859	6.674838171350577	0.1689171
Skin	Heart failure	159|54634	9|662	1.3528750573170216	0.879515650669829	2.0809986943570835	0.1689317
Respiratory	Gastrointestinal polyp	149|54634	15|1066	1.2510897856343999	0.9088272562433785	1.7222476999518712	0.1695221
Skin	Ischemic stroke	159|54634	5|350	1.5278094844206773	0.834182362878783	2.798191288329796	0.1698236
Digestive	Intracerebral haemorrhage	534|54634	3|45	1.8089399305959473	0.7755545477698024	4.219256636318162	0.1701368
Digestive	Erectile dysfunction	302|24315	82|2909	1.102866280086967	0.9588826141715101	1.268470210823229	0.1701374
Digestive	Male infertility	302|24315	82|2909	1.102866280086967	0.9588826141715101	1.268470210823229	0.1701374
Endocrine	Psychoactive substance misuse	164|54634	10|2298	1.3187218868677089	0.88744224127846	1.9595950406853144	0.170973
Lymphoma	Scoliosis	193|54634	2|161	2.1828819518613845	0.7137990777182296	6.675511028949702	0.1710557
Non-Melanoma Skin	Female genital prolapse	59|30319	1|884	0.6787618156022881	0.3897089424072221	1.1822094701596368	0.1710808
Male genital	Chronic viral hepatitis	222|24315	6|321	1.4549695899106678	0.8494648805866533	2.4920824344178047	0.1720094
Lung	Thrombocytopenia	130|54634	3|247	1.8055188463851415	0.7723147073632022	4.22094552074725	0.1726639
Skin	Intracerebral haemorrhage	159|54634	1|45	3.6437012793193757	0.5676801131391899	23.38739495293605	0.1728483
Breast	Sleep apnoea	428|30319	9|212	1.3376174379389796	0.8799816711195808	2.033247360711565	0.1733368
Digestive	Schizophrenia and psychosis	534|54634	11|616	1.2926753687310188	0.8932689925536352	1.8706678759181734	0.1733779
Bladder	Alcohol dependence	163|54634	6|2814	0.8013920507765915	0.5825101201762902	1.1025202769928657	0.1737218
Uterine	Urinary calculus	102|30319	6|568	1.4492395926286248	0.8477994574620938	2.4773493051407014	0.1749695
Solid	Hypertrophy of nasal turbinates	2312|54634	49|1009	1.117680996568534	0.9514561066484516	1.3129463370526198	0.1756486
Digestive	Cerebrovascular disease	534|54634	31|692	1.1577621953642625	0.9363561244752808	1.4315208348381587	0.1761367
Breast	Alcohol dependence	428|30319	15|1305	0.8573105991204039	0.6858158825940962	1.0716891836685394	0.1763808
Digestive	Rheumatic valve disorder	534|54634	4|79	1.6204712467521607	0.8042730926515953	3.2649694308348978	0.1768302
Endocrine	Rheumatic valve disorder	164|54634	1|79	3.5691233306817285	0.5629224075316726	22.629479976598553	0.1769484
Colorectal	Barretts oesophagus	241|54634	2|57	2.1515080180174833	0.7064983587017689	6.552013454213181	0.1774983
Solid	Rheumatoid Arthritis	2312|54634	76|819	1.0949336852291718	0.9597057537628533	1.2492159918276184	0.1775044
Male genital	Diverticular disease	222|24315	13|229	1.2692840482841916	0.897479356498599	1.795118721743235	0.1775423
Skin	Dermatitis	159|54634	42|11312	1.1398754476612674	0.9422642533679811	1.3789295641183097	0.1777289
Respiratory	Personality disorder	149|54634	5|749	1.5086436467867301	0.8290287865688194	2.745387964644612	0.1782437
Bladder	Respiratory failure	163|54634	3|169	1.7753809151702717	0.7696230418846719	4.095482102812555	0.178307
Ovarian	Other anaemias	117|30319	25|4124	1.1842622418666462	0.9257019170424199	1.515041755548992	0.1784009
Endocrine	Coronary heart disease	164|54634	14|2984	1.2717590234534142	0.8959816734098838	1.8051384997417073	0.178516
Ovarian	Hypertrophy of nasal turbinates	117|30319	3|370	1.7706611359873061	0.7701343337000162	4.0710311452197905	0.1785934
Gynaecological	Urinary calculus	361|30319	13|568	1.2572653434846968	0.900220487095722	1.7559210955389115	0.1791895
Respiratory	Scoliosis	149|54634	2|161	2.1427134647165174	0.7047491183497847	6.514688521538134	0.1791949
Endocrine	Folate deficiency	164|54634	8|1450	1.3569601307685413	0.8690751489090073	2.118735990560658	0.1793593
Solid	Gout	2312|54634	56|571	1.1123623532637268	0.952223479848205	1.2994323613566676	0.1793656
Male genital	Aplastic anaemias	222|24315	1|16	3.572372711156531	0.5568597199812267	22.917525418872277	0.1793887
Skin	Peptic ulcer	159|54634	11|1199	1.2956402830132678	0.8875167185563709	1.891439009393803	0.1796571
Skin	Venous thromboembolism	159|54634	0|391	0.5970723402394378	0.28096555422260105	1.2688223667323921	0.1799419
Thyroid	Chronic fatigue	121|54634	1|1308	0.6919414062490074	0.4038542311965092	1.1855339691832656	0.1800902
Male genital	Post-traumatic stress disorders	222|24315	12|983	1.2736286103342231	0.8940125731333217	1.8144373869113146	0.1804
Cervical	Fatty liver disease	137|30319	2|1103	0.7306059650964211	0.4612646881069984	1.1572207671588595	0.1809977
Urinary	Cerebrovascular disease	212|54634	13|692	1.2638365807689542	0.8967225980430877	1.7812452885379515	0.1810987
Breast	Coeliac disease	428|30319	0|78	0.5943035875678674	0.27682572566944286	1.2758812546843623	0.1818876
Colorectal	Supraventricular tachycardia	241|54634	0|180	0.5939589914296183	0.27642563648413143	1.2762466173080207	0.1818964
Breast	Gout	428|30319	2|130	0.731564417645032	0.46214146198302364	1.1580577403028478	0.1822673
Lung	Gastrointestinal polyp	130|54634	14|1066	1.2529527929691338	0.8994725706978208	1.7453458310476484	0.1823707
Colorectal	Personality disorder	241|54634	7|749	1.3896737397676122	0.8564436794549903	2.2548979568961767	0.182698
Skin	Visual impairment	159|54634	7|712	1.3935284723666703	0.8547838919049258	2.271827559792831	0.1832659
Bladder	Chronic sinusitis	163|54634	26|6315	1.1715808609321874	0.927787425300532	1.4794355649495763	0.1834135
Endocrine	Ankylosing spondylitis	164|54634	1|106	3.46370906843249	0.555126801588873	21.611783967920648	0.1835374
Breast	Nasal polyp	428|30319	2|278	0.735157880084553	0.4670770526292302	1.1571048194470677	0.1836944
Skin	Obesity	159|54634	14|5337	0.8470699518160021	0.6627482462418876	1.0826546993346302	0.1849451
Secondary	Obsessive-compulsive disorder	479|54634	3|172	1.7546405129321734	0.763833718077096	4.0306721957410785	0.1851402
Cervical	Rosacea	137|30319	0|363	0.6004631529265169	0.2822572922917565	1.2774018878129225	0.1853963
Endocrine	Autonomic neuropathy	164|54634	1|87	3.434014551690707	0.5527936575014379	21.332473303916032	0.1855362
Male genital	Bronchiectasis	222|24315	1|116	0.6848598912239032	0.3904775506841009	1.201178069739194	0.1866536
Solid	Learning disability	2312|54634	10|264	1.300484646509138	0.8804254345333743	1.9209580385445884	0.1867924
Skin	Peripheral venous and lymphatic disease	159|54634	10|1570	1.3021607499127201	0.8798443342983968	1.9271847899837606	0.1868327
Male genital	Sjogrens disease	222|24315	1|9	3.4601432847858273	0.5477980838828518	21.855847808713452	0.1868342
Colorectal	Adrenal insufficiency	241|54634	1|31	3.445331065022613	0.546972211224294	21.701845000572177	0.1876977
Lung	Sleep apnoea	130|54634	1|621	0.6913438270653898	0.3991336483131179	1.1974843244648363	0.1878444
Cervical	Retinal detachments	137|30319	1|79	3.383430041142162	0.5484289405412256	20.873440471624296	0.1892009
All	Osteoporosis	2782|54634	60|323	1.110798359959987	0.9494569779236416	1.2995565098569732	0.1894266
Prostate	Aplastic anaemias	196|24315	1|16	3.4179125526366234	0.544755897036416	21.444698957871164	0.1896159
Lymphoma	Irritable bowel syndrome	193|54634	3|1690	0.7635703630680347	0.5101355521754393	1.142911323999114	0.1899015
Ovarian	Thyroid disease	117|30319	16|2354	1.2264784325349563	0.9038324849678647	1.6643010408359975	0.1899306
Secondary	Glaucoma	479|54634	19|449	1.2018499563577822	0.9129563581705682	1.5821603132176634	0.1899333
Urinary	Heart failure	212|54634	14|662	1.2481257174375053	0.8958316986309941	1.7389625851703363	0.1902322
Digestive	Seborrheic dermatitis	534|54634	33|2622	1.1426292882889892	0.9359198841731601	1.3949930037112501	0.19035
Skin	Atrial fibrillation and flutter	159|54634	5|316	1.493206767110693	0.8192169614632857	2.7217044497742524	0.1905462
Ovarian	Rheumatoid Arthritis	117|30319	1|524	0.6910486862682774	0.39734708131441965	1.201841687658527	0.1905906
Thyroid	Dysmenorrhoea	87|30319	8|1786	1.3480956945598437	0.861805217180976	2.1087851006930576	0.1907099
Ovarian	Fatty liver disease	117|30319	10|1103	1.3028901641495956	0.876238434131293	1.937284092680427	0.1911311
Endocrine	Thrombocytopenia	164|54634	2|247	2.063129490137897	0.6960953158248725	6.114828237326528	0.19139
Secondary	Erectile dysfunction	198|24315	59|2909	1.1174820670563967	0.9458714415941565	1.3202282205370177	0.191618
Secondary	Male infertility	198|24315	59|2909	1.1174820670563967	0.9458714415941565	1.3202282205370177	0.191618
Skin	Hip fracture	159|54634	1|55	3.3478220497333417	0.5447853364405374	20.573080307024895	0.19211
Secondary	Tuberculosis	479|54634	23|1380	1.1750374271706256	0.9217987451505772	1.4978464252804142	0.1927553
Endocrine	Rosacea	164|54634	0|477	0.601291762809607	0.2796540431290983	1.2928537702413248	0.1927882
Non-Melanoma Skin	Personality disorder	129|54634	4|749	1.571662537247884	0.7957235599107303	3.1042478260484985	0.1929204
Prostate	Sleep apnoea	196|24315	3|409	0.7600348435320449	0.5027220932876469	1.1490502826424598	0.1932009
Solid	Chronic fatigue	2312|54634	86|1308	1.0840737112351218	0.9598474743774293	1.224377667038559	0.1935903
Uterine	Rheumatic valve disorder	102|30319	1|47	3.3256661503128573	0.5430585380382892	20.366230468062234	0.1937142
Urinary	Atrial fibrillation and flutter	212|54634	2|316	0.7301618916816404	0.4541505899566355	1.1739198403662052	0.1942433
Skin	Constipation	159|54634	34|7662	1.1502404414007459	0.9311173894675967	1.4209304734285875	0.1942537
Breast	Alllergic and chronic rhinitis	428|30319	108|6397	1.080217597490717	0.9612938514586987	1.213853657919449	0.1947503
Ovarian	Female infertility	117|30319	9|1616	1.316808492148711	0.8685549372293611	1.9964017596011494	0.1948907
Male genital	Thrombocytopenia	222|24315	4|100	1.5788725241491035	0.7912246689511503	3.1506075901519544	0.1950918
Lung	Obsessive-compulsive disorder	130|54634	1|172	3.3020384833900662	0.5411303534951499	20.14941145948246	0.1954882
Lymphoma	Gastro-oesophageal reflux disease	193|54634	34|6440	1.1469118700310381	0.9317954897256746	1.4116904965974406	0.1958651
Endocrine	Depression	164|54634	32|7686	1.1514695544216853	0.929793202931756	1.4259968029228434	0.1960909
Prostate	Sjogrens disease	196|24315	1|9	3.3188555179879886	0.5366980892437145	20.523274015752087	0.1968687
Non-Melanoma Skin	Hyperprolactinaemia and prolactinoma	129|54634	1|192	3.2693134214351316	0.5400055401172802	19.793149242977286	0.1972833
Uterine	Dysmenorrhoea	102|30319	2|1786	0.7356550148241006	0.4611984921492968	1.1734390073865566	0.1975245
Colorectal	Bronchiectasis	241|54634	5|204	1.4787542346869715	0.8154215664711809	2.681697635332208	0.1977049
Kidney	Alopecia	182|54634	0|566	0.6012430601493038	0.27715578781612266	1.3042961152863601	0.1978764
Thyroid	Non-acute cystitis	121|54634	1|103	3.2560994783748205	0.5390027532584544	19.66999936267297	0.1982714
Prostate	Bronchiectasis	196|24315	1|116	0.6889352425336722	0.39030771427594535	1.2160450614854303	0.1986934
Bladder	Rosacea	163|54634	0|477	0.6002974479646458	0.27545850466750715	1.30820802381047	0.1991302
Lung	Tuberculosis	130|54634	9|1380	1.3145271247404944	0.8648708582646567	1.997964835057186	0.2004286
Respiratory	Obstructive and reflux uropathy	149|54634	4|459	1.5580810999858612	0.7888581806367498	3.077380413515684	0.2015944
Thyroid	Obesity	121|54634	18|5337	1.2067647277996942	0.9042411819325703	1.610500757274806	0.2018183
Ovarian	Migraine	117|30319	17|3246	1.2102403787472076	0.9025561271147489	1.6228151694370674	0.2023187
Kidney	Asthma	182|54634	35|6057	1.1415796943353438	0.9312650018956271	1.3993913610691402	0.202466
Prostate	Type 2 Diabetes	196|24315	89|4699	0.9085516870763148	0.7838770742292379	1.0530556323526532	0.2028342
Breast	Asthma	428|30319	80|3512	1.0892802968040451	0.9549182617070266	1.2425477787852195	0.2029439
Cervical	Liver fibrosis, sclerosis and cirrhosis	137|30319	1|67	3.194945404851211	0.5341005937253379	19.111898132862176	0.203094
Gynaecological	Pulmonary hypertension	361|30319	2|37	2.0180970238747418	0.6842366785084057	5.952202981357797	0.2032349
Skin	Psoriatic arthropathy	159|54634	1|78	3.1935080028587324	0.5338048479998673	19.105284267342032	0.2032949
Ovarian	Gestational diabetes	117|30319	7|3284	0.8137134516133357	0.59184425587637	1.1187564545271185	0.2043927
Thyroid	Macular degeneration	121|54634	1|110	3.1823820859466627	0.5307953165196464	19.079964396368936	0.2052045
Ovarian	Urinary Incontinence	117|30319	13|1586	1.2469318324909826	0.886111402345143	1.754676658899042	0.2054279
Prostate	Oesophagitis and oesophageal ulcer	196|24315	25|976	1.1671559761163572	0.9187780300706895	1.482679197802887	0.205473
Bladder	Enthesopathies	163|54634	45|7084	1.1284657874732689	0.9358212434158275	1.3607673927656505	0.2057004
Lymphoma	Sjogrens disease	193|54634	1|77	3.1554780313524464	0.5308321125263225	18.75742136051381	0.2063722
Cervical	Non-rheumatic valvular heart disease	137|30319	2|220	1.9984842135726217	0.6824691734836551	5.852189823478719	0.2065618
Breast	Cerebrovascular disease	428|30319	6|283	0.8101563704573906	0.5841937193162094	1.1235200292138456	0.2069847
Urinary	Interstitial pulmonary diseases with fibrosis	212|54634	2|66	2.005906342969693	0.6800474390068221	5.916734665808634	0.2071959
All	Alllergic and chronic rhinitis	2782|54634	620|11166	1.0314372314945237	0.9829799419274209	1.0822832869072303	0.2073892
Gynaecological	Intracerebral haemorrhage	361|30319	1|15	3.1547208074954196	0.5284419705416291	18.833219025059517	0.2075541
Ovarian	Heart failure	117|30319	4|225	1.554237388606624	0.7817499082570981	3.090059665665212	0.2084834
Uterine	Hearing loss	102|30319	4|1148	0.7802655254372921	0.5299710587812757	1.1487689376585322	0.2086647
Secondary	Lichen planus	479|54634	12|445	1.2510685172888256	0.8821876945526494	1.7741943631904176	0.2088522
Non-Melanoma Skin	Unspecified or rare diabetes	129|54634	31|7919	0.8746958964038458	0.7098335024773939	1.0778484088387945	0.2089546
Lung	Fibromyalgia	130|54634	3|585	1.6865752608654747	0.7460301380974358	3.812897047051914	0.2091222
Colorectal	Non-diabetic peripheral neuropathies	241|54634	11|691	1.2659426214682818	0.8759387067125037	1.8295923088782815	0.2094652
Breast	Depression	428|30319	113|5163	1.0757568926357142	0.9598044204247399	1.2057174018235206	0.2094949
Cervical	Personality disorder	137|30319	4|470	1.5377772044123592	0.7850693980091754	3.012165212918735	0.2096404
Digestive	Parkinsons disease	534|54634	3|34	1.6976348200385152	0.7423729010461253	3.882097498637197	0.2098109
Urinary	Other haemolytic anaemias	212|54634	2|192	1.9912488406107138	0.6785631032355898	5.843335610685099	0.2098438
Non-Melanoma Skin	Dermatitis	129|54634	35|11312	1.1434740034168314	0.9272433447912656	1.4101290711172032	0.2099665
Respiratory	Psoriasis	149|54634	8|1162	1.3272020440301275	0.8525374680487077	2.0661441070847006	0.2100146
Colorectal	Atrial fibrillation and flutter	241|54634	8|316	1.330730447339771	0.8507207054395276	2.081580373152191	0.2106647
Uterine	Cholelithiasis	102|30319	12|1256	1.2534578347037746	0.879110920357918	1.7872108137851364	0.2119822
Gynaecological	Vitiligo	361|30319	5|245	1.4492019128890552	0.8092305023076406	2.595287965953217	0.2120332
Endocrine	Diverticular disease	164|54634	0|409	0.5946400586107533	0.2628385167855721	1.3453005428160674	0.2120677
Endocrine	Alopecia	164|54634	0|566	0.602350365788759	0.2716649971196795	1.33556390043879	0.2121179
Bladder	Spinal stenosis	163|54634	5|306	1.4525781324483062	0.8077571682294808	2.6121504257175103	0.2124195
Ovarian	End stage renal disease	117|30319	1|47	3.0870625262129074	0.5242306918087268	18.178933797003168	0.2127341
Breast	Somatoform and dissociative disorders	428|30319	40|1935	1.1216423554460748	0.9363430605257664	1.3436117877823461	0.2127439
Non-Melanoma Skin	Peptic ulcer	129|54634	10|1199	1.2854759000269564	0.865878292616623	1.908407109452452	0.2128875
Bladder	Thalassaemia	163|54634	2|263	1.9602048831525447	0.6758105322236467	5.685621932070616	0.2154235
Secondary	Sleep apnoea	479|54634	14|621	1.222825298728663	0.8894362534882456	1.681179179897916	0.2154983
Secondary	Autonomic neuropathy	479|54634	3|87	1.6746228906185376	0.7401786374183402	3.7887635281732597	0.2158144
Bladder	Dementia	163|54634	4|129	1.5391433570518769	0.777379866039195	3.047367673190393	0.2159422
Haematopoietic	Urinary calculus	515|54634	24|1373	1.1613893454165918	0.9162513063730253	1.4721127296249055	0.2161174
Cervical	Irritable bowel syndrome	137|30319	2|1017	0.744684232086879	0.46667247765806447	1.1883165004754195	0.2163201
Ovarian	Peripheral venous and lymphatic disease	117|30319	3|1117	0.7676257264288857	0.5046841757005308	1.1675603956822351	0.2164691
Colorectal	Rheumatoid Arthritis	241|54634	11|819	1.2594599273646352	0.8731594620253124	1.816666230653924	0.2171029
Haematopoietic	Psychoactive substance misuse	515|54634	44|2298	1.11868959963904	0.93611717441396	1.3368694160792578	0.2172753
Breast	Tuberculosis	428|30319	17|679	1.1955639514965664	0.9000370408542588	1.5881270405953654	0.2175814
Endocrine	Chronic fatigue	164|54634	2|1308	0.7464579448698209	0.46786103542983887	1.1909507765427816	0.2198861
Cervical	Folate deficiency	137|30319	2|990	0.7460743640748672	0.46692182201769317	1.1921202447218777	0.2205508
Urinary	Urinary Incontinence	212|54634	14|1844	1.2244111076980648	0.8854569141760635	1.693117459079783	0.2208247
Ovarian	Chronic ulcer of skin	117|30319	0|272	0.597912414383547	0.2622272145347373	1.3633186620552094	0.2213241
Non-Melanoma Skin	Peripheral arterial disease	129|54634	4|323	1.5222659783710182	0.7761945821796465	2.9854546296865885	0.2214201
Haematopoietic	Atrial fibrillation and flutter	515|54634	13|316	1.238674678037434	0.8786043819761137	1.7463092484927463	0.2219171
Endocrine	Thalassaemia	164|54634	2|263	1.9325840627192712	0.6713728185426984	5.563050895601592	0.2219386
Male genital	Lichen planus	222|24315	1|195	0.6981034346644852	0.3917538696261097	1.244016826063459	0.2227501
Lung	Irritable bowel syndrome	130|54634	9|1690	1.29210930089742	0.8554936228272488	1.9515591945011537	0.2231733
Endocrine	Vitiligo	164|54634	0|461	0.6023292838948917	0.2660943111085108	1.3634284954306535	0.2238875
Cervical	Non-diabetic peripheral neuropathies	137|30319	0|353	0.5992730150382863	0.26238437767082845	1.368710095246671	0.2243118
Cervical	Visual impairment	137|30319	0|363	0.6001413909164703	0.2633219107575622	1.367792327098675	0.2244342
Prostate	Spondylosis	196|24315	24|698	1.1630862122722845	0.9114526441232079	1.4841906992098493	0.2245179
Colorectal	Meniere disease	241|54634	2|84	1.9349587336978573	0.6667496772397471	5.615398745468517	0.2246253
Skin	Congenital cardiac disease	159|54634	2|245	1.9219513537421846	0.6688775433021384	5.522531056903561	0.2250457
Breast	Peripheral venous and lymphatic disease	428|30319	19|1117	0.8797416448607697	0.715118625685521	1.0822615072575121	0.2254608
Uterine	Non-rheumatic valvular heart disease	102|30319	4|220	1.5148584465869863	0.7730400040902196	2.9685347473015344	0.2262751
Respiratory	Irritable bowel syndrome	149|54634	10|1690	1.269626801246796	0.8624558843193532	1.8690257017798861	0.2262827
Endocrine	Sjogrens disease	164|54634	1|77	2.930725490328744	0.5134422702418949	16.728564042099805	0.2263173
Breast	Bronchiectasis	428|30319	1|88	0.700110569488773	0.392892531991898	1.2475544063535469	0.2264413
Lung	Subarachnoid haemorrhage	130|54634	1|46	2.9587296384080424	0.5085956189354777	17.2122620551019	0.2272655
Endocrine	Non-spinal osteoarthritis	164|54634	20|4019	1.196389175292568	0.8942309534317002	1.6006458435198356	0.2273172
Colorectal	Irritable bowel syndrome	241|54634	14|1690	1.2158811010238024	0.8852611081779498	1.6699783128049515	0.2273265
Gynaecological	Iron deficiency	361|30319	76|4954	1.0863749285431574	0.9495473059613407	1.2429191025635966	0.2277272
Cervical	Chronic viral hepatitis	137|30319	0|295	0.6009094628327394	0.26248742050092183	1.375655190762421	0.2281009
Urinary	Hypertrophy of nasal turbinates	212|54634	2|1009	0.7475642681163233	0.46577274289508713	1.1998390706391606	0.2281061
Non-Melanoma Skin	Diverticular disease	129|54634	5|409	1.4330771707814813	0.7979320145189686	2.5737909245979176	0.2284271
Solid	Pulmonary hypertension	2312|54634	9|60	1.2986119977010278	0.8486301650532497	1.9871944104971058	0.2286576
Bladder	Alopecia	163|54634	0|566	0.6014366915876604	0.2626322590072508	1.3773102183076604	0.2290865
Urinary	Supraventricular tachycardia	212|54634	0|180	0.5945211424910395	0.2544892407287884	1.388881462558693	0.2296815
Lymphoma	Bone and joint infections	193|54634	2|173	1.9060861431743839	0.6652401604427343	5.461432729472367	0.2297298
Lung	Menorrhagia and polymenorrhoea	37|30319	8|3718	1.3276414206195155	0.8358657039581499	2.108749926450932	0.229937
Thyroid	Erectile dysfunction	34|24315	2|2909	0.7188173405926426	0.4192889242551973	1.2323205771640995	0.2299714
Thyroid	Male infertility	34|24315	2|2909	0.7188173405926426	0.4192889242551973	1.2323205771640995	0.2299714
Male genital	Intracerebral haemorrhage	222|24315	2|30	1.9164317626253988	0.6622930945592239	5.545446164199844	0.2301764
Non-Melanoma Skin	Thrombocytopenia	129|54634	2|247	1.9038935001317292	0.6644723047679233	5.455171620899782	0.2305645
Gynaecological	Personality disorder	361|30319	9|470	1.27990006414909	0.8546139777572409	1.9168235213140534	0.2310757
Thyroid	Gastro-oesophageal reflux disease	121|54634	12|6440	0.849091775637548	0.6494816082854296	1.1100496677012648	0.2315295
Colorectal	Dementia	241|54634	5|129	1.4353776710714172	0.7935453093624845	2.5963344931943566	0.2319839
All	Lupus erythematosus	2782|54634	11|117	1.253594469054194	0.8647177896697141	1.8173548776457038	0.2329248
Non-Melanoma Skin	Type 2 Diabetes	129|54634	38|8982	0.8823795383014494	0.7181195640865774	1.0842117226027992	0.2337839
Lung	Eating disorders	130|54634	4|464	1.5068298397033528	0.7671335291524947	2.959766558931207	0.2339053
Lymphoma	Pancreatitis	193|54634	0|255	0.5989411097342133	0.257217265545805	1.3946593055036136	0.2345844
Endocrine	Lichen planus	164|54634	3|445	1.6212914126874995	0.73041942137609	3.5987348746861705	0.2349058
Endocrine	Cardiac conduction defects	164|54634	0|366	0.593313115467179	0.25064452969177764	1.4044609448219616	0.2350621
Respiratory	Heart failure	149|54634	14|662	1.2205627220681068	0.8778378706257376	1.6970939718519673	0.235934
Haematopoietic	Hypertrophy of nasal turbinates	515|54634	14|1009	1.208949740940802	0.8830466928424403	1.6551327217094451	0.2364312
Gynaecological	Alcohol dependence	361|30319	12|1305	0.8609231803185299	0.6718334039383352	1.1032329117082762	0.2366005
Non-Melanoma Skin	Pulmonary hypertension	129|54634	1|60	2.829981006079677	0.5047494658683763	15.866866705828661	0.2369282
Digestive	Bronchiectasis	534|54634	10|204	1.263356414105706	0.8572314558592022	1.8618885461480053	0.2374183
Thyroid	Heart failure	121|54634	3|662	1.6269156776437208	0.7254782691757595	3.6484271612575094	0.2375451
Cervical	Non-spinal osteoarthritis	137|30319	6|2445	0.8019925182696275	0.5557565612998314	1.1573268660222902	0.2383267
Prostate	Interstitial pulmonary diseases with fibrosis	196|24315	0|36	0.5862898424475066	0.24129790223165137	1.4245286684139018	0.2384742
Breast	Pancreatitis	428|30319	1|131	0.7056979259333541	0.3952301600912398	1.2600494925581365	0.2386017
Haematopoietic	Bone and joint infections	515|54634	4|173	1.4920156634241177	0.7661060441386595	2.9057475227280687	0.2393712
Male genital	Interstitial pulmonary diseases with fibrosis	222|24315	0|36	0.5855791040186215	0.23983627882201125	1.429737355613863	0.239975
Breast	Alopecia	428|30319	1|243	0.708293303921091	0.39833388434209427	1.259444461291689	0.2401996
Gynaecological	Cardiovascular disease	361|30319	44|1795	1.1159477010471006	0.9291633327128879	1.3402802581934425	0.2404539
Lymphoma	Bronchiectasis	193|54634	3|204	1.6106841071170892	0.7257160328480757	3.5748187658721284	0.2412634
Ovarian	Sleep apnoea	117|30319	0|212	0.5966503592827339	0.2513730168826256	1.4161888004011178	0.2416048
Prostate	Pancreatitis	196|24315	4|124	1.4912966851620282	0.7636595227486673	2.9122478498931734	0.2418516
Breast	Vitamin B12 deficiency	428|30319	24|1292	0.8927131234977845	0.7380686861858063	1.0797595613811808	0.2422672
Urinary	Eating disorders	212|54634	4|464	1.4870986397316621	0.764205642850201	2.8938053323498547	0.242691
Haematopoietic	Epilepsy	515|54634	7|418	1.3236922620197717	0.8268631130238113	2.1190462809780253	0.2427721
Gynaecological	Dysmenorrhoea	361|30319	25|1786	1.1453290779080394	0.9120396992279445	1.4382912254939348	0.2429342
Kidney	Heart failure	182|54634	12|662	1.2337163045693904	0.8671225523494884	1.7552950457075613	0.243016
Lymphoma	Bipolar disorder	193|54634	2|235	1.8546926592730928	0.6560449834872015	5.24336737105559	0.2440156
Prostate	Lichen planus	196|24315	1|195	0.7041914596981138	0.3900132991715422	1.2714582117202406	0.244691
Secondary	Ischemic stroke	479|54634	15|350	1.199930933834887	0.8824888542495443	1.6315608282648264	0.2449895
Respiratory	Rheumatoid Arthritis	149|54634	8|819	1.2976150465650318	0.8361894472724856	2.0136642653937664	0.2452176
Urinary	Folate deficiency	212|54634	10|1450	1.25415996767009	0.855716353916564	1.8381292087116143	0.2455943
Lymphoma	Thalassaemia	193|54634	2|263	1.8477376521140056	0.6548799647923712	5.213374380940521	0.2459947
Prostate	Gastro-oesophageal reflux disease	196|24315	47|2680	1.1111394274076694	0.9296195337826519	1.3281033608621478	0.2468414
Bladder	Cardiomyopathy	163|54634	2|111	1.8482125817164388	0.6534914953526619	5.227137264229478	0.2468796
Bladder	Female genital prolapse	50|30319	5|884	1.4136584648447785	0.7867557456858286	2.5400898133705136	0.2469291
Kidney	Neuromuscular bladder dysfunction	182|54634	5|477	1.4026986663927423	0.7907366655341678	2.4882664918172552	0.2472147
Prostate	Heart failure	196|24315	12|437	0.8550246329436336	0.6557409902110986	1.1148717768963132	0.2473367
Secondary	Irritable bowel syndrome	479|54634	26|1690	1.1412486842227727	0.912143531737339	1.4278986956794686	0.2478194
Haematopoietic	Osteoporosis	515|54634	11|323	1.245907275675216	0.8580889101323338	1.8090024486402543	0.2478479
Colorectal	Retinal vascular occlusions	241|54634	0|85	0.5931731100932127	0.24425766665379064	1.4405047888890667	0.2486174
Gynaecological	Pancreatitis	361|30319	4|131	1.4733975611322454	0.7622931240757935	2.847855115815789	0.2490238
Colorectal	Gout	241|54634	9|571	1.270646721011178	0.8454373935870918	1.9097133647781317	0.2492034
Ovarian	Schizophrenia and psychosis	117|30319	3|317	1.590989261811399	0.7210781762815985	3.5103639445200288	0.2501069
Gynaecological	Tuberculosis	361|30319	13|679	1.209978995055853	0.874205784209701	1.6747191507087789	0.2504202
Colorectal	Aplastic anaemias	241|54634	1|45	2.7235604137784755	0.49277078115896966	15.053208532484357	0.2506988
Male genital	Folate deficiency	222|24315	10|460	1.2538113596578366	0.852340384169869	1.8443839512991203	0.2507011
Secondary	Rheumatoid Arthritis	479|54634	21|819	1.1594352116013862	0.9006871382691624	1.4925160500065031	0.250896
Uterine	Chronic viral hepatitis	102|30319	3|295	1.5896247784718245	0.7201675109028878	3.5087766360961856	0.2512267
Digestive	Pulmonary hypertension	534|54634	3|60	1.594912698091602	0.7178892282782574	3.5433691081207663	0.2517112
Ovarian	Diverticular disease	117|30319	3|180	1.593562378977191	0.7183140859302735	3.5352794904511278	0.2517187
Prostate	Rosacea	196|24315	3|114	1.592805616592472	0.7180602211378857	3.5331712543944858	0.252129
Secondary	Nasal polyp	479|54634	4|590	0.7998276596172889	0.5456933123728553	1.1723146877265849	0.2522029
Digestive	Heart failure	534|54634	32|662	1.128729879365084	0.9173581095542435	1.3888045762091594	0.2523561
Digestive	Gout	534|54634	19|571	1.169123122652642	0.8946109392208222	1.5278696201854483	0.2524706
Secondary	Rosacea	479|54634	9|477	1.2658780600409174	0.8449381580861761	1.8965260919480464	0.2530026
Bladder	Visual impairment	163|54634	8|712	1.2896540446959393	0.833506248598961	1.9954350165895918	0.2533546
Ovarian	Iron deficiency	117|30319	27|4954	1.1460405481540674	0.9069625134370558	1.4481402688143488	0.253484
Digestive	Dementia	534|54634	11|129	1.2431394568494918	0.8556173019246744	1.8061763193658522	0.2535057
Colorectal	Spondylolisthesis	241|54634	0|88	0.5924889831413384	0.24125975122364868	1.4550425148139972	0.2535141
Secondary	Non-diabetic peripheral neuropathies	479|54634	20|691	1.163566666084836	0.8971331039747719	1.5091265503695572	0.253528
Thyroid	Rosacea	121|54634	0|477	0.6014667641740482	0.2509408261587214	1.441623804080344	0.254336
Uterine	Gestational diabetes	102|30319	9|3284	1.2720515616694137	0.8405479822647268	1.9250717504381283	0.2549935
Non-Melanoma Skin	Osteoporosis	129|54634	4|323	1.4705713518439996	0.7561243138585052	2.860085387055779	0.2558254
Cervical	Enthesopathies	137|30319	13|3843	0.8579092108097657	0.6585247849569333	1.117662130272544	0.2560886
Uterine	Rheumatoid Arthritis	102|30319	2|524	0.7529706721113764	0.46097427506709415	1.229927273007451	0.2570726
Breast	Congenital cardiac disease	428|30319	4|132	1.4609209141657173	0.7574367526015143	2.81777971575356	0.2580315
Respiratory	Subarachnoid haemorrhage	149|54634	1|46	2.668736127887437	0.4856809267560128	14.664262333426002	0.2588123
Prostate	Liver fibrosis, sclerosis and cirrhosis	196|24315	0|64	0.5883601609347181	0.23423881198673344	1.477840824238527	0.2589851
Haematopoietic	Vitiligo	515|54634	2|461	0.7571378058790437	0.46698973606607724	1.227559436146191	0.2591451
Prostate	Psychoactive substance misuse	196|24315	27|1582	0.8934919088425369	0.7346510370768846	1.0866761916563275	0.2594605
Prostate	Folate deficiency	196|24315	9|460	1.2643030225204686	0.8409330077750968	1.9008198250934782	0.2596269
Kidney	Supraventricular tachycardia	182|54634	0|180	0.599195114609969	0.2458766528444082	1.460223169703114	0.2597582
Cervical	Venous thromboembolism	137|30319	0|265	0.6014763877192632	0.24842259770825584	1.4562839625752395	0.2598165
Non-Melanoma Skin	Vitamin B12 deficiency	129|54634	11|1908	1.233539895751368	0.8561539421921244	1.7772746224987164	0.2599647
Lung	Non-spinal osteoarthritis	130|54634	42|4019	1.12674731542147	0.9153412613647067	1.3869794429638944	0.2603242
Skin	Rheumatoid Arthritis	159|54634	6|819	1.3414364266361396	0.8041653916108501	2.2376636765004205	0.2605232
Haematopoietic	Hidradenitis suppurativa	515|54634	0|151	0.5996051042688407	0.24596484986172812	1.4616978046552556	0.2605702
Thyroid	Tuberculosis	121|54634	5|1380	1.385788095736527	0.784605715993986	2.4476098085165994	0.2609319
Colorectal	Enthesopathies	241|54634	68|7084	1.0911623454032737	0.9371094411917049	1.270540250359514	0.2612199
Breast	Pulmonary hypertension	428|30319	0|37	0.5921081351809194	0.23729316480018406	1.477463727379787	0.2612954
Kidney	Thalassaemia	182|54634	2|263	1.7988543679067557	0.6451407815718853	5.015768851339702	0.2617487
Prostate	Coeliac disease	196|24315	1|28	2.6354475084440074	0.4838603630434373	14.354520643262955	0.2624798
Gynaecological	Spondylosis	361|30319	23|872	1.1492298242840477	0.9010319512643076	1.4657961764515965	0.2625084
Digestive	Endometriosis	232|30319	10|735	1.241433797578276	0.8504084801923028	1.8122560036338282	0.2625102
Bladder	Urinary Incontinence	163|54634	11|1844	1.2317254607765875	0.8551107895661467	1.7742117503803738	0.2629901
Gynaecological	Macular degeneration	361|30319	3|55	1.5717678421655552	0.7116073744845408	3.4716533839397905	0.2633634
Kidney	Dementia	182|54634	4|129	1.4585882268584356	0.7504820091610596	2.8348176099628	0.2655526
Uterine	Venous thromboembolism	102|30319	3|265	1.5618858978535866	0.7123248369078578	3.4246841209461616	0.2656438
Thyroid	Dementia	121|54634	1|129	2.600576106745966	0.4832481834152934	13.994871205063653	0.2656817
Digestive	Dysmenorrhoea	232|30319	15|1786	1.1868752343076476	0.8774463720347465	1.6054232676878062	0.2662808
Solid	Hip fracture	2312|54634	2|55	0.7400822132266656	0.43524154767237416	1.258431519839127	0.2664367
Endocrine	Retinal vascular occlusions	164|54634	1|85	2.5788485477741467	0.4849811765669466	13.712820525187535	0.2664846
Endocrine	Fatty liver disease	164|54634	10|2125	1.240737548533952	0.8480212708120871	1.815319635635841	0.2665833
Skin	Thyroid disease	159|54634	14|2967	1.1969994893888332	0.8712080389160711	1.6446218510331703	0.267264
All	Sjogrens disease	2782|54634	11|77	1.235597921645583	0.8497668680498417	1.7966130257332389	0.268012
Endocrine	Eating disorders	164|54634	3|464	1.553836447084044	0.7123747868766471	3.389238008931439	0.2680178
Ovarian	Oesophagitis and oesophageal ulcer	117|30319	9|1052	1.2591501383281174	0.837174121217076	1.8938223610481308	0.2684824
Skin	Pulmonary hypertension	159|54634	1|60	2.558456123986812	0.48297346728296936	13.55291373497038	0.2694253
Lymphoma	Osteoporosis	193|54634	4|323	1.449100472305615	0.7502090634717787	2.7990759923888184	0.2694394
Thyroid	Seborrheic dermatitis	121|54634	9|2622	1.2541662384856056	0.8389046048437014	1.8749842886488746	0.2696668
Lung	Psoriasis	130|54634	7|1162	1.3011883990507973	0.8151893348681823	2.0769300791921586	0.2697969
Cervical	Neuromuscular bladder dysfunction	137|30319	0|273	0.6009322978261892	0.2431483616929984	1.485182232182247	0.2699464
Colorectal	Chronic ulcer of skin	241|54634	7|506	1.3002401783763187	0.8155154432053543	2.073074808760386	0.2699658
Prostate	Gastritis and duodenitis	196|24315	53|2816	1.1013254401159471	0.9277555730494255	1.3073677596566344	0.2700213
Prostate	Bipolar disorder	196|24315	0|91	0.5894879501564332	0.23010249474410585	1.5101793823056093	0.2708416
Non-Melanoma Skin	Visual impairment	129|54634	6|712	1.33489147978826	0.7980348905455265	2.232903954353653	0.2711217
Lung	Coronary heart disease	130|54634	42|2984	1.1245511744412249	0.9123690049954806	1.386078809136444	0.2711876
Kidney	Migraine	182|54634	13|4017	1.2019196656768019	0.8654993979288725	1.669106744842998	0.2722929
Non-Melanoma Skin	Non-spinal osteoarthritis	129|54634	29|4019	1.1467662214724235	0.897860650803617	1.4646735721552144	0.2726536
Gynaecological	Sarcoidosis	361|30319	0|58	0.596788201435884	0.23721403598011542	1.5014126626256306	0.2728092
Thyroid	Chronic ulcer of skin	121|54634	0|506	0.6008109217614235	0.2414202616292062	1.4952090651870205	0.2734134
Gynaecological	Adrenal insufficiency	361|30319	1|21	2.5326242040868103	0.47999367128021814	13.363062354590458	0.2734912
Haematopoietic	Psoriasis	515|54634	17|1162	1.1693347530898188	0.8837090141908666	1.5472782814551036	0.2736058
Haematopoietic	Heart failure	515|54634	23|662	1.1502968045632607	0.8952166884600068	1.478058614908809	0.2736667
Thyroid	Asthma	121|54634	18|6057	1.1695721521398845	0.8832390060285734	1.5487303093777411	0.2742388
Bladder	Diabetic neuropathy	163|54634	5|293	1.372306636056143	0.7779541264297992	2.420741068636346	0.2744252
Thyroid	Glaucoma	121|54634	0|449	0.5945056851422812	0.2338198060238185	1.5115785770110926	0.274731
Digestive	Hip fracture	534|54634	0|55	0.589273415590236	0.2278090638796663	1.5242727941009604	0.2754082
Skin	Vitamin B12 deficiency	159|54634	12|1908	1.211887425400163	0.8579779149302436	1.7117819774678504	0.2754176
Male genital	Tinnitus	222|24315	12|412	1.2121189180052545	0.8577281424441755	1.7129346685530404	0.275611
Breast	Meniere disease	428|30319	0|47	0.5953123816679701	0.2341100066978662	1.5138047141426227	0.2760443
Male genital	Peripheral arterial disease	222|24315	11|223	1.224739293849908	0.8501890690977107	1.7642973691626944	0.2763519
Urinary	Chronic ulcer of skin	212|54634	2|506	0.7596146604549004	0.46293828847981616	1.2464176041104689	0.2765124
Prostate	Urinary calculus	196|24315	17|805	1.1717812183894811	0.8806663871149086	1.5591275468893075	0.2766343
Haematopoietic	Meniere disease	515|54634	0|84	0.5917204313392453	0.22961978652616732	1.5248384042217615	0.2772757
Kidney	Gestational diabetes	182|54634	2|3285	0.7553893252942597	0.4552995158530871	1.2532695794753237	0.2774738
Digestive	Nasal polyp	534|54634	5|590	0.82071776370739	0.5745080784996147	1.1724424300942375	0.2775903
Bladder	Spondylolisthesis	163|54634	2|88	1.757896633934626	0.6349084396584529	4.867159392716614	0.2776105
Bladder	Supraventricular tachycardia	163|54634	0|180	0.5994150595744632	0.23792264479772807	1.510148031307057	0.277643
Lymphoma	Psychoactive substance misuse	193|54634	18|2298	1.168350587619525	0.8821764379094845	1.5473583706516423	0.2777237
Secondary	Supraventricular tachycardia	479|54634	6|180	1.327091890831894	0.7961105029271038	2.212221645407728	0.2777318
Non-Melanoma Skin	Chronic kidney disease	129|54634	1|68	2.497214723021547	0.47820793051443344	13.040522699335208	0.2778236
Non-Melanoma Skin	Portal hypertension	129|54634	1|68	2.497214723021547	0.47820793051443344	13.040522699335208	0.2778236
Digestive	Cardiomyopathy	534|54634	5|111	1.372927058860631	0.7739885490584316	2.4353444391971255	0.2784227
Haematopoietic	Asthma	515|54634	84|6057	1.0731400746473114	0.9445376561149538	1.2192522048839092	0.2784235
Ovarian	Cholelithiasis	117|30319	10|1256	1.2352087695949303	0.8423499276841916	1.8112908357205235	0.279435
Male genital	Peptic ulcer	222|24315	22|751	1.1502565448796496	0.8925101436131887	1.4824370664092898	0.279489
Solid	Barretts oesophagus	2312|54634	9|57	1.2606859782509892	0.828209116768667	1.9189949779345163	0.2798365
Endocrine	Other anaemias	164|54634	23|5077	1.1455890971197886	0.8949371380407327	1.4664430870674185	0.2806368
Gynaecological	Retinal detachments	361|30319	3|79	1.5345834866243613	0.7047432266717825	3.34156667037673	0.2807412
Bladder	Anxiety and phobia	163|54634	21|5138	1.1504037871406978	0.8917605358594307	1.4840630642980972	0.28088
Bladder	Retinal vascular occlusions	163|54634	2|85	1.7471641712909693	0.6333057981792036	4.82007688895197	0.2811577
Skin	Non-diabetic peripheral neuropathies	159|54634	6|691	1.3227210283857977	0.7953008247416761	2.1999108570046713	0.2812182
Thyroid	Alopecia	121|54634	0|566	0.6025594176340853	0.23976868329909742	1.5142838788775828	0.2812835
Digestive	Hidradenitis suppurativa	534|54634	0|151	0.5988842130314247	0.23550634104666168	1.5229411616870479	0.2816381
Kidney	Spinal stenosis	182|54634	5|306	1.364839719321555	0.7746725926402345	2.4046125771521103	0.2817401
Bladder	Ischemic stroke	163|54634	6|350	1.3224670903271813	0.794923750697415	2.200109385917897	0.2818163
Non-Melanoma Skin	Alopecia	129|54634	0|566	0.6020167561045271	0.2388373267512915	1.5174519810633327	0.2819863
Respiratory	Coronary heart disease	149|54634	44|2984	1.11736697233097	0.9128020450706937	1.367776241955489	0.2820788
Haematopoietic	Sleep apnoea	515|54634	12|621	1.2052897566662897	0.8576816548386805	1.6937792586900127	0.2820977
Kidney	Congenital cardiac disease	182|54634	0|245	0.601167308296192	0.23767761556526848	1.520556034292781	0.2824448
Lymphoma	Personality disorder	193|54634	1|749	0.7210649950930126	0.3971332548818987	1.3092198166660878	0.2825405
Breast	Folate deficiency	428|30319	22|990	1.1420741053752563	0.896209998627666	1.4553879829124547	0.2828006
Secondary	Scoliosis	479|54634	4|161	1.430854760049251	0.7435341669014441	2.7535322995143217	0.2833991
Non-Melanoma Skin	Hyperparathyroidism	129|54634	1|74	2.459413729008697	0.4749804090040791	12.734663947759827	0.2834338
Breast	Ulcerative colitis	428|30319	4|115	1.4259567614948017	0.7453719525695127	2.727970483250929	0.2836719
Skin	Unspecified or rare diabetes	159|54634	35|7919	0.897718261396178	0.7368918655599446	1.0936449627270566	0.2840534
Endocrine	Asthma	164|54634	24|6057	1.1397272734846016	0.8969296213813344	1.4482499261470776	0.2846003
Endocrine	Post-traumatic stress disorders	164|54634	13|2948	1.1943594302141733	0.8625131877919076	1.653881318839249	0.2848775
Urinary	Bone and joint infections	212|54634	0|173	0.5964028007555788	0.23123729607280918	1.5382306694898449	0.2849951
Gynaecological	Subarachnoid haemorrhage	361|30319	1|22	2.4500930416028797	0.47342152215374217	12.679938768312706	0.2853208
Endocrine	Cardiomyopathy	164|54634	1|111	2.439977944195215	0.4743208535789884	12.551614214802127	0.2857787
Male genital	Non-diabetic peripheral neuropathies	222|24315	6|338	0.8285890205749017	0.5865952382579189	1.170414828214822	0.2859591
Bladder	Female infertility	50|30319	4|1616	1.4267098654668233	0.7426077358820915	2.7410178239020535	0.2860958
Respiratory	Obsessive-compulsive disorder	149|54634	1|172	2.439424132061938	0.47327444346970626	12.573656106294788	0.2864837
Lymphoma	Spinal stenosis	193|54634	4|306	1.422769038654948	0.7435832417759127	2.722320277848814	0.2868419
Non-Melanoma Skin	Post-traumatic stress disorders	129|54634	10|2948	1.2271654528048974	0.841170016089591	1.7902861725369146	0.2880654
Breast	Lichen planus	428|30319	4|250	0.8091475442490468	0.5471774299285822	1.196540121272395	0.2886841
Colorectal	Non-rheumatic valvular heart disease	241|54634	9|456	1.2438146648769501	0.8306297590917209	1.8625324985402152	0.2895299
Gynaecological	Irritable bowel syndrome	361|30319	10|1017	0.8634908308836128	0.6579205892304197	1.1332924173907242	0.2900481
Skin	Erectile dysfunction	87|24315	19|2909	1.168729194540923	0.8754181334206736	1.5603148690043085	0.2902652
Skin	Male infertility	87|24315	19|2909	1.168729194540923	0.8754181334206736	1.5603148690043085	0.2902652
Uterine	Bronchiectasis	102|30319	0|88	0.5957072046463706	0.22787038010527882	1.5573198829248456	0.2907283
Male genital	Spondylolisthesis	222|24315	3|35	1.531257050946418	0.6937856415735515	3.3796435319057303	0.2914775
Thyroid	Urinary Incontinence	121|54634	8|1844	1.2619359373078518	0.8188387016562816	1.9448058654871836	0.2917586
Ovarian	Tuberculosis	117|30319	5|679	1.3532282037905916	0.7710745943261722	2.3749019679925856	0.2918417
Secondary	Crohns disease	479|54634	4|253	1.4152016078613754	0.7418859454212476	2.699600394446375	0.2919195
All	Hypertrophy of nasal turbinates	2782|54634	57|1009	1.0817409132052644	0.9345681201375318	1.252090006162373	0.2923184
Thyroid	Bone and joint infections	121|54634	1|173	2.38987484867209	0.4706843215147936	12.134463654821216	0.2932705
Gynaecological	Thrombophilia	361|30319	0|95	0.6014463146517102	0.23243300639824804	1.5563093857174775	0.2945758
Haematopoietic	Alopecia	515|54634	7|566	1.2768945534604283	0.8083021357273037	2.0171413987293656	0.2947522
Gynaecological	Learning disability	361|30319	0|123	0.6015593971882901	0.23231773892075758	1.5576671416769095	0.2951015
Digestive	Hypertrophy of nasal turbinates	534|54634	13|1009	1.187107884652561	0.860802143028498	1.6371069022276163	0.2955824
Kidney	Alcohol dependence	182|54634	8|2814	0.8513576231203465	0.6297108835060932	1.1510199703227975	0.2956147
Colorectal	Ischemic stroke	241|54634	8|350	1.2587497922425304	0.8175993618901821	1.937930866051034	0.2959015
Kidney	Intervertebral disc disorders	182|54634	15|1731	1.1739733253725115	0.8688339966375189	1.586279282371577	0.2962843
Gynaecological	Psoriasis	361|30319	5|595	0.8270922850823063	0.5789419184492715	1.1816066970500636	0.2969078
Ovarian	Hearing loss	117|30319	4|1148	0.8065196638524238	0.5383831056239003	1.2081990712298278	0.2970441
Lung	Non-diabetic peripheral neuropathies	130|54634	8|691	1.2576891133066554	0.8170689447366632	1.9359221959413488	0.2974565
Thyroid	Psoriasis	121|54634	1|1162	0.7243525917249357	0.3948706800358037	1.3287557260292329	0.2975238
Kidney	Epilepsy	182|54634	3|418	1.5029141649625073	0.6979918308092009	3.236070807055605	0.297805
Cervical	Type 2 Diabetes	137|30319	14|4283	0.8652584764343173	0.6587649532193366	1.1364785381838078	0.2981758
Breast	Thyroid disease	428|30319	56|2354	1.0837606759517877	0.9312372282623731	1.2612653007129926	0.2986118
Lung	Alopecia	130|54634	2|566	1.69870806435426	0.6247496434347071	4.618824705585883	0.29915
Prostate	Rheumatoid Arthritis	196|24315	3|295	0.7911473859000528	0.5082279152250826	1.231561997021128	0.2994814
Digestive	Spondylosis	534|54634	50|1570	1.0893419518136647	0.926646940891375	1.2806019591881541	0.2997841
Ovarian	Hyperparathyroidism	117|30319	1|52	2.3563033173235532	0.4659234727075323	11.916474804254321	0.2999931
Non-Melanoma Skin	Obesity	129|54634	13|5337	0.8699417705289002	0.6682950976800154	1.132431895338126	0.3003867
Uterine	Obsessive-compulsive disorder	102|30319	1|104	2.350640866202355	0.46629296599582754	11.849873115842799	0.3003966
Cervical	Gastritis and duodenitis	137|30319	19|3530	1.155424720781104	0.8789696410043111	1.5188309392195998	0.3004783
Thyroid	Vitiligo	121|54634	0|461	0.6026944060617747	0.2311009525272494	1.5717829940805856	0.3005071
Cervical	Psoriasis	137|30319	1|595	0.7256764678885154	0.3950089563635392	1.3331503692855484	0.3014413
Bladder	Atrial fibrillation and flutter	163|54634	2|316	0.7646844606371568	0.45964354135263286	1.2721647792965118	0.3015649
Prostate	Chronic kidney disease	196|24315	0|37	0.586398316101863	0.2128582303679122	1.6154554349754515	0.3019061
Prostate	Portal hypertension	196|24315	0|37	0.586398316101863	0.2128582303679122	1.6154554349754515	0.3019061
Skin	Other anaemias	159|54634	23|5077	1.1395460712540766	0.8891595751233785	1.460441168088882	0.3020979
All	Hip fracture	2782|54634	3|55	0.7752141230366553	0.47793745611467825	1.257396608838489	0.3021575
Thyroid	Venous thromboembolism	121|54634	2|391	1.6877326484329755	0.6240604501902068	4.564367909740814	0.3024935
Lung	Glaucoma	130|54634	8|449	1.2560300588938977	0.8142066137028363	1.9376058635416522	0.3026945
Cervical	Lichen planus	137|30319	0|250	0.6011192168352124	0.22830817452975563	1.5827042268321614	0.302804
Non-Melanoma Skin	Meniere disease	129|54634	1|84	2.3349955842369656	0.4652584971522547	11.718656213218843	0.3028549
Endocrine	Peripheral arterial disease	164|54634	0|323	0.598872834339475	0.22558230448525024	1.589879456760522	0.3033721
Haematopoietic	Parkinsons disease	515|54634	0|34	0.5764861291577699	0.20186726934595167	1.6463107574995979	0.3035676
Cervical	Obstructive and reflux uropathy	137|30319	2|219	1.6836027646177905	0.6235628231977723	4.545681948280064	0.3039581
Colorectal	Congenital cardiac disease	241|54634	3|245	1.4971540410849347	0.6933977573616504	3.232589374482044	0.304121
Cervical	Respiratory failure	137|30319	1|95	2.3224205911207183	0.4647571257785037	11.605281775995907	0.3046469
Colorectal	Cervical dysplasia	111|30319	0|196	0.6001954060722984	0.22581654435486515	1.5952530249696473	0.3060348
Colorectal	Polycystic ovarian syndrome	111|30319	0|196	0.6001954060722984	0.22581654435486515	1.5952530249696473	0.3060348
All	ADHD and hyperkinetic disorders	2782|54634	0|43	0.5959562623073376	0.22115113111167686	1.605978069377278	0.3061399
Ovarian	Bone and joint infections	117|30319	1|73	2.3137463329276424	0.46319008425559133	11.557721711033134	0.3066901
Lymphoma	Asthma	193|54634	32|6057	1.1143207205221761	0.9052852423730081	1.3716236718166168	0.307147
Skin	Osteoporosis	159|54634	4|323	1.4008693385291466	0.7329504340869054	2.6774455848107253	0.3077447
Gynaecological	Other anaemias	361|30319	66|4124	1.0767679334721856	0.9340994583186814	1.2412266940405456	0.3077612
All	Chronic sinusitis	2782|54634	368|6315	1.0311908505712926	0.9720792353444623	1.09389701131219	0.3078322
Thyroid	Diverticular disease	121|54634	0|409	0.5963258697564375	0.22060189985128023	1.6119740726643974	0.308233
Bladder	Obsessive-compulsive disorder	163|54634	1|172	2.299542062843669	0.46330009569904207	11.41353897371589	0.308327
Lung	Heart failure	130|54634	13|662	1.1913891747356675	0.8504028675148553	1.6691008695975966	0.3086763
Lung	Non-malignant CNS tumour	130|54634	1|89	2.299070705036612	0.46147612493319795	11.453953565902662	0.3095738
Ovarian	Coronary heart disease	117|30319	6|929	0.8247516238299734	0.5682373487646021	1.1970618307455951	0.3107359
Urinary	Intervertebral disc disorders	212|54634	17|1731	1.156760007313136	0.872836138563691	1.5330411464413103	0.3108401
Skin	Diverticular disease	159|54634	5|409	1.3373098213055226	0.7615801952341015	2.348272144354377	0.3116076
Gynaecological	Eyelid ptosis	361|30319	0|58	0.5975830553899572	0.22036961371827693	1.6204843402127318	0.3117436
Endocrine	Obesity	164|54634	22|5337	1.1380838330564034	0.8854706919928392	1.4627641804262332	0.3124448
Lymphoma	Nasal polyp	193|54634	1|590	0.7284341854363079	0.3938139851799515	1.3473781594368586	0.3125942
Bladder	Hip fracture	163|54634	1|55	2.2807515138632612	0.4602533961369639	11.302094697507851	0.3126324
Haematopoietic	Gestational diabetes	515|54634	24|3285	1.1276073516852472	0.8928628261850552	1.424069075657861	0.3132372
Ovarian	Non-malignant CNS tumour	117|30319	1|65	2.275527741985248	0.4600514628480462	11.25532016024644	0.313419
Prostate	Erectile dysfunction	196|24315	59|2909	1.0876973078178447	0.9235082555200144	1.2810772685166834	0.3139956
Prostate	Male infertility	196|24315	59|2909	1.0876973078178447	0.9235082555200144	1.2810772685166834	0.3139956
Non-Melanoma Skin	Migraine	129|54634	11|4017	1.2020747233146767	0.8400713922352815	1.7200724293053364	0.3140543
Respiratory	Bipolar disorder	149|54634	0|235	0.5929542695941435	0.21434255059629193	1.6403404963307682	0.3140744
Urinary	Type 1 Diabetes	212|54634	6|422	1.2946520865222317	0.7829087881552712	2.14089310337892	0.3142673
All	Thrombophilia	2782|54634	7|104	1.265255401222007	0.7995477689201521	2.00222087103508	0.3150447
Secondary	Polymyalgia rheumatica	479|54634	1|71	0.7183373309501966	0.3767086507451649	1.3697814478535049	0.3151181
Kidney	Bone and joint infections	182|54634	0|173	0.6006703484534498	0.22170573819344214	1.6274042812386762	0.3161782
Haematopoietic	Cholelithiasis	515|54634	26|1625	1.1212363943967865	0.896238283461555	1.4027196509217554	0.3166481
Cervical	Thalassaemia	137|30319	0|205	0.6025871360048141	0.22358327035986966	1.6240537849457013	0.3166589
Ovarian	Tinnitus	117|30319	2|640	0.7700845230222072	0.4614066503180082	1.2852657676035122	0.3174629
Gynaecological	Hearing loss	361|30319	14|1148	0.8836855431911459	0.6933504692471414	1.126270441690121	0.3177158
Kidney	Spondylolisthesis	182|54634	2|88	1.6564752475066178	0.6153906312796825	4.4588105605316875	0.3177962
Breast	Interstitial pulmonary diseases with fibrosis	428|30319	0|30	0.5928179057945749	0.21245355483264902	1.6541642228932885	0.3179437
Prostate	Rheumatic valve disorder	196|24315	0|32	0.5852787789782191	0.2040467550452444	1.6787880260398131	0.3190737
Breast	Obstructive and reflux uropathy	428|30319	6|219	1.2877274523857027	0.7826552920216243	2.1187386177949152	0.3195502
Uterine	Epilepsy	102|30319	0|245	0.6000933815255983	0.21950434756254175	1.6405691757345406	0.3196263
Urinary	Constipation	212|54634	44|7662	1.0969392484037432	0.9139379703215338	1.3165835688665426	0.3204215
Breast	Schizophrenia and psychosis	428|30319	9|317	1.2201673238041344	0.8234869306353279	1.8079319084405068	0.3212393
Male genital	Autonomic neuropathy	222|24315	0|38	0.5824988894894375	0.20012556588730984	1.6954603213838733	0.32147
Kidney	Retinal vascular occlusions	182|54634	2|85	1.6472216167898088	0.6140434179877297	4.418806513245374	0.3215285
Respiratory	Other haemolytic anaemias	149|54634	0|192	0.5898211049556398	0.20751710271189935	1.6764350085114375	0.3218959
Lymphoma	Epilepsy	193|54634	3|418	1.465102198347381	0.6880524558411886	3.1197104717518425	0.3219699
Cervical	Peripheral venous and lymphatic disease	137|30319	3|1117	0.7997372841980595	0.513881964987725	1.2446043397373665	0.3220213
Prostate	Peptic ulcer	196|24315	21|751	1.1390481984140772	0.8801778584999398	1.474055255742887	0.3223007
Lung	Ankylosing spondylitis	130|54634	1|106	2.2283201374368886	0.45560612668078443	10.898472044441391	0.3224989
Skin	Hyperprolactinaemia and prolactinoma	159|54634	1|192	2.2214496982701184	0.4569238372834542	10.800134200227896	0.3225427
Male genital	Unspecified or rare diabetes	222|24315	77|4166	0.9296315073593567	0.8043444348388927	1.0744336655332598	0.3231802
Uterine	Pancreatitis	102|30319	0|131	0.5973817038299343	0.21470432283423016	1.6621225663271115	0.3237397
Solid	Vitiligo	2312|54634	25|461	1.1207274686086257	0.8934082104410109	1.405885959200987	0.3243903
Prostate	Coronary heart disease	196|24315	59|2055	0.9234594401638287	0.7881412641225546	1.082010771986539	0.3246278
Kidney	Hypertrophy of nasal turbinates	182|54634	2|1009	0.776270684026935	0.4689596257792397	1.284963868431852	0.3246695
Endocrine	Non-acute cystitis	164|54634	1|103	2.2089869129552686	0.45585451792950443	10.704343139497535	0.3249595
Gynaecological	Dermatitis	361|30319	89|6763	1.0650988374791508	0.9393366578198792	1.2076985648919178	0.3252181
Endocrine	Chronic viral hepatitis	164|54634	3|616	1.458993770753492	0.686919726514174	3.0988523708578763	0.3256689
Bladder	Dysmenorrhoea	50|30319	4|1786	1.378315360249117	0.7266308369734563	2.614468221871033	0.3259344
Secondary	Type 1 Diabetes	479|54634	13|422	1.1758002739778723	0.8508698668687141	1.624815189864698	0.3264079
Urinary	Peripheral venous and lymphatic disease	212|54634	7|1570	0.8498979462000568	0.6141687938898827	1.176104234114806	0.3264438
Breast	Chronic kidney disease	428|30319	2|31	1.640112767265575	0.610473789008539	4.4063642662140845	0.3264766
Breast	Portal hypertension	428|30319	2|31	1.640112767265575	0.610473789008539	4.4063642662140845	0.3264766
Digestive	Hypopituitarism	534|54634	0|65	0.5955982002021312	0.21147983242646282	1.6774044693238988	0.3266465
Uterine	Sleep apnoea	102|30319	3|212	1.4617319503147923	0.6845657933684017	3.1211905638136876	0.3266709
Breast	Ischemic stroke	428|30319	3|139	0.7998804499848866	0.5114927232432793	1.2508657605353946	0.3276737
Respiratory	Enthesopathies	149|54634	48|7084	1.096586639120361	0.9115583860548838	1.3191719537588542	0.3281275
Cervical	Cerebrovascular disease	137|30319	2|283	1.6323096907035577	0.6112470404526698	4.3590148500212775	0.3281994
Cervical	Peripheral arterial disease	137|30319	1|100	2.1922732079887215	0.4541591825670833	10.58232884624162	0.3284303
Endocrine	Peripheral venous and lymphatic disease	164|54634	8|1570	1.2338137720073643	0.8094059948759776	1.880757535318597	0.3286307
Ovarian	Rosacea	117|30319	3|363	1.4567442792941883	0.6848008040615453	3.0988630309283676	0.3286413
Endocrine	Vitamin B12 deficiency	164|54634	9|1908	1.218269001508379	0.8196667039074472	1.810710808382195	0.328832
Lymphoma	Congenital cardiac disease	193|54634	2|245	1.6257577259609557	0.6123909948458375	4.316014124582457	0.3292764
Skin	Thrombocytopenia	159|54634	2|247	1.6275144927883225	0.6115178339573296	4.331522773579254	0.3294425
Male genital	Urticaria	222|24315	9|761	1.2180156279078334	0.8192216146288418	1.8109410730085036	0.3297496
Bladder	Cerebrovascular disease	163|54634	10|692	1.2053488173113402	0.8272770119572459	1.756202276135447	0.3307597
Breast	Female infertility	428|30319	28|1616	1.1106306420706524	0.8988841843556974	1.372257343687072	0.3309292
Skin	Hyperparathyroidism	159|54634	1|74	2.1821377160152235	0.4523430983272246	10.526799301824449	0.3311013
Ovarian	Liver fibrosis, sclerosis and cirrhosis	117|30319	1|67	2.180822283615193	0.45233897297697934	10.514207523203249	0.331292
Ovarian	Female genital prolapse	117|30319	8|884	1.2357363163627668	0.8061309183106176	1.894288147113867	0.331456
Male genital	Pancreatitis	222|24315	4|124	1.373693365939267	0.7235727392170994	2.607938858596732	0.3316728
Breast	Thalassaemia	428|30319	5|205	1.3131856774714967	0.7565341232722662	2.2794168438264424	0.3328656
Endocrine	Urinary Incontinence	164|54634	10|1844	1.2036817684121162	0.8270287668339439	1.7518735232805132	0.3329601
Male genital	Polymyalgia rheumatica	222|24315	0|19	0.5784911677309769	0.190946315714605	1.75259747688943	0.3331304
Bladder	Bone and joint infections	163|54634	0|173	0.6006739524863526	0.21391257403054426	1.6867133633016709	0.3332512
Ovarian	Nephritides	117|30319	2|178	1.6201569058223468	0.6092283759547625	4.308578692465155	0.3335765
Kidney	Retinal detachments	182|54634	3|181	1.4501935060836837	0.6824125035964553	3.0818034458684718	0.3338197
Bladder	Hidradenitis suppurativa	163|54634	1|151	2.1633760767919936	0.4520748841382075	10.352700877328761	0.3340041
Breast	Non-malignant CNS tumour	428|30319	3|65	1.4510159989563274	0.6811514254918228	3.0910122924678562	0.3346305
Respiratory	Erectile dysfunction	102|24315	25|2909	0.8957293288339961	0.7161506565352987	1.1203383299472753	0.3347362
Respiratory	Male infertility	102|24315	25|2909	0.8957293288339961	0.7161506565352987	1.1203383299472753	0.3347362
Colorectal	Lichen planus	241|54634	2|445	0.777008491579859	0.4651356851209079	1.2979915652575018	0.3351774
Skin	Migraine	159|54634	13|4017	1.1722734698667787	0.8479453254279583	1.6206529441741138	0.3361178
Breast	Learning disability	428|30319	2|123	1.6146270480400189	0.6079265562219129	4.288380689378501	0.3363803
Breast	Lupus erythematosus	428|30319	3|97	1.4460909219353015	0.6810543819502648	3.0705021653563076	0.336978
Kidney	Diabetic neuropathy	182|54634	5|293	1.3103653611913435	0.7546430371608484	2.2753239548464	0.3370047
Non-Melanoma Skin	Rheumatic valve disorder	129|54634	1|79	2.150647586907971	0.44995533351491607	10.279431531440554	0.3373433
Kidney	Tinnitus	182|54634	9|1052	1.211983168288564	0.8180660826554621	1.7955801265427	0.3377242
Haematopoietic	Bipolar disorder	515|54634	4|235	1.362187686005933	0.7240347576100993	2.5627986397103815	0.3377788
Colorectal	Glaucoma	241|54634	9|449	1.2142929824863038	0.8162521209398144	1.8064362829682674	0.338005
Skin	Personality disorder	159|54634	4|749	1.3583571613920886	0.7255039805812226	2.543244733718734	0.3384836
Gynaecological	Non-diabetic peripheral neuropathies	361|30319	9|353	1.2101871293420383	0.8179768855929216	1.7904575469311974	0.3397711
Prostate	Non-diabetic peripheral neuropathies	196|24315	6|338	0.8428839445757592	0.5932703509990661	1.1975203932358822	0.3400978
Kidney	Sjogrens disease	182|54634	1|77	2.131730305620108	0.44883524330213237	10.124592851636278	0.3409854
Colorectal	Sarcoidosis	241|54634	0|98	0.5963312367134167	0.2054202825029151	1.7311384228823974	0.341737
Digestive	Supraventricular tachycardia	534|54634	6|180	1.2729041217914803	0.7736080569645413	2.094451949778499	0.3422564
Male genital	Scoliosis	222|24315	0|62	0.5847733165044144	0.19286863683059982	1.773019384151721	0.3430993
Thyroid	Cardiac conduction defects	121|54634	0|366	0.5958847518465742	0.20428675712271901	1.738138303649074	0.3432
Solid	Gestational diabetes	2312|54634	105|3285	0.9532353012313612	0.8632233214224212	1.0526332143301644	0.3439474
Breast	Gestational diabetes	428|30319	31|3284	0.918878752038816	0.7710469533395548	1.0950541433195717	0.3444823
Haematopoietic	Crohns disease	515|54634	4|253	1.3540647572889402	0.7221094202350492	2.539076925952785	0.3446697
Male genital	Thalassaemia	222|24315	2|58	1.6025370024523624	0.6022591527561891	4.26415245409919	0.3449284
Secondary	Hyperparathyroidism	479|54634	3|74	1.4403037084562786	0.67537442378239	3.0715921414005423	0.3450455
Lung	Bipolar disorder	130|54634	0|235	0.5934365374306354	0.20075624064266792	1.7542016269596048	0.3453433
Colorectal	Female infertility	111|30319	3|1616	0.8048744310532111	0.5127609945185735	1.263401188250415	0.345365
Prostate	Autonomic neuropathy	196|24315	0|38	0.5865672231383461	0.19354070246038335	1.777719636677756	0.3456815
Skin	Female genital prolapse	72|30319	2|884	0.7756506914704074	0.45702740623792676	1.3164068214878843	0.3465166
Respiratory	End stage renal disease	149|54634	2|130	1.5922705238059192	0.602035996867518	4.211252207796291	0.3485518
Digestive	Non-malignant CNS tumour	534|54634	3|89	1.4337867195798577	0.6746920192562074	3.046937415251864	0.3488281
Respiratory	Fibromyalgia	149|54634	3|585	1.429396032271639	0.6765037555131048	3.0201946410840366	0.3492592
Non-Melanoma Skin	Diabetic eye	129|54634	15|3243	0.883056583020785	0.6804833530576831	1.1459338796642737	0.3495746
Lymphoma	Heart failure	193|54634	9|662	1.212255895182054	0.8097719614714395	1.814787897488192	0.3497782
Thyroid	Hyperplasia of prostate	34|24315	2|776	1.6311642114109568	0.5847184205623167	4.550389710707537	0.3498975
Prostate	Eyelid ptosis	196|24315	0|45	0.5864176675655918	0.1914287274606266	1.796416271449122	0.3500876
Thyroid	Gestational diabetes	121|54634	7|3285	0.8514614950864282	0.6074273374846106	1.1935364658051522	0.3507028
Kidney	Hip fracture	182|54634	1|55	2.0852088122577066	0.44430340736765944	9.786321055870639	0.3515494
Lung	Other haemolytic anaemias	130|54634	0|192	0.5897597667503663	0.1941011857230939	1.7919343520839903	0.3517115
Urinary	Asthma	212|54634	38|6057	1.094973651038054	0.904597103419709	1.3254158032731589	0.3518154
Breast	Hypopituitarism	428|30319	0|35	0.5941128467318001	0.1984605617410394	1.778540136918161	0.351985
Secondary	Gestational diabetes	479|54634	23|3285	1.1193285538044877	0.8827673057539137	1.4192827523126597	0.3520508
Skin	Meniere disease	159|54634	1|84	2.080541091444081	0.44453043330230635	9.737581296809875	0.3521623
Lymphoma	Seborrheic dermatitis	193|54634	11|2622	1.179487473935046	0.832735245389889	1.6706278602610565	0.3526609
Kidney	Chronic ulcer of skin	182|54634	2|506	0.782919028669193	0.46685765269229207	1.3129531066213855	0.3535243
Thyroid	Coronary heart disease	121|54634	9|2984	1.2210522658666279	0.8005209626040347	1.8624979302578368	0.3538628
Breast	Fatty liver disease	428|30319	33|1103	1.097127499330237	0.9017974325746839	1.3347662194491037	0.3541019
Uterine	Glaucoma	102|30319	1|198	0.7347360205466545	0.3825849954782375	1.4110250696421818	0.3545355
Urinary	Fatty liver disease	212|54634	16|2125	1.1451664527256378	0.8593624344199297	1.5260222601345386	0.3547903
Lung	Non-acute cystitis	130|54634	1|103	2.0703568836972273	0.44248280236556187	9.687105584571983	0.3553067
Cervical	Atrial fibrillation and flutter	137|30319	1|122	2.066178983891588	0.4432452546032332	9.631452450171667	0.3554763
Breast	Seborrheic dermatitis	428|30319	27|1657	1.1063175747564244	0.892733334751691	1.3710013153652079	0.3558996
Endocrine	Peptic ulcer	164|54634	6|1199	1.264174070188852	0.7685267719349903	2.0794800364782025	0.355918
Prostate	Alllergic and chronic rhinitis	196|24315	44|4769	1.0886638297354914	0.9089915616146019	1.303850315253915	0.3559431
Bladder	Lichen planus	163|54634	1|445	0.7400008086605439	0.3902814240337771	1.403093160721035	0.3562959
Lung	Bronchiectasis	130|54634	4|204	1.3474231626189326	0.7145830022926744	2.5407113985876837	0.3567914
Lung	Post-traumatic stress disorders	130|54634	9|2948	1.2035842741374463	0.8114533011640336	1.7852106866444664	0.3569075
Ovarian	Alopecia	117|30319	0|243	0.6019481301060874	0.20410637805450352	1.7752583471029864	0.3576421
Lymphoma	Spondylolisthesis	193|54634	0|88	0.5963306403824781	0.19771202622062695	1.798627222919413	0.3587215
Cervical	Diabetic neuropathy	137|30319	1|129	2.0524044330129527	0.4413530133344272	9.544205725087863	0.3591742
Lung	Hip fracture	130|54634	1|55	2.0626900903542356	0.43834644102780296	9.706227792951793	0.3595316
Ovarian	Pancreatitis	117|30319	0|131	0.598115739167692	0.1986158344871061	1.8011778283636233	0.3608219
Ovarian	Cerebrovascular disease	117|30319	1|283	0.7353041910601491	0.38019843697356565	1.4220791060964093	0.3608954
Lung	Visual impairment	130|54634	9|712	1.2051680285482398	0.8074519583165612	1.7987819115120982	0.3610789
Cervical	Sleep apnoea	137|30319	0|212	0.601781413565355	0.20211300243536326	1.791774231984561	0.3615984
Urinary	Rheumatoid Arthritis	212|54634	8|819	1.2142346978219876	0.7996261284410601	1.8438190661293878	0.3624013
Kidney	Visual impairment	182|54634	8|712	1.2155528574414036	0.7985885995496932	1.8502251973884056	0.3624563
Cervical	Urinary calculus	137|30319	4|568	1.3336959526984884	0.716868914544568	2.4812693899196034	0.3632934
Male genital	Iron deficiency	222|24315	17|716	0.8951839957435168	0.7050632809396421	1.136570869450695	0.3633334
Non-Melanoma Skin	Erectile dysfunction	70|24315	17|2909	1.1517609130742694	0.8491766890607121	1.562163938288269	0.3635459
Non-Melanoma Skin	Male infertility	70|24315	17|2909	1.1517609130742694	0.8491766890607121	1.562163938288269	0.3635459
Respiratory	Liver fibrosis, sclerosis and cirrhosis	149|54634	0|131	0.5957185231907847	0.19478072505998204	1.8219490597097083	0.3637803
Colorectal	Trigeminal neuralgia	241|54634	0|86	0.5966247038688801	0.19571543832124155	1.8187683113805506	0.3637868
Uterine	Fatty liver disease	102|30319	5|1103	0.8379481951843875	0.5718674301134774	1.2278320828193363	0.364397
Secondary	Other haemolytic anaemias	479|54634	1|192	0.7372361628960103	0.3814604741679896	1.424832182330575	0.3645056
Uterine	Nephritides	102|30319	2|178	1.5583880721983285	0.597300561010631	4.065915122297698	0.3645407
Gynaecological	Asthma	361|30319	46|3512	0.9325086046500347	0.8017791011739446	1.0845534592672084	0.3645447
Prostate	Polymyalgia rheumatica	196|24315	0|19	0.5858895432028682	0.1842761262750646	1.8627836593551999	0.3649831
Bladder	Liver fibrosis, sclerosis and cirrhosis	163|54634	0|131	0.6008956420740336	0.1990108924153627	1.814350804025095	0.3663223
Bladder	Gout	163|54634	3|571	0.8114049724446598	0.5149293150852525	1.2785794283219571	0.3677075
Gynaecological	Meniere disease	361|30319	0|47	0.5992760114108525	0.19659402959815658	1.8267682827732614	0.3678993
Gynaecological	Psychoactive substance misuse	361|30319	12|716	1.162891993092588	0.8372857072198778	1.6151210703083487	0.3679044
Haematopoietic	Chronic viral hepatitis	515|54634	9|616	1.1948062041825978	0.8109434143410722	1.7603717353240802	0.3680345
Solid	Trigeminal neuralgia	2312|54634	5|86	0.8344028163513802	0.5618138902901914	1.2392503495694909	0.369675
Male genital	Thyroid disease	222|24315	15|613	1.1473454846659128	0.8495501031781675	1.5495279869410865	0.369976
Lymphoma	Endometriosis	72|30319	3|735	1.4030648185254455	0.6689430429979915	2.942837817942226	0.3701886
Respiratory	Bone and joint infections	149|54634	0|173	0.5988123512376549	0.19494069790069413	1.8394118614340493	0.3704603
Male genital	Cardiovascular disease	222|24315	87|2669	1.0718976689251651	0.9206957801546222	1.2479307904009784	0.3708096
Prostate	Retinal vascular occlusions	196|24315	3|45	1.4081855053270997	0.6649412686806405	2.9821978433492795	0.3712566
Kidney	Psoriatic arthropathy	182|54634	1|78	1.9980425973618108	0.4381631102927223	9.111160038564842	0.3712673
Haematopoietic	Ankylosing spondylitis	515|54634	2|106	1.5451144727502706	0.5951278396263433	4.011539328090055	0.3714076
Kidney	Rheumatoid Arthritis	182|54634	7|819	1.225959741868804	0.7839893522795811	1.9170889047317605	0.3717935
Cervical	Scoliosis	137|30319	1|99	1.9936636973130881	0.4384351011770486	9.065640336080284	0.3718976
Cervical	Asthma	137|30319	12|3512	0.8848129608347325	0.6760561393578374	1.15803101263864	0.3727384
Endocrine	Liver fibrosis, sclerosis and cirrhosis	164|54634	1|131	1.9865371553021163	0.437905178274655	9.011836500642334	0.3736368
Endocrine	Iron deficiency	164|54634	25|5670	1.1121866138956868	0.8799277122979021	1.4057507757068768	0.3736382
Colorectal	Rheumatic valve disorder	241|54634	0|79	0.5949957597098312	0.18956009892811984	1.867586881809561	0.3736488
Prostate	Scoliosis	196|24315	0|62	0.5895598720734999	0.18393052025399328	1.8897398989539118	0.3739572
Skin	Non-spinal osteoarthritis	159|54634	30|4019	1.1126182260292177	0.8793035370768151	1.4078407110788862	0.3741299
Ovarian	Bronchiectasis	117|30319	0|88	0.5962131748170608	0.18995763601972854	1.8713127688561093	0.3755121
Breast	Hypertrophy of nasal turbinates	428|30319	8|370	1.205169233716871	0.797553023010282	1.8211113744082508	0.3756037
Uterine	Vitiligo	102|30319	0|245	0.6004715594695035	0.1942730957037972	1.8559754371829364	0.3756791
Prostate	Aortic aneurysm	196|24315	3|36	1.4020633877983317	0.6625177294803952	2.967138320881276	0.3769276
Skin	Nephritides	159|54634	3|332	1.3938741102851477	0.6664407770170235	2.9153153623335135	0.3777242
Ovarian	Peptic ulcer	117|30319	5|448	1.2812139155053976	0.7385824337628234	2.2225130496561483	0.3779039
Uterine	Spondylolisthesis	102|30319	0|53	0.5957441396380316	0.18796858334192082	1.8881404200800087	0.3788318
Urinary	Osteoporosis	212|54634	5|323	1.280440295957055	0.7382898358325994	2.2207096345321204	0.3788859
Urinary	Thalassaemia	212|54634	2|263	1.5327185672054306	0.5919093623253056	3.9688951650086675	0.3790112
Uterine	Thalassaemia	102|30319	0|205	0.6005238027677279	0.19276176322426486	1.8708525573666102	0.3790872
Lymphoma	Ankylosing spondylitis	193|54634	1|106	1.9635773731713906	0.43594056662723324	8.844407691307058	0.3795327
Non-Melanoma Skin	Somatoform and dissociative disorders	129|54634	9|2700	1.1910246654209677	0.8063402170628136	1.7592322987538949	0.3797218
Solid	ADHD and hyperkinetic disorders	2312|54634	0|43	0.5972747820747313	0.18907790369245764	1.8867205439439623	0.3798267
Lung	Liver fibrosis, sclerosis and cirrhosis	130|54634	0|131	0.5955392388989438	0.18645406695837474	1.9021681363888485	0.3817038
Male genital	Oesophagitis and oesophageal ulcer	222|24315	24|976	1.1108161328759294	0.8776574057119658	1.4059158767725206	0.3819389
Colorectal	Subarachnoid haemorrhage	241|54634	1|46	1.9683153015512345	0.4309626722231094	8.989792796520945	0.3822119
Skin	Crohns disease	159|54634	0|253	0.603138152423266	0.19389676514161572	1.876130479241679	0.3825206
Secondary	Ankylosing spondylitis	479|54634	2|106	1.5241989601150876	0.5908466090607893	3.9319553237495066	0.3833736
Cervical	Cardiovascular disease	137|30319	9|1795	1.1942949365462865	0.8006392883463646	1.7815018775884122	0.3841696
Thyroid	Chronic sinusitis	121|54634	18|6315	1.1286079831206282	0.8592645414274913	1.4823793117862498	0.3844766
Male genital	Eating disorders	222|24315	4|163	1.3202366489008808	0.7056483029999653	2.4701041605156573	0.3847369
Prostate	Meniere disease	196|24315	0|37	0.5894484557868488	0.17891230310185716	1.942010001579898	0.3848965
Colorectal	COPD	241|54634	14|662	1.1497896355114436	0.8388147461953457	1.5760526527768786	0.3856468
Lung	Peripheral venous and lymphatic disease	130|54634	10|1570	1.1784370186430972	0.8132159040932847	1.7076815639222065	0.3856495
Breast	Psoriatic arthropathy	428|30319	0|38	0.5963264660826055	0.18521929083843305	1.9199147806950827	0.3861679
Respiratory	Coeliac disease	149|54634	1|106	1.968122416103224	0.4251952346038032	9.10994651287031	0.3864484
Lymphoma	Atrial fibrillation and flutter	193|54634	5|316	1.2746415476686792	0.735930848875162	2.2076952984461866	0.3865476
Uterine	Osteoporosis	102|30319	2|246	0.7865539215228261	0.45620666473463256	1.3561114277512887	0.3876383
Urinary	Sarcoidosis	212|54634	0|98	0.5979267644536923	0.18612046381267677	1.9208871949184914	0.3877525
Urinary	Eyelid ptosis	212|54634	0|103	0.5960069207425867	0.1840718846908754	1.9298126390655073	0.3879761
Gynaecological	Cardiomyopathy	361|30319	0|39	0.5982317848771603	0.1862135845562323	1.9218859316315937	0.3882274
Male genital	Venous thromboembolism	222|24315	5|126	1.2746530194942314	0.7343496216499543	2.212488809424667	0.3883923
Respiratory	Urticaria	149|54634	10|2573	1.176058978494601	0.8131575498137836	1.7009185012357118	0.3890245
Uterine	Anxiety and phobia	102|30319	12|3419	0.8859037221735002	0.6724280244998084	1.1671515409320747	0.3891187
Lung	Bone and joint infections	130|54634	0|173	0.5984956632752013	0.18597467694398812	1.9260528629234028	0.3893349
Thyroid	Constipation	121|54634	23|7662	1.1141301879699643	0.8710217945475832	1.4250918674092685	0.3895084
Gynaecological	Rheumatoid Arthritis	361|30319	7|524	0.8663450575092508	0.6248159953700652	1.2012396677299693	0.3895629
Endocrine	Sleep apnoea	164|54634	3|621	1.3773550091642552	0.6640434067705111	2.8569018258854473	0.3897194
Uterine	Pulmonary hypertension	102|30319	1|37	1.930331982919816	0.43101264955220997	8.645179133731625	0.3899104
Breast	Intracerebral haemorrhage	428|30319	1|15	1.9352548050329927	0.4292334051743406	8.72534876189821	0.3901864
Secondary	Hidradenitis suppurativa	479|54634	2|151	1.5119285177206743	0.5878214462726559	3.888813273472719	0.3910854
Breast	Polymyalgia rheumatica	428|30319	3|52	1.3804713516255287	0.6606966171891785	2.884381580106004	0.3911142
Uterine	Depression	102|30319	22|5163	0.9057024939400715	0.7221075427529973	1.1359762347889706	0.3914811
Male genital	Meniere disease	222|24315	0|37	0.5910622128656936	0.1775206462374927	1.967965681075277	0.3915347
Secondary	Bronchiectasis	479|54634	8|204	1.2000833347407367	0.7903858460770485	1.8221480274104673	0.3919972
Respiratory	Ankylosing spondylitis	149|54634	1|106	1.9208811249245459	0.4308833479156398	8.563302141845107	0.3920013
Male genital	Ankylosing spondylitis	222|24315	0|71	0.5966778058305267	0.1826318903724036	1.949409838800685	0.3926159
Male genital	Supraventricular tachycardia	222|24315	3|68	1.3836556244933973	0.657068423869661	2.913703988265281	0.3927341
Ovarian	Trigeminal neuralgia	117|30319	1|58	1.9214766903811487	0.42965560062002367	8.593097975099518	0.3927768
Ovarian	Chronic fatigue	117|30319	6|922	1.2359451734481586	0.7599410002235706	2.010104036129645	0.3932691
Breast	Enthesopathies	428|30319	103|3843	1.0536107768586258	0.9345291718881662	1.187866256619628	0.3934177
Lymphoma	Cerebrovascular disease	193|54634	8|692	1.2005670657898968	0.7888159620767008	1.8272465933178101	0.3936551
Uterine	Bone and joint infections	102|30319	1|73	1.9133162632935743	0.4306129586937259	8.501321312969175	0.3938181
Prostate	Ankylosing spondylitis	196|24315	0|71	0.5941229467360443	0.1792507025721834	1.9692088832743984	0.3944184
Endocrine	Other haemolytic anaemias	164|54634	0|192	0.6034041950065626	0.18827807624936257	1.933823787689941	0.3952479
Prostate	Anxiety and phobia	196|24315	21|1719	1.1145558670012874	0.8678145840377486	1.431451837196776	0.395602
Skin	Rheumatic valve disorder	159|54634	1|79	1.9068048731224434	0.4299843957097867	8.455899470867102	0.395691
Respiratory	Glaucoma	149|54634	8|449	1.1997785522827233	0.7877403094306843	1.8273389812411152	0.3961543
Bladder	Hypertrophy of nasal turbinates	163|54634	2|1009	0.7959029680522025	0.46973406667367745	1.3485535316610724	0.3961585
Skin	Post-traumatic stress disorders	159|54634	11|2948	1.1616402326100432	0.8216440228095437	1.6423268380923972	0.3963947
Kidney	Hidradenitis suppurativa	182|54634	1|151	1.8996772436891434	0.4307969903124318	8.376970385919243	0.39665
Skin	End stage renal disease	159|54634	0|130	0.6007550489438259	0.18487654518268043	1.9521493571554969	0.396728
Ovarian	Glaucoma	117|30319	3|198	1.3770423850613531	0.6570035349963849	2.8862032382609537	0.3967731
Prostate	Personality disorder	196|24315	2|279	0.7917568039830475	0.46131098295413336	1.3589072443908807	0.3968623
Ovarian	Supraventricular tachycardia	117|30319	0|112	0.599614698027259	0.18337260926750462	1.9606951524904466	0.3974757
Gynaecological	Peripheral venous and lymphatic disease	361|30319	14|1117	0.8997835901146811	0.7044855914621215	1.1492222393922376	0.3976133
Kidney	Polymyalgia rheumatica	182|54634	0|71	0.5986423126765219	0.18210146632036905	1.9679831566881167	0.3980992
Male genital	Sarcoidosis	222|24315	0|40	0.5937137370146806	0.17683502556502662	1.9933607631951615	0.3988421
Cervical	Rheumatoid Arthritis	137|30319	1|524	0.7511717186697526	0.3857544237056328	1.462741361483007	0.4000726
Cervical	Dysmenorrhoea	137|30319	6|1786	0.8601125725388761	0.6054122790861659	1.2219666878182884	0.4002917
Respiratory	Hip fracture	149|54634	1|55	1.9011253494070435	0.42524323335088354	8.499318297619523	0.400437
Secondary	Thrombophilia	479|54634	0|104	0.6006325074135025	0.18292328896634039	1.9721896047266803	0.4006899
Prostate	Respiratory failure	196|24315	1|74	0.7447356170716546	0.37413786743104194	1.4824244953962677	0.4013943
Thyroid	Peripheral arterial disease	121|54634	0|323	0.6000195745788909	0.1819389441303248	1.9788148798969867	0.4014773
Male genital	Coeliac disease	222|24315	1|28	1.9019791463519975	0.42357961061269256	8.540365453203131	0.4014796
Bladder	Chronic ulcer of skin	163|54634	2|506	0.7962428911879854	0.46753316106951	1.3560594083146593	0.4015997
Endocrine	Diabetic neuropathy	164|54634	2|293	1.4929529435358992	0.5843730475708482	3.814187702320884	0.402353
Lymphoma	Cardiac conduction defects	193|54634	2|366	0.7930936250028512	0.46083086062524026	1.364920520224622	0.4026543
Skin	Trigeminal neuralgia	159|54634	1|86	1.8804874027076124	0.42793897300656997	8.263404585232136	0.4030547
Prostate	Sarcoidosis	196|24315	0|40	0.5921146484062291	0.17304053596408228	2.026113447371694	0.4037398
Male genital	Liver failure and transplant	222|24315	0|53	0.5947143932638987	0.17534617432486352	2.0170682988496536	0.4042897
Solid	Cardiomyopathy	2312|54634	12|111	1.1561100908326631	0.8220166077949076	1.6259897056223311	0.4044791
Thyroid	Peripheral venous and lymphatic disease	121|54634	6|1570	1.228506249421075	0.7563166661012994	1.995496955853799	0.4056807
Breast	Diabetic neuropathy	428|30319	7|129	1.208162970780923	0.7734766785291189	1.8871386875451004	0.4059158
Urinary	Rheumatic valve disorder	212|54634	0|79	0.5945871380005391	0.17341673991380735	2.0386374743948465	0.4082482
Thyroid	Lichen planus	121|54634	2|445	1.4804735458339966	0.5838880089732615	3.7538053294988245	0.4084917
Gynaecological	Bone and joint infections	361|30319	2|73	1.480615678116637	0.5830508705035092	3.7599168394888705	0.4091466
Non-Melanoma Skin	Spondylolisthesis	129|54634	0|88	0.5983771728648106	0.176687726783557	2.0264862054867128	0.409297
Breast	Urinary calculus	428|30319	16|568	1.1250742123342257	0.849998104075223	1.4891703607228968	0.4100222
Thyroid	Gastritis and duodenitis	121|54634	19|6346	1.121427020786618	0.8534325904562597	1.4735769139985804	0.4107862
Lymphoma	Gout	193|54634	6|571	1.226217220448901	0.7538739047794778	1.994509509074018	0.4112688
Respiratory	Parkinsons disease	149|54634	0|34	0.5844488573594957	0.16226377291585306	2.10509382797328	0.4113704
Prostate	Liver failure and transplant	196|24315	0|53	0.5924078177106069	0.16972971142677543	2.067681724870243	0.4116753
Skin	Retinal vascular occlusions	159|54634	0|85	0.5986081910371752	0.17555167411733144	2.041175444087792	0.4122638
Cervical	Thrombocytopenia	137|30319	0|147	0.6035496329421264	0.18042008890263445	2.0190221700930366	0.4124649
Respiratory	Non-diabetic peripheral neuropathies	149|54634	8|691	1.1894142987073975	0.7851683543922007	1.8017873059399285	0.4130106
Prostate	Schizophrenia and psychosis	196|24315	1|299	0.7516368379031607	0.37940465203449647	1.4890643355677535	0.4130588
Lymphoma	Urinary calculus	193|54634	5|1373	0.853613298333372	0.5843341997419618	1.2469844541246224	0.4130619
Cervical	Bipolar disorder	137|30319	0|144	0.6033752323003128	0.1799015575855572	2.0236715892819146	0.4131982
Bladder	Aortic aneurysm	163|54634	0|41	0.5976392308373685	0.17391446519003007	2.053725949969784	0.4137334
Cervical	Other haemolytic anaemias	137|30319	0|144	0.6032129461912843	0.17941377295138852	2.02808208348284	0.4138924
Bladder	Intracerebral haemorrhage	163|54634	1|45	1.8417496195298768	0.42498678697992814	7.9815226377817945	0.4143407
Lung	Erectile dysfunction	93|24315	24|2909	0.9082185822511664	0.7202987661896931	1.145165078526719	0.4156736
Lung	Male infertility	93|24315	24|2909	0.9082185822511664	0.7202987661896931	1.145165078526719	0.4156736
Male genital	Neuromuscular bladder dysfunction	222|24315	6|204	1.2246841818217147	0.7515867204297445	1.995579890430653	0.4158542
Urinary	Cardiac conduction defects	212|54634	7|366	1.2048715936762011	0.7686529128996448	1.8886490025405847	0.4163991
Prostate	Non-malignant CNS tumour	196|24315	0|24	0.5860354478635021	0.161293860047025	2.129266086461362	0.416894
Skin	Cardiomyopathy	159|54634	0|111	0.6001437914868352	0.17491735390676755	2.059101412271357	0.416946
Breast	Hip fracture	428|30319	0|21	0.5920785305142832	0.16685162075285803	2.1010103750517404	0.4173164
Male genital	Trigeminal neuralgia	222|24315	0|28	0.5873760699392845	0.16217919063717098	2.127342269879622	0.4177372
Bladder	Non-spinal osteoarthritis	163|54634	38|4019	1.0888714577245215	0.8861701003084894	1.3379384511330101	0.4178642
Kidney	Sarcoidosis	182|54634	0|98	0.6018319653272387	0.17596447340024698	2.0583797825245456	0.418319
Non-Melanoma Skin	Rheumatoid Arthritis	129|54634	5|819	1.246923103998705	0.7302619307133179	2.129122663928303	0.4188478
Colorectal	Obsessive-compulsive disorder	241|54634	0|172	0.5998953833811855	0.17367855384423445	2.072072014860378	0.4190888
Respiratory	Non-acute cystitis	149|54634	1|103	1.8258105035858547	0.42291633038890514	7.882372364148098	0.4198065
Colorectal	Other haemolytic anaemias	241|54634	2|192	1.4676566306414647	0.5777823721398172	3.7280749453958877	0.4198627
Kidney	Eyelid ptosis	182|54634	0|103	0.6007748741875558	0.17413784513212419	2.0726709302117734	0.419982
Lymphoma	Eating disorders	193|54634	3|464	1.343826309840595	0.6547004213225598	2.7583137144951824	0.4205411
Colorectal	Ankylosing spondylitis	241|54634	0|106	0.5988141476774032	0.17190413365909402	2.0859206572060542	0.4206143
Respiratory	Hyperplasia of prostate	102|24315	22|776	1.117551353092399	0.8525593273896239	1.4649080558682208	0.4209063
Non-Melanoma Skin	End stage renal disease	129|54634	0|130	0.6012298329474803	0.1739939483448034	2.0775280718942963	0.4212668
Lung	Parkinsons disease	130|54634	0|34	0.5851108280707603	0.15820990737142054	2.163926942463369	0.4218673
Male genital	Non-malignant CNS tumour	222|24315	0|24	0.5872122148746158	0.16014925096850585	2.1531052016332075	0.4219209
Urinary	Trigeminal neuralgia	212|54634	0|86	0.5971015975009065	0.16941447699442236	2.104485543758298	0.4223699
Respiratory	Gestational diabetes	149|54634	4|3285	1.2883173666389474	0.6935901603243577	2.39300055295958	0.4226151
Prostate	Non-acute cystitis	196|24315	0|19	0.5878138281560777	0.16032841078186674	2.1551083484611078	0.4227806
Skin	COPD	159|54634	8|662	1.1892228184198823	0.7783161148814001	1.817064923634573	0.4229878
Bladder	Spondylosis	163|54634	15|1570	1.1288461445302118	0.839182966007401	1.5184931887779585	0.4230732
Urinary	Autonomic neuropathy	212|54634	0|87	0.5956780157084777	0.16754746411623253	2.1178016645613447	0.4234177
Urinary	Epilepsy	212|54634	3|418	1.342401266245165	0.6523866182619376	2.76222888264868	0.4238082
Urinary	Tinnitus	212|54634	10|1052	1.1603561687309945	0.8058003756841041	1.6709181069430379	0.424048
Male genital	Chronic ulcer of skin	222|24315	9|234	1.1728726546885644	0.793329240525107	1.7339966735698114	0.4240723
Skin	Diabetic neuropathy	159|54634	1|293	0.7571256917710627	0.38254473435189096	1.4984896187657502	0.4244107
Prostate	Trigeminal neuralgia	196|24315	0|28	0.5892410064436383	0.16070570916796634	2.160501736200425	0.4249274
Non-Melanoma Skin	Spinal stenosis	129|54634	3|306	1.3414874021888812	0.6517789553985208	2.761041048235656	0.4250407
Skin	Polymyalgia rheumatica	159|54634	0|71	0.5922917171565616	0.1631717617362828	2.149939882240436	0.4258683
Endocrine	Retinal detachments	164|54634	0|181	0.6021299458941816	0.17242255842148685	2.102743835039561	0.4265647
Ovarian	Atrial fibrillation and flutter	117|30319	2|122	1.458417582018811	0.5748038654149702	3.700361064910472	0.4269867
Non-Melanoma Skin	Retinal vascular occlusions	129|54634	0|85	0.5997022481641754	0.16912860451348208	2.126445656473783	0.4284995
Respiratory	Eyelid ptosis	149|54634	0|103	0.596121961179335	0.16557212806213942	2.1462633642476896	0.4286584
Uterine	Sarcoidosis	102|30319	0|58	0.598103776972531	0.16743698624850772	2.1364940688664324	0.4287814
Cervical	Urinary Incontinence	137|30319	5|1586	0.8556584409935263	0.5815223224825615	1.2590253879126494	0.4288977
Urinary	Meniere disease	212|54634	0|84	0.5969541316191099	0.1662539633551683	2.143433022982112	0.4289257
Colorectal	Visual impairment	241|54634	10|712	1.1591824822737546	0.803744569425456	1.6718047975999004	0.429157
Endocrine	Respiratory failure	164|54634	0|169	0.6020300006188505	0.1707716286554284	2.1223673071388256	0.4298923
Colorectal	Oesophagitis and oesophageal ulcer	241|54634	22|2028	1.1022094982858008	0.8655701294297211	1.4035440189136934	0.4299863
Thyroid	Pancreatitis	121|54634	0|255	0.6031990724530705	0.17187969062922834	2.1168825687097876	0.4299981
Bladder	Sarcoidosis	163|54634	0|98	0.6019234507386836	0.17048358202560504	2.1252007744343886	0.430284
Non-Melanoma Skin	Crohns disease	129|54634	0|253	0.6033070547511669	0.17169764276039523	2.119885843863693	0.4306168
Thyroid	Supraventricular tachycardia	121|54634	1|180	1.7862920662149318	0.4216133909685607	7.5681641384591325	0.4309569
Cervical	Other anaemias	137|30319	16|4124	0.9065772813196478	0.7101887920480704	1.157273074719677	0.4310617
Urinary	Neuromuscular bladder dysfunction	212|54634	5|477	1.2390165994315543	0.7265906989946431	2.112829321640203	0.4312443
Kidney	Cerebrovascular disease	182|54634	10|692	1.1581883302561675	0.8033275984901255	1.6698047108835365	0.4314164
Breast	Crohns disease	428|30319	3|110	1.333691951616632	0.6494829332292619	2.7386927828311425	0.4328174
Male genital	Macular degeneration	222|24315	2|55	0.7951170042498198	0.4482661939947475	1.4103473759937737	0.4329882
Urinary	Sjogrens disease	212|54634	1|77	1.7852206124434777	0.41905604879457325	7.605218071092397	0.4331792
All	Cardiomyopathy	2782|54634	14|111	1.1341528674861263	0.8277299211432522	1.5540125999678422	0.4333904
Respiratory	Female infertility	47|30319	1|1616	0.7568902622921035	0.3767795087714769	1.5204724668295915	0.4338426
Cervical	Ischemic stroke	137|30319	1|139	1.7802129642777018	0.419890414334921	7.547584060003232	0.4338885
Bladder	Eyelid ptosis	163|54634	0|103	0.6009154719574132	0.1677595189301799	2.15248235534156	0.4340034
Lymphoma	Lichen planus	193|54634	1|445	0.7621156219222117	0.38574731045964394	1.5057012853460807	0.4342385
Solid	Alopecia	2312|54634	16|566	0.9121420905516974	0.7240431130194127	1.1491072539677807	0.4351285
Lung	Retinal vascular occlusions	130|54634	2|85	1.4459651174976655	0.5724753736141911	3.6522359168398086	0.435338
Uterine	Chronic ulcer of skin	102|30319	3|272	1.3305122254410922	0.6491255042519555	2.727150251303463	0.4354688
Bladder	Ankylosing spondylitis	163|54634	1|106	1.772476994120004	0.42031039707753465	7.474653771424883	0.4356645
Urinary	Migraine	212|54634	14|4017	1.128360845034933	0.8324656826660098	1.529430249341296	0.4363941
Skin	Cholelithiasis	159|54634	9|1625	1.1652946808871618	0.7926000937057766	1.7132368568808	0.4365999
Urinary	Spondylolisthesis	212|54634	2|88	1.4457048671997454	0.5708363459221149	3.6614041449459522	0.4368903
Kidney	Rheumatic valve disorder	182|54634	0|79	0.5998317978406403	0.16531119352882365	2.1764901578670197	0.4369962
Bladder	Non-malignant CNS tumour	163|54634	1|89	1.769070026936733	0.4195748593534043	7.458999724218202	0.4371538
Lymphoma	Fibromyalgia	193|54634	3|585	1.3269326493596736	0.6498275623370241	2.709565364701311	0.4373975
Thyroid	Ulcerative colitis	121|54634	0|293	0.6039656219309737	0.16906340785814475	2.1576193044714764	0.4376246
Kidney	Pulmonary hypertension	182|54634	1|60	1.7681096826691713	0.4192764128603684	7.456207299191907	0.4376439
Kidney	Spondylosis	182|54634	16|1570	1.119547963702501	0.8415368461797547	1.4894031660292735	0.438115
Ovarian	Congenital cardiac disease	117|30319	0|132	0.6015443583913461	0.1662768281723577	2.1762239458727666	0.438501
Urinary	Rosacea	212|54634	1|477	0.7620500827969492	0.3830636789671322	1.515989013254019	0.4387149
Gynaecological	Aplastic anaemias	361|30319	1|29	1.7663389240653515	0.41831748552881537	7.458337991117585	0.4388596
Uterine	Ulcerative colitis	102|30319	0|115	0.6008643963130424	0.16536516652383212	2.1832773512467933	0.4390351
Non-Melanoma Skin	Cardiomyopathy	129|54634	0|111	0.6007292170321115	0.16512394256594515	2.1854831382304942	0.439271
Bladder	Pulmonary hypertension	163|54634	1|60	1.761273276427394	0.4184271158058549	7.413677166411502	0.4401782
Uterine	Congenital cardiac disease	102|30319	0|132	0.6007382280379493	0.164591650175459	2.192616807969668	0.4404315
Lung	Meniere disease	130|54634	0|84	0.5943273601868192	0.15840817358780207	2.2298408160791565	0.4405369
Thyroid	Thrombocytopenia	121|54634	0|247	0.6040519951904507	0.16767277614060824	2.1761362893376415	0.4407636
Prostate	Seborrheic dermatitis	196|24315	10|965	1.1542560224247846	0.8012830047659807	1.6627171141524375	0.4410926
Breast	Respiratory failure	428|30319	4|95	1.2687700923277427	0.6922964909466075	2.3252718571261703	0.4411855
Non-Melanoma Skin	Female infertility	59|30319	4|1616	1.2701919109009234	0.6910525561517562	2.3346813149821224	0.4412375
Respiratory	Chronic viral hepatitis	149|54634	3|616	1.3232568388965986	0.6478890088106717	2.702636775550401	0.4420422
Colorectal	Lupus erythematosus	241|54634	0|117	0.5991447843342429	0.161901745015939	2.2172365872868505	0.4429071
Bladder	Gestational diabetes	163|54634	2|3285	0.8034534737190647	0.4593136173676842	1.405439464500949	0.443057
Uterine	Tuberculosis	102|30319	2|679	0.8073701837233582	0.46701809254374516	1.3957630849268037	0.4436039
Urinary	Cervical dysplasia	67|30319	0|196	0.6016339951785212	0.16378943647948416	2.2099316777355638	0.4440104
Urinary	Polycystic ovarian syndrome	67|30319	0|196	0.6016339951785212	0.16378943647948416	2.2099316777355638	0.4440104
Uterine	Chronic sinusitis	102|30319	11|3635	0.8936741997849847	0.6699083546884539	1.19218333339454	0.4445641
Thyroid	Bipolar disorder	121|54634	0|235	0.6040060889832741	0.16573790233511454	2.201206545930662	0.4447807
Non-Melanoma Skin	Non-diabetic peripheral neuropathies	129|54634	5|691	1.2302101396059069	0.7229919435281856	2.093269504780014	0.4448842
Kidney	Chronic viral hepatitis	182|54634	4|616	1.2624029399948251	0.6938480295833647	2.2968447195339365	0.4454201
Thyroid	Hearing loss	121|54634	7|2216	1.1875376954978745	0.7636488621361411	1.846720198447684	0.4454602
Bladder	Diverticular disease	163|54634	6|409	1.2055706218991218	0.7454652193428659	1.9496557138741106	0.4458938
Non-Melanoma Skin	Vitiligo	129|54634	2|461	1.4248919695432727	0.5732531398387924	3.5417461916385875	0.4459231
Lung	Eyelid ptosis	130|54634	0|103	0.5961469988274916	0.1576374851348072	2.2544843563515657	0.4459517
Respiratory	Type 1 Diabetes	149|54634	2|422	0.8077537756564986	0.46613592632326795	1.399733694061676	0.4465778
Digestive	Hypertrophic cardiomyopathy	534|54634	4|74	1.2679063540311382	0.6877772898957101	2.3373649380547263	0.4468836
Lymphoma	Trigeminal neuralgia	193|54634	1|86	1.7378452782338152	0.4164959921960702	7.251225144221358	0.448298
Breast	Dementia	428|30319	3|54	1.32137782628317	0.6427639046558259	2.7164552134080537	0.4484943
Colorectal	Intracerebral haemorrhage	241|54634	0|45	0.5962149634592683	0.15644512022338392	2.27218517359421	0.4486768
Respiratory	Chronic kidney disease	149|54634	0|68	0.5962572962244692	0.1560342288649133	2.2784921352654512	0.4496527
Respiratory	Portal hypertension	149|54634	0|68	0.5962572962244692	0.1560342288649133	2.2784921352654512	0.4496527
Solid	Osteoporosis	2312|54634	49|323	1.0664892722058905	0.9024944377066696	1.2602840751246047	0.4498502
Bladder	Neuromuscular bladder dysfunction	163|54634	4|477	1.25980002745647	0.692021233213963	2.2934211162977642	0.4498949
Digestive	Vitiligo	534|54634	7|461	1.1834181638377712	0.764211909362165	1.8325788087626702	0.4503819
Solid	Polymyalgia rheumatica	2312|54634	12|71	1.1434762903671252	0.8070308043526442	1.6201835414208225	0.4507835
Non-Melanoma Skin	Polymyalgia rheumatica	129|54634	0|71	0.5959634138253942	0.1550755037034854	2.2903191164062324	0.451133
Urinary	Liver failure and transplant	212|54634	0|84	0.5985405521332582	0.15737149791291566	2.276465543628682	0.4514184
Kidney	Trigeminal neuralgia	182|54634	0|86	0.6014276701049479	0.1597833825669386	2.263785110546971	0.4521448
Uterine	Enthesopathies	102|30319	28|3843	1.094012139091578	0.8654909506959714	1.382871258812459	0.452285
Prostate	Pulmonary hypertension	196|24315	0|23	0.5887433081003575	0.14786592026335113	2.344141788828826	0.4523503
Gynaecological	Cardiac conduction defects	361|30319	2|138	0.8086007453479858	0.4645932627197018	1.4073281251428513	0.4523908
Prostate	Obesity	196|24315	22|1397	0.9206147735381753	0.7418504544465696	1.142456078818494	0.4527038
Kidney	Autonomic neuropathy	182|54634	0|87	0.6005880622524451	0.15845954418175684	2.2763287776873105	0.453259
Thyroid	Fatty liver disease	121|54634	7|2125	1.1829720992784571	0.7619051851305113	1.8367416510383299	0.454123
Bladder	Bronchiectasis	163|54634	3|204	1.311800997129077	0.644142077483357	2.671494249827675	0.4545104
Bladder	Chronic kidney disease	163|54634	0|68	0.6005532291550041	0.15743620978439843	2.290859145697268	0.4553764
Bladder	Portal hypertension	163|54634	0|68	0.6005532291550041	0.15743620978439843	2.290859145697268	0.4553764
Bladder	Rheumatic valve disorder	163|54634	0|79	0.6001125848210581	0.15687145609197908	2.2957338666471747	0.45569
Prostate	Fatty liver disease	196|24315	9|1022	0.8898921530025803	0.6548417471128287	1.2093120932913317	0.4559825
Cervical	Tinnitus	137|30319	4|640	1.2558705532052439	0.6895450546077416	2.287320945699866	0.456395
Secondary	Parkinsons disease	479|54634	2|34	1.4192264930594238	0.5647743094154943	3.5663871479676965	0.4564385
Male genital	Pulmonary hypertension	222|24315	0|23	0.5894189841008578	0.1465181335040882	2.3711381691112896	0.4566801
Urinary	Psoriatic arthropathy	212|54634	1|78	1.7160428987073464	0.4139078642688529	7.114634643160879	0.4567173
Breast	Oesophagitis and oesophageal ulcer	428|30319	22|1052	0.9250134509572816	0.7532287141877125	1.135976189349922	0.4570851
Colorectal	Respiratory failure	241|54634	3|169	1.3111531274734753	0.6419200472765245	2.6780944620396268	0.4572032
Ovarian	Ulcerative colitis	117|30319	0|115	0.6014517276929007	0.15705088780576387	2.3033564839962586	0.4580235
Ovarian	Folate deficiency	117|30319	3|990	0.8360130967928423	0.5207310652707262	1.342185908662456	0.4583588
Skin	Interstitial pulmonary diseases with fibrosis	159|54634	0|66	0.5979548676720421	0.1535761413632206	2.3281612664499316	0.4584014
Uterine	Sjogrens disease	102|30319	0|68	0.6008085185225429	0.15611884107397866	2.312154468006861	0.4587096
Male genital	Visual impairment	222|24315	8|349	0.8824651332679535	0.6339246374409416	1.2284499851233137	0.4587723
Uterine	Scoliosis	102|30319	0|99	0.6006691471139542	0.1557788353136782	2.316126087141985	0.4591543
Colorectal	Sleep apnoea	241|54634	7|621	1.1790723674072559	0.7620983068519817	1.824189392738495	0.4594029
Cervical	Crohns disease	137|30319	1|110	1.7032207202401983	0.4153499255265291	6.984377854836646	0.4595203
Gynaecological	Thyroid disease	361|30319	31|2354	0.9353246413096811	0.7834405449372354	1.1166542123642196	0.4595676
Thyroid	Hyperprolactinaemia and prolactinoma	121|54634	0|192	0.6036184415222964	0.15836386985009573	2.3007471545794997	0.4596271
Lymphoma	Coronary heart disease	193|54634	29|2984	1.0927654573189274	0.8637831547301472	1.3824492156049304	0.4596433
Uterine	Nasal polyp	102|30319	2|278	1.4071030269397877	0.5689874849005899	3.479758309216654	0.4597113
Skin	Somatoform and dissociative disorders	159|54634	10|2700	1.1451779044474235	0.7994294765837455	1.6404604424130351	0.4597565
Kidney	Parkinsons disease	182|54634	1|34	1.7072433607582767	0.4132885589664165	7.0524088548264405	0.4598638
Male genital	Vitiligo	222|24315	1|216	0.7656332575008298	0.3769380909521188	1.5551473811273542	0.4601218
Endocrine	Scoliosis	164|54634	0|161	0.6038146493978438	0.15817458620670424	2.30499816418668	0.4604259
Cervical	Iron deficiency	137|30319	20|4954	0.9185473722408949	0.7330005989312356	1.1510621905096223	0.4605196
Kidney	Meniere disease	182|54634	0|84	0.6014294743906647	0.15556537775464363	2.3251794061550686	0.461144
Urinary	Retinal detachments	212|54634	3|181	1.3068948761506514	0.6410805287993913	2.664211656073071	0.4614024
Lung	Chronic kidney disease	130|54634	0|68	0.5961297108152029	0.15034211127444577	2.363746452036297	0.4617174
Lung	Portal hypertension	130|54634	0|68	0.5961297108152029	0.15034211127444577	2.363746452036297	0.4617174
Non-Melanoma Skin	Diabetic neuropathy	129|54634	1|293	0.7683583907972351	0.3807410932981909	1.5505933746062546	0.4620029
Kidney	Intracerebral haemorrhage	182|54634	1|45	1.6994335675816548	0.41355248661920363	6.983574138879815	0.4620694
Colorectal	Hidradenitis suppurativa	241|54634	0|151	0.6004817675727832	0.15420609685744593	2.338288566636029	0.4621354
Skin	Learning disability	159|54634	0|264	0.6034313488062938	0.15689660146405784	2.3208239651105407	0.4623565
Endocrine	Obsessive-compulsive disorder	164|54634	0|172	0.6044024469688525	0.15782168803426863	2.3146522030775425	0.4623621
Gynaecological	Non-spinal osteoarthritis	361|30319	59|2445	1.063553648910683	0.902172156740326	1.253803229971337	0.4630391
Lymphoma	Sleep apnoea	193|54634	2|621	0.8149137496433404	0.4712291995877019	1.4092599099096663	0.4639292
Endocrine	Gastro-oesophageal reflux disease	164|54634	19|6440	0.9172915668105108	0.7278781217350843	1.1559954797596228	0.4644283
Uterine	Neuromuscular bladder dysfunction	102|30319	3|273	1.3022193484649238	0.6414719638079814	2.6435687406348203	0.4647913
Gynaecological	Post-traumatic stress disorders	361|30319	30|1965	1.0775791528291916	0.8818129502613027	1.3168062799123026	0.4651282
Thyroid	Other haemolytic anaemias	121|54634	0|192	0.6038418216684383	0.15589880002959766	2.338856652691575	0.4652945
Lung	Alllergic and chronic rhinitis	130|54634	33|11166	1.0809281821974714	0.8771487751546855	1.3320496683845697	0.4652971
Skin	Fibromyalgia	159|54634	3|585	1.3003585056163587	0.6421165305521302	2.6333728578438005	0.4656779
Endocrine	Gastritis and duodenitis	164|54634	25|6346	1.0910634905729715	0.8627945682313427	1.3797253532802578	0.4667817
Respiratory	Trigeminal neuralgia	149|54634	0|86	0.5991363963659782	0.15067009404356352	2.3824530257917167	0.4670076
Respiratory	Barretts oesophagus	149|54634	0|57	0.5979937360016477	0.14918934022172015	2.396930690663023	0.4679132
Lymphoma	Sarcoidosis	193|54634	0|98	0.6026202792087241	0.15344023750182884	2.3667273123796626	0.4680504
Ovarian	Scoliosis	117|30319	0|99	0.5993844901859509	0.15035067500499674	2.3894922125459868	0.4681848
Thyroid	Crohns disease	121|54634	0|253	0.6043831064000003	0.15498940488188237	2.3567994185156955	0.468301
Uterine	Dermatitis	102|30319	26|6763	1.0912934018707399	0.8617239355461938	1.3820218283849346	0.4684539
Bladder	Trigeminal neuralgia	163|54634	0|86	0.6015924838650106	0.1522524379062202	2.377062210759433	0.4685219
Breast	Subdural haematoma	428|30319	1|17	1.6879199971546133	0.4095769668968377	6.956138032810915	0.4687284
Respiratory	Subdural haematoma	149|54634	0|48	0.5825344230054575	0.13499239978734642	2.5138182188099014	0.4688519
Skin	Type 2 Diabetes	159|54634	44|8982	0.9306805372100982	0.7662002104871128	1.13046988304925	0.4690448
Urinary	Diabetic eye	212|54634	38|3243	1.0741857148578633	0.8849687936573764	1.303859478746131	0.4691386
Non-Melanoma Skin	Hypertrophic cardiomyopathy	129|54634	1|74	1.6802305228767853	0.4120395413859914	6.851707970818497	0.4692951
Lung	Barretts oesophagus	130|54634	0|57	0.5974288988487155	0.14802219651657839	2.411268698742852	0.4693038
Cervical	Spinal stenosis	137|30319	0|136	0.6018957628967748	0.15215403547306317	2.380998363051811	0.469335
Urinary	Hip fracture	212|54634	1|55	1.6900988189888777	0.40786916093129755	7.003309618764593	0.4693477
Respiratory	Non-spinal osteoarthritis	149|54634	43|4019	1.0762176303740505	0.8816158518249142	1.3137744580368094	0.4704082
Bladder	Autonomic neuropathy	163|54634	0|87	0.6007544481890774	0.15033499725405935	2.4006779100747124	0.4709363
Lymphoma	Chronic sinusitis	193|54634	19|6315	0.9214958549846092	0.737706551610573	1.1510737011890806	0.4713068
Haematopoietic	Glaucoma	515|54634	13|449	1.1247176203317342	0.8166394754770504	1.5490185858891024	0.4717223
Cervical	Eating disorders	137|30319	2|301	1.388851296380932	0.5669778280427535	3.402087044775134	0.4723792
Lung	Hyperplasia of prostate	93|24315	21|776	1.1061416842457044	0.8395805643544978	1.4573341470411907	0.4733245
Respiratory	Sarcoidosis	149|54634	0|98	0.5987512754927445	0.14729146207859678	2.4339706106854058	0.4734808
Ovarian	Polymyalgia rheumatica	117|30319	1|52	1.674251165599824	0.4085511329725839	6.861116612545227	0.4739055
Lymphoma	Intervertebral disc disorders	193|54634	7|1731	0.8836961474812898	0.6295367799252565	1.240465856762158	0.4748618
Digestive	Rheumatoid Arthritis	534|54634	20|819	1.0942625871329008	0.8544085703381744	1.4014496707644852	0.4754874
Uterine	Trigeminal neuralgia	102|30319	0|58	0.5999217793587616	0.14741288615728593	2.441483582140652	0.4755224
Gynaecological	Hip fracture	361|30319	1|21	1.6674324696057168	0.4086751552331298	6.80327885141286	0.4760413
Non-Melanoma Skin	Interstitial pulmonary diseases with fibrosis	129|54634	0|66	0.5991124313894262	0.14631479620703602	2.453174352493062	0.4762795
Endocrine	Urticaria	164|54634	11|2573	1.1311864074012798	0.8057991186364986	1.5879673465697135	0.4762797
Prostate	Hip fracture	196|24315	0|34	0.5880237151553297	0.13632615851794946	2.53635760989737	0.4764667
Male genital	Hip fracture	222|24315	0|34	0.589635340567006	0.13719932548397437	2.5340491552648254	0.4776435
Secondary	Eyelid ptosis	479|54634	1|103	0.7696064489907609	0.37353498903062327	1.5856455318021383	0.4776682
Colorectal	Hip fracture	241|54634	0|55	0.5959622218997586	0.14278265214997052	2.487493855756694	0.4777187
Thyroid	Bronchiectasis	121|54634	1|204	1.6573003776202213	0.4105025574597696	6.690931619663068	0.4780051
Urinary	Spondylosis	212|54634	18|1570	1.101585383591938	0.842666879341855	1.4400593960583394	0.4790985
Urinary	Obsessive-compulsive disorder	212|54634	1|172	1.654295105544253	0.41024676273491967	6.670844342520701	0.479212
Gynaecological	Lichen planus	361|30319	3|250	0.842915974774223	0.5249463143501104	1.3534857205525765	0.4794006
Lung	Subdural haematoma	130|54634	0|48	0.5831417402315537	0.13066908243600958	2.602408181497824	0.4797433
Kidney	Cervical dysplasia	57|30319	0|196	0.6014745832928067	0.14680504454596466	2.464300020930035	0.479857
Kidney	Polycystic ovarian syndrome	57|30319	0|196	0.6014745832928067	0.14680504454596466	2.464300020930035	0.479857
Cervical	Gout	137|30319	0|130	0.6011889507088517	0.14632033286367738	2.4701157206301794	0.4803282
Skin	Eyelid ptosis	159|54634	0|103	0.601581053716404	0.1466107505031971	2.4684394762896127	0.4804772
Endocrine	Bone and joint infections	164|54634	1|173	1.647084903069313	0.41114867098659336	6.598315571369827	0.4809671
Urinary	Endometriosis	67|30319	1|735	0.7739832859541925	0.37952472984029473	1.5784218519529194	0.4810222
Cervical	Gastrointestinal polyp	137|30319	1|504	0.7749800437192542	0.3813117030844248	1.575073786891146	0.4811269
Breast	Spondylolisthesis	428|30319	1|53	0.7720878037479022	0.3758367971320528	1.58611285868001	0.4813223
Lymphoma	Hidradenitis suppurativa	193|54634	0|151	0.6042102775472739	0.14853010708136014	2.4578859240556516	0.4815634
Gynaecological	Chronic sinusitis	361|30319	42|3635	0.9455170105334841	0.8088475291339982	1.1052792831862275	0.4818459
Cervical	Gestational diabetes	137|30319	14|3284	0.910731733355559	0.7017369221265085	1.1819704279309555	0.4820346
Breast	Sjogrens disease	428|30319	3|68	1.2872806884777457	0.6364665597952116	2.6035799452856123	0.4822331
Kidney	Liver failure and transplant	182|54634	0|84	0.6024425324452942	0.14657515187110579	2.476115496153511	0.4822335
Colorectal	Chronic fatigue	241|54634	10|1308	1.1363813961502736	0.7952456327796222	1.6238538437523313	0.4826741
Uterine	Alllergic and chronic rhinitis	102|30319	19|6397	0.917077220818652	0.7201580911734502	1.1678416715058473	0.4827411
Lymphoma	Obsessive-compulsive disorder	193|54634	0|172	0.6044798154335407	0.14813371105674578	2.466662346200148	0.4829237
Urinary	Coeliac disease	212|54634	0|106	0.5979554656272088	0.14196268465988235	2.5186248043285517	0.4833446
Male genital	Hidradenitis suppurativa	222|24315	0|69	0.5990926610054035	0.1428879046051388	2.5118432344736576	0.4835636
Male genital	Asthma	222|24315	43|2545	1.0663734577597672	0.8907978617252883	1.2765548731921033	0.4838381
Solid	Nasal polyp	2312|54634	27|590	0.9353998444339675	0.7757069995491359	1.1279682528011876	0.4844221
Lymphoma	Rheumatic valve disorder	193|54634	0|79	0.6002938461907633	0.14354023210152717	2.5104648118418775	0.4844966
Digestive	Post-traumatic stress disorders	534|54634	35|2948	1.067959587070041	0.887956858447094	1.284451681142984	0.4850704
Bladder	Meniere disease	163|54634	0|84	0.601804281693562	0.14461080046996508	2.5044353000447206	0.485149
Prostate	Cardiac conduction defects	196|24315	6|228	0.8761981631382948	0.6044584897618392	1.2701008160037757	0.4853465
Breast	Non-acute cystitis	428|30319	3|84	1.2837403946838497	0.6361745904676407	2.5904671856378902	0.4855981
Gynaecological	Ankylosing spondylitis	361|30319	0|35	0.6011631001397625	0.14378218050154354	2.5135039106307784	0.4856639
Cervical	Learning disability	137|30319	0|123	0.6036105945335621	0.14579760006537726	2.4989831771564393	0.4861444
Cervical	Lupus erythematosus	137|30319	0|97	0.6037192542196566	0.1456550272805046	2.5023299553789045	0.4866552
Respiratory	Retinal vascular occlusions	149|54634	2|85	1.3764049620118926	0.5592861503120444	3.387336908653933	0.4868645
Haematopoietic	Macular degeneration	515|54634	6|110	1.1924344813418595	0.7256477897211887	1.959490557863282	0.4873623
Gynaecological	Gastritis and duodenitis	361|30319	62|3530	1.054003530780308	0.9085905957268683	1.2226886874265104	0.4874333
Lung	Trigeminal neuralgia	130|54634	0|86	0.599031556670355	0.14095909176864593	2.5456946507279254	0.4875634
Male genital	Nephritides	222|24315	6|154	1.1855170398790613	0.733024846992109	1.9173301663793965	0.4878032
Uterine	Eyelid ptosis	102|30319	0|58	0.5989279331747418	0.14073430611871218	2.5488786567390687	0.4878444
Cervical	Thrombophilia	137|30319	0|95	0.6038243105095229	0.14446057009220906	2.523898373996271	0.4893701
Skin	Psychoactive substance misuse	159|54634	14|2298	1.114806670285674	0.8191196770338061	1.517231177517104	0.4894769
Skin	Sarcoidosis	159|54634	0|98	0.6022317144542388	0.14287707411245057	2.5384271069901967	0.4896403
Gynaecological	Nephritides	361|30319	4|178	1.2306198677983535	0.6825318270295347	2.2188346375157453	0.4901898
Kidney	Dysmenorrhoea	57|30319	4|1786	1.2341802691197779	0.6786433412804962	2.244479307511542	0.4904766
Respiratory	Retinal detachments	149|54634	1|181	0.7744416197128842	0.37424392809839435	1.6025906562893648	0.4908777
Uterine	Coeliac disease	102|30319	0|78	0.6007027855280594	0.14078415740771238	2.563099734980565	0.4911391
Cervical	Obsessive-compulsive disorder	137|30319	0|104	0.6039837411714188	0.14371379096114195	2.5383531890690914	0.4912472
Cervical	Supraventricular tachycardia	137|30319	0|112	0.6033444609481415	0.14312816376638057	2.543346669010431	0.4912497
Thyroid	Tinnitus	121|54634	4|1052	1.23106789496623	0.6808359347453403	2.2259814511457185	0.4915227
Skin	Intervertebral disc disorders	159|54634	10|1731	1.1339464704469442	0.7924816246983636	1.622541845469918	0.4916685
Kidney	Diabetic eye	182|54634	33|3243	1.07512431848976	0.8745003187758416	1.3217745898893816	0.4918313
Male genital	End stage renal disease	222|24315	1|83	0.7737743386761368	0.3723746231375844	1.6078612504495944	0.4918814
Lymphoma	Cholelithiasis	193|54634	9|1625	1.1420535482263745	0.7818235212941069	1.6682617898954266	0.4920792
Lymphoma	Peripheral arterial disease	193|54634	4|323	1.2312735004722712	0.6798294507432624	2.230021708103038	0.4923759
Breast	Bipolar disorder	428|30319	4|144	1.2299247639583735	0.6809253752280507	2.22155757448668	0.4926846
Urinary	Lupus erythematosus	212|54634	0|117	0.5996009070478012	0.13903580348367234	2.585817744238565	0.4927516
Breast	Intervertebral disc disorders	428|30319	27|857	1.0769137377211027	0.8712727372272595	1.3310908845641212	0.4930968
Haematopoietic	Ulcerative colitis	515|54634	5|293	1.2013080442378334	0.7106237027391414	2.0308090084637698	0.4935315
Breast	Adrenal insufficiency	428|30319	0|21	0.5960772537087977	0.13541255466745253	2.623893281251443	0.4938234
Breast	Subarachnoid haemorrhage	428|30319	1|22	1.6226879457150187	0.40507294377771086	6.500350639596863	0.4941713
Lung	Sarcoidosis	130|54634	0|98	0.5988297170476438	0.13751765089070928	2.607643656626686	0.494522
Ovarian	Spondylolisthesis	117|30319	1|53	1.6207548540352559	0.4053650904676412	6.48019861268378	0.4946406
Endocrine	Macular degeneration	164|54634	1|110	1.620223333617246	0.405607214351774	6.472083232033125	0.4946458
Colorectal	Urinary calculus	241|54634	13|1373	1.1140555437479795	0.8170274060074363	1.5190674699892628	0.4948049
Bladder	Hyperparathyroidism	163|54634	1|74	1.6154426406190723	0.4072444905556352	6.408079140787802	0.4951142
Urinary	Hidradenitis suppurativa	212|54634	1|151	1.6147739857869567	0.4068749129366134	6.408591294938141	0.4956415
Cervical	Ulcerative colitis	137|30319	1|115	1.610381326967177	0.4080962440976545	6.354697098422698	0.4963053
Uterine	Other haemolytic anaemias	102|30319	0|144	0.601098779129283	0.13858660526586597	2.6071765130371367	0.4965508
Cervical	Cardiac conduction defects	137|30319	0|138	0.6016725009863854	0.1388929981194001	2.6063934348368547	0.4969896
Ovarian	Diabetic neuropathy	117|30319	2|129	1.3635219207518754	0.5571526829561976	3.3369524822283783	0.4971076
Respiratory	Sjogrens disease	149|54634	0|77	0.5964493219883423	0.13377786211794948	2.6592725288635077	0.4980396
Lymphoma	Aortic aneurysm	193|54634	1|41	1.6115573345263976	0.40511285353005394	6.4108482854473445	0.4981678
Respiratory	Pulmonary hypertension	149|54634	0|60	0.5982778504980996	0.13499467847828694	2.651485158018271	0.4988664
Lymphoma	Chronic kidney disease	193|54634	0|68	0.6009575375127275	0.1373056082989256	2.6302637333437113	0.4989959
Lymphoma	Portal hypertension	193|54634	0|68	0.6009575375127275	0.1373056082989256	2.6302637333437113	0.4989959
Secondary	Sarcoidosis	479|54634	3|98	1.274129244746303	0.6306695538895077	2.5740981506175618	0.4995397
Lung	Autonomic neuropathy	130|54634	1|87	1.6098854058942367	0.40404187314232887	6.4145109514386425	0.4996028
Gynaecological	Barretts oesophagus	361|30319	0|22	0.5978053976396567	0.13353493366227703	2.676238222059069	0.5011002
Bladder	Liver failure and transplant	163|54634	0|84	0.6026901872156983	0.13770337000742197	2.6378109827414957	0.5014217
Lymphoma	Somatoform and dissociative disorders	193|54634	10|2700	1.1291487158396902	0.7923911284642563	1.609024604999643	0.5014571
Ovarian	Alcohol dependence	117|30319	4|1305	0.8630617825680017	0.5617374663270321	1.3260209353666383	0.5015007
Male genital	Learning disability	222|24315	0|141	0.591741733658213	0.12806395646091998	2.734245364812557	0.5016419
Thyroid	Type 2 Diabetes	121|54634	20|8982	0.9149992805418363	0.7056680049756233	1.1864271548219039	0.502713
Non-Melanoma Skin	Dysmenorrhoea	59|30319	4|1786	1.2250430668610792	0.6760355334807449	2.2198988682406933	0.503364
Breast	Hyperprolactinaemia and prolactinoma	428|30319	1|173	0.7826419243833965	0.381702320449508	1.6047279489451576	0.5035032
Breast	Other anaemias	428|30319	84|4124	1.043522177182763	0.9210679306084816	1.1822564852006872	0.5035331
Uterine	Crohns disease	102|30319	0|110	0.601486011418456	0.13554497159999776	2.669117250618015	0.5037122
Ovarian	Crohns disease	117|30319	0|110	0.6026974195413387	0.13625684066275207	2.6658784818066534	0.504479
Colorectal	Hypopituitarism	241|54634	0|65	0.598738701847983	0.13252949162776306	2.7049679938220605	0.5049867
Bladder	Cervical dysplasia	50|30319	0|196	0.6025100097875887	0.1357986180868854	2.6732106482996554	0.5050934
Bladder	Polycystic ovarian syndrome	50|30319	0|196	0.6025100097875887	0.1357986180868854	2.6732106482996554	0.5050934
Non-Melanoma Skin	Eyelid ptosis	129|54634	0|103	0.6019053933060242	0.13522352622113398	2.6791943134097744	0.5051753
Ovarian	Non-acute cystitis	117|30319	0|84	0.6019451203729612	0.13519296374956766	2.6801537438887424	0.5053136
All	Nasal polyp	2782|54634	33|590	0.9431648473637437	0.7939922487994258	1.1203634930287463	0.505321
Lymphoma	Hyperparathyroidism	193|54634	0|74	0.601510071340108	0.1346830821452168	2.686412875029616	0.5055778
All	Hidradenitis suppurativa	2782|54634	5|151	0.8744720029139559	0.5890734736919815	1.2981424525664478	0.5057534
Gynaecological	Enthesopathies	361|30319	69|3843	1.0496195865503608	0.9100873200280052	1.2105445842671985	0.5057756
Endocrine	Hyperplasia of prostate	49|24315	3|776	1.2936995731544683	0.6058838851109049	2.7623421363545533	0.5058307
Lung	Coeliac disease	130|54634	0|106	0.5799995217563669	0.11648217755964667	2.887990697678667	0.5059911
Uterine	Non-acute cystitis	102|30319	1|84	1.5902194093280118	0.405208536279318	6.240731730440107	0.5060576
Kidney	Ankylosing spondylitis	182|54634	1|106	1.5877564785080382	0.405894664535291	6.210898677198693	0.5064719
Lung	Type 1 Diabetes	130|54634	2|422	0.8250395123803199	0.4673224633124543	1.456574957180355	0.5072198
Breast	Parkinsons disease	428|30319	0|10	0.5908973295106017	0.1242984736632295	2.809042168681517	0.5083198
Gynaecological	Chronic ulcer of skin	361|30319	6|272	1.1700108239427593	0.7346626093911639	1.8633387770716718	0.508412
Non-Melanoma Skin	Sarcoidosis	129|54634	0|98	0.6024431348881278	0.13412166811233014	2.7060335282280095	0.5084973
Ovarian	Sjogrens disease	117|30319	0|68	0.6009244857570959	0.13250200786136457	2.7253189850545967	0.5090986
Gynaecological	Liver failure and transplant	361|30319	1|31	1.5833771457569588	0.4040173889466951	6.205384357939679	0.5095963
Kidney	Obsessive-compulsive disorder	182|54634	0|172	0.6042314252770712	0.13507329526322248	2.702944461234066	0.5098227
Breast	Scoliosis	428|30319	3|99	1.2629218942409552	0.6302869040545258	2.5305487083627907	0.5103497
Thyroid	Retinal detachments	121|54634	0|181	0.6028209851773897	0.13338995075631396	2.724291733446326	0.5107363
Endocrine	Hidradenitis suppurativa	164|54634	0|151	0.6047125849677427	0.13493837584263324	2.709957846571585	0.5109986
Prostate	Hidradenitis suppurativa	196|24315	0|69	0.5969213000447474	0.12803720925526985	2.782902255677257	0.5112342
Colorectal	Post-traumatic stress disorders	241|54634	17|2948	1.0943760680470702	0.8361517527018446	1.4323464304705313	0.5113153
Urinary	Diabetic neuropathy	212|54634	5|293	1.190306694037846	0.707284789634749	2.0031959496866545	0.5118447
Skin	Obsessive-compulsive disorder	159|54634	0|172	0.6044000293638998	0.1341654686698921	2.7227527255458344	0.5120328
Kidney	Coeliac disease	182|54634	0|106	0.6021895597096603	0.13221663069081202	2.742712954706343	0.512038
Urinary	Coronary heart disease	212|54634	44|2984	1.0650386610948321	0.8814932663743417	1.286802058389144	0.5137991
Skin	Barretts oesophagus	159|54634	0|57	0.5998443944406587	0.1292906277970039	2.7829805119889657	0.5139122
Non-Melanoma Skin	Intervertebral disc disorders	129|54634	9|1731	1.1341040999613337	0.7772295663997351	1.654841973532963	0.5139136
Thyroid	Respiratory failure	121|54634	0|169	0.6029355320461813	0.13197782010788786	2.7544875002984295	0.5139137
Cervical	Somatoform and dissociative disorders	137|30319	11|1935	1.1194494478164578	0.7977290783422726	1.5709181227550661	0.5139321
Male genital	Atrial fibrillation and flutter	222|24315	7|194	0.8884392565642283	0.622437958917287	1.268117249753543	0.5146703
Uterine	Intervertebral disc disorders	102|30319	5|857	0.8757303982235267	0.5873276486520316	1.305751112062999	0.515001
Uterine	Heart failure	102|30319	4|225	1.2187746880667083	0.6714107118939172	2.2123742054726065	0.5154377
Lung	Pulmonary hypertension	130|54634	0|60	0.5982898161747658	0.12713555494213408	2.8155043197896688	0.5156596
Urinary	Subdural haematoma	212|54634	0|48	0.5946085435228042	0.12387101207356802	2.854253905831728	0.515989
Respiratory	Psoriatic arthropathy	149|54634	0|78	0.5988051655325543	0.12737606835455462	2.815031354794116	0.516085
Prostate	Type 1 Diabetes	196|24315	7|205	1.1552225391463762	0.7472816824411961	1.7858581928465997	0.5161827
Urinary	Pancreatitis	212|54634	1|255	0.7849949455580593	0.37776559302183443	1.631215430771335	0.5165216
Ovarian	Sarcoidosis	117|30319	0|58	0.5997184403434692	0.12759309295286428	2.81882192338476	0.5172846
Male genital	Anxiety and phobia	222|24315	22|1719	1.082041570779479	0.8521405167403443	1.3739681870468803	0.5176112
Respiratory	Migraine	149|54634	9|4017	1.133002286344337	0.7761047350952629	1.6540218385652912	0.5176955
Ovarian	Obsessive-compulsive disorder	117|30319	0|104	0.6026690934282892	0.12948182437622424	2.8051044069191344	0.5186664
Skin	Spinal stenosis	159|54634	3|306	1.2560200106936195	0.6282778085677717	2.510969265107551	0.5189512
Skin	Hypertrophic cardiomyopathy	159|54634	1|74	1.5617953110985523	0.4027507639872898	6.056362425289902	0.5190761
Gynaecological	Cerebrovascular disease	361|30319	8|283	1.140723830553629	0.7643588050073638	1.7024084095955545	0.5192291
Male genital	Crohns disease	222|24315	2|143	1.3364702543893472	0.5518014662443294	3.236948160041033	0.52047
Respiratory	Cervical dysplasia	47|30319	0|196	0.6022907360542665	0.12826524661613617	2.828156030623143	0.5205345
Respiratory	Polycystic ovarian syndrome	47|30319	0|196	0.6022907360542665	0.12826524661613617	2.828156030623143	0.5205345
Lymphoma	Non-acute cystitis	193|54634	0|103	0.6031900245348433	0.12878625330580828	2.8251323131079524	0.5210725
Ovarian	Lupus erythematosus	117|30319	0|97	0.6026666827567368	0.12809148804798973	2.8355290116462153	0.521581
Non-Melanoma Skin	Trigeminal neuralgia	129|54634	0|86	0.6016424181134141	0.1270219821126853	2.849692574882336	0.5219776
Lymphoma	Non-malignant CNS tumour	193|54634	0|89	0.6028336445510014	0.12759193441284006	2.848208271745365	0.5229307
All	Gestational diabetes	2782|54634	128|3285	0.9706410980259776	0.8857510693104246	1.063666953188726	0.5233688
Kidney	Psoriasis	182|54634	7|1162	1.1485760985166484	0.7501287353861047	1.7586675351194168	0.523939
Lymphoma	Alopecia	193|54634	1|566	0.7902317674725677	0.3829507378023422	1.6306699130715165	0.5241388
Kidney	Lupus erythematosus	182|54634	0|117	0.6032732705020687	0.12723829653515883	2.8602916638521463	0.5244657
Endocrine	End stage renal disease	164|54634	0|130	0.603871410642624	0.127651855443846	2.8566813958448622	0.5246785
Skin	Non-acute cystitis	159|54634	0|103	0.6031019652197475	0.12697997019015753	2.864483114204694	0.524698
Thyroid	Obsessive-compulsive disorder	121|54634	0|172	0.6046527213851272	0.1282586949946688	2.850527315077055	0.5248213
Lung	Sjogrens disease	130|54634	0|77	0.5965328307388968	0.12128894073798037	2.9339147986963194	0.5249998
Breast	Iron deficiency	428|30319	82|4954	0.9618695888806335	0.8531873935383665	1.084396128002323	0.5250935
Endocrine	Lupus erythematosus	164|54634	0|117	0.6043843151674219	0.12788228584863814	2.8563799747272314	0.525122
Lymphoma	Meniere disease	193|54634	0|84	0.6024943447309807	0.1261909200946867	2.8765891805879478	0.52526
Cervical	Female genital prolapse	137|30319	5|884	1.1824942750773362	0.7044573280671597	1.9849218041740184	0.5258735
Lymphoma	Cervical dysplasia	72|30319	1|196	1.5453308039192841	0.4025020697100377	5.933006245811777	0.5260079
Lymphoma	Polycystic ovarian syndrome	72|30319	1|196	1.5453308039192841	0.4025020697100377	5.933006245811777	0.5260079
Cervical	Non-acute cystitis	137|30319	0|84	0.6037645348617259	0.1267231871641581	2.8765975802406185	0.5264269
Male genital	Alopecia	222|24315	1|323	0.7873951972466937	0.375557954552503	1.6508535876597576	0.5268494
Cervical	Chronic fatigue	137|30319	3|922	0.8556601523121196	0.5277090652095241	1.387420350575372	0.5272978
Endocrine	Epilepsy	164|54634	2|418	1.3233971115558412	0.5550465804604257	3.155374659585378	0.5273512
Lung	Retinal detachments	130|54634	1|181	0.7860318230748023	0.37249351898942096	1.6586759108252955	0.527456
Breast	Hypertrophic cardiomyopathy	428|30319	0|11	0.5935000385373891	0.11732142132549667	3.0023698295183547	0.5281856
Gynaecological	Polymyalgia rheumatica	361|30319	2|52	1.3266924962846485	0.5509396962560893	3.1947470687968926	0.5283859
Skin	Aortic aneurysm	159|54634	0|41	0.5988602581420044	0.12143254931802963	2.953356499521833	0.5288284
Digestive	Trigeminal neuralgia	534|54634	1|86	0.7875810444423504	0.3744667443879483	1.6564458950252954	0.5290071
Skin	Coeliac disease	159|54634	0|106	0.6010687249416874	0.12288011914238914	2.9401307113348683	0.5296826
Bladder	Coeliac disease	163|54634	0|106	0.6026660800903554	0.12404189345402777	2.928094645911592	0.5300782
Colorectal	Cardiomyopathy	241|54634	2|111	1.3251332229414468	0.5500344534946765	3.1924873930832427	0.5303223
Prostate	Thyroid disease	196|24315	13|613	1.105110245857713	0.808371377853848	1.5107767159471321	0.5309899
Prostate	Lupus erythematosus	196|24315	0|20	0.5927515139071411	0.11538487492568106	3.0450642466398974	0.531078
Prostate	Vitiligo	196|24315	1|216	0.7877496048211783	0.3733624407894559	1.6620564151653883	0.5311257
Cervical	Intervertebral disc disorders	137|30319	5|857	1.1786904098406832	0.7040544373727612	1.973300654754382	0.5317579
Haematopoietic	Irritable bowel syndrome	515|54634	20|1690	1.08073244382832	0.8470771349996502	1.3788385577703204	0.532186
Thyroid	Scoliosis	121|54634	0|161	0.6044792109540275	0.12434608412257246	2.938533360772507	0.5326647
Thyroid	Non-spinal osteoarthritis	121|54634	13|4019	1.1150909822348298	0.7916198735683142	1.5707386084896382	0.5331522
Lymphoma	Barretts oesophagus	193|54634	1|57	1.5328718467259996	0.3996390317203385	5.879546070288397	0.5334422
Skin	Hidradenitis suppurativa	159|54634	0|151	0.6043583272006149	0.12373560098251934	2.9518504355777586	0.5337227
Gynaecological	Sleep apnoea	361|30319	5|212	1.1765094953518354	0.704932771705382	1.963555459770183	0.5339294
Lymphoma	Obstructive and reflux uropathy	193|54634	3|459	1.2419379220304319	0.6274624565282264	2.4581706620528005	0.5339304
Lymphoma	Hyperprolactinaemia and prolactinoma	193|54634	0|192	0.6044707483043128	0.12369314221060415	2.95396235414134	0.5340101
Non-Melanoma Skin	COPD	129|54634	7|662	1.150476264862312	0.7391468080874304	1.7907073689953272	0.5346106
Non-Melanoma Skin	Barretts oesophagus	129|54634	0|57	0.6008103209508021	0.12014458818136282	3.0044885685246467	0.5349996
Lymphoma	Parkinsons disease	193|54634	0|34	0.5975794699023813	0.11743781024778999	3.0407687447112557	0.5350897
Kidney	Non-diabetic peripheral neuropathies	182|54634	7|691	1.1447645698353042	0.7466787797897879	1.755086599245729	0.5351763
Thyroid	Personality disorder	121|54634	1|749	0.7934982059109649	0.38192650659411076	1.648587861572709	0.5352609
Bladder	Thyroid disease	163|54634	13|2967	1.1032725405461943	0.8084408846129686	1.505626845314706	0.5355663
Haematopoietic	Obstructive and reflux uropathy	515|54634	7|459	1.1445035932658414	0.7467031816510357	1.7542291330567625	0.5356193
Kidney	Nasal polyp	182|54634	4|590	1.2007471643568202	0.6729639479097522	2.142453183694613	0.5357289
Endocrine	Dermatitis	164|54634	40|11312	1.0603872801194199	0.8807711785584421	1.2766325820054658	0.5357679
Kidney	Atrial fibrillation and flutter	182|54634	3|316	0.8552905869581847	0.5214788298980011	1.402783672507585	0.5357694
Kidney	Bronchiectasis	182|54634	3|204	1.2418795523197954	0.6250725724916718	2.4673372186564206	0.5362681
Digestive	Coeliac disease	534|54634	2|106	1.3197231767212723	0.5475881202578136	3.180619152868546	0.5364849
Cervical	Hidradenitis suppurativa	137|30319	0|82	0.6041927557032929	0.12219967155673667	2.9873147889341816	0.5366331
Lymphoma	Lupus erythematosus	193|54634	0|117	0.603864768093641	0.12190852385013064	2.991199028815047	0.5366641
Bladder	Psoriatic arthropathy	163|54634	0|78	0.6029445761469926	0.12094273377523446	3.0059032945352473	0.537068
Cervical	Coeliac disease	137|30319	0|78	0.6034633315153147	0.12118827390333341	3.004977138085518	0.5374642
Male genital	Lupus erythematosus	222|24315	0|20	0.5954415784721383	0.1145145854795082	3.096118034997704	0.5376433
Lung	Psoriatic arthropathy	130|54634	0|78	0.59876923830045	0.11689327733324138	3.0671105209310965	0.5383247
Breast	Spinal stenosis	428|30319	6|136	1.1574010299040502	0.7265510863495845	1.8437480435868634	0.5383447
Uterine	Retinal vascular occlusions	102|30319	0|40	0.6000609773579163	0.11777326334929673	3.0573422719876424	0.5387039
Bladder	Learning disability	163|54634	0|264	0.603662507276908	0.12051706955808623	3.0237079612710573	0.5392158
Uterine	Tinnitus	102|30319	3|640	0.856861486044367	0.5229437360283392	1.4039973245350674	0.5397725
Thyroid	Chronic viral hepatitis	121|54634	2|616	1.3103863272048502	0.5519084157315581	3.111226931101192	0.5400506
Urinary	Hypopituitarism	212|54634	0|65	0.5995589364532958	0.11642510130303116	3.0875723040633365	0.5406895
Kidney	Subdural haematoma	182|54634	0|48	0.600096382000007	0.11681897553631243	3.082681268485862	0.5407857
Prostate	Hypopituitarism	196|24315	0|30	0.5930734653811072	0.11094256100790863	3.170434611781512	0.5412973
Thyroid	Sleep apnoea	121|54634	2|621	1.3091525244969346	0.5509944403439506	3.1105220069495276	0.541798
Non-Melanoma Skin	Hypertension	129|54634	52|9327	1.0688480716433306	0.8629491258361701	1.3238743351743738	0.5419494
Kidney	Rosacea	182|54634	1|477	0.7954629553855852	0.3810671624479033	1.6604981371945848	0.5422404
Breast	Eating disorders	428|30319	3|301	0.8591978994540673	0.5273772616723845	1.3997968514707724	0.5422534
Male genital	Hypopituitarism	222|24315	0|30	0.5957483098616048	0.11252676213314569	3.15405901649431	0.5424527
Ovarian	Eyelid ptosis	117|30319	0|58	0.599872587789736	0.115801717771788	3.1074420009097805	0.542553
Bladder	Lupus erythematosus	163|54634	0|117	0.6034078154425939	0.11869971243375364	3.0674125848485816	0.5425706
Non-Melanoma Skin	Non-acute cystitis	129|54634	0|103	0.6032865426600129	0.11805920063846839	3.0828148131309687	0.5437007
Skin	Ankylosing spondylitis	159|54634	0|106	0.6038104227100914	0.11838913570389663	3.079564897620412	0.5439183
Ovarian	Coeliac disease	117|30319	0|78	0.6020528781935452	0.1168154756922333	3.102907949423616	0.5441768
Endocrine	Spondylolisthesis	164|54634	0|88	0.6019282661455511	0.11648450256711425	3.110436406561764	0.5446576
Respiratory	Autonomic neuropathy	149|54634	1|87	1.511949684868092	0.39682153236934553	5.760755561633721	0.5446955
Respiratory	Dermatitis	149|54634	43|11312	1.0592952197920875	0.8790504958663891	1.276498185202004	0.5449621
Non-Melanoma Skin	Learning disability	129|54634	0|264	0.6040393102317442	0.11791772305059113	3.0942209437736605	0.5452978
Respiratory	Supraventricular tachycardia	149|54634	2|180	1.307625634614381	0.5477518516755986	3.1216412962732027	0.5457448
Gynaecological	Psoriatic arthropathy	361|30319	1|38	1.5060841435077343	0.3987799810991779	5.688072508236803	0.5458364
Non-Melanoma Skin	Liver fibrosis, sclerosis and cirrhosis	129|54634	1|131	1.504622445573581	0.3993702130601672	5.668646858704901	0.5460484
Uterine	End stage renal disease	102|30319	0|47	0.6002428233823371	0.11439870500349837	3.149436411985448	0.5461613
Kidney	Alllergic and chronic rhinitis	182|54634	41|11166	1.0573986625810101	0.8818972803022026	1.2678255808261125	0.5466858
Endocrine	Thrombophilia	164|54634	0|104	0.6044683304261553	0.11752898675912425	3.108866778857154	0.546848
Male genital	Peripheral venous and lymphatic disease	222|24315	14|453	1.0970690239929042	0.8115686493338613	1.4830050968487145	0.5469119
Gynaecological	Lupus erythematosus	361|30319	2|97	1.3035639325185766	0.5500129365677295	3.0895253787436037	0.5470779
Bladder	Sjogrens disease	163|54634	0|77	0.6027914476727908	0.11599833516553658	3.1324374515282987	0.5471626
Digestive	Gestational diabetes	534|54634	14|3285	0.9246032984498234	0.7154183088635556	1.1949530070907617	0.5491643
Non-Melanoma Skin	Aortic aneurysm	129|54634	0|41	0.6000489762583805	0.11281736124668351	3.19151919465157	0.5491792
Cervical	Gastro-oesophageal reflux disease	137|30319	19|3760	1.0828565466372826	0.8334063838632697	1.4069706247745724	0.5512614
Uterine	Cardiomyopathy	102|30319	0|39	0.6000927814325168	0.11175377782719055	3.2223639623554314	0.5515069
Lung	Urticaria	130|54634	8|2573	1.1293350407491862	0.7566474908385833	1.6855902513473717	0.5516726
Skin	Lupus erythematosus	159|54634	0|117	0.6037941200487652	0.11421648958738712	3.1918976035989264	0.5526043
Haematopoietic	Cardiomyopathy	515|54634	3|111	1.2336028078902972	0.6154905295944796	2.4724602808063656	0.5539688
Skin	Liver failure and transplant	159|54634	0|84	0.603111011817075	0.11297401075962063	3.2197041614196253	0.5540444
Uterine	Ischemic stroke	102|30319	1|139	0.7965455209826562	0.3748981837039773	1.6924188875199397	0.5541234
Lymphoma	Hyperplasia of prostate	121|24315	12|776	1.1136779429256045	0.7792659906348736	1.5915984727481076	0.5545204
Lung	Thalassaemia	130|54634	1|263	1.4887145061110425	0.3976534267950519	5.573373021245702	0.5546537
Thyroid	Congenital cardiac disease	121|54634	1|245	1.4851607268992237	0.39897796866308494	5.528381409416682	0.5553202
Gynaecological	Other haemolytic anaemias	361|30319	1|144	0.7995725552851752	0.380125810801639	1.6818544097729766	0.5554615
Gynaecological	Gout	361|30319	4|130	1.1898663620274974	0.6674816631642809	2.121079930155472	0.5555875
Uterine	Non-spinal osteoarthritis	102|30319	30|2445	1.0746348183427632	0.8457353951411094	1.3654861785723191	0.5558631
Breast	Macular degeneration	428|30319	3|55	1.229705856833701	0.6176194672265265	2.4483951277016343	0.5561939
Lung	Dermatitis	130|54634	38|11312	1.0614432089751489	0.8696987253568014	1.2954620410846744	0.5574688
Bladder	Subdural haematoma	163|54634	0|48	0.6007274148471636	0.10934235143832549	3.300399362204194	0.5576784
Lymphoma	Hip fracture	193|54634	0|55	0.6020071239134872	0.11029971241768652	3.2857073631361158	0.5577999
Breast	Non-diabetic peripheral neuropathies	428|30319	8|353	0.9073678892721875	0.6554700546767493	1.256070327863094	0.5579547
Non-Melanoma Skin	Obsessive-compulsive disorder	129|54634	0|172	0.6044683304261553	0.11218823374225398	3.25686527276673	0.557975
Lymphoma	Interstitial pulmonary diseases with fibrosis	193|54634	1|66	1.4832802198110457	0.39645587910519675	5.549470512200218	0.5581069
Gynaecological	Tinnitus	361|30319	9|640	0.9121726478235622	0.6705232106043306	1.2409099734034987	0.5582652
Urinary	Hyperprolactinaemia and prolactinoma	212|54634	0|192	0.6016917548144766	0.10980029754815959	3.2971947790299265	0.5583236
Endocrine	Nasal polyp	164|54634	1|590	0.8013575916592844	0.3816470692207802	1.682638336568688	0.5584764
Respiratory	Vitiligo	149|54634	1|461	0.7978872358308154	0.3742218034513762	1.7011944125924183	0.5588764
Ovarian	Urinary calculus	117|30319	4|568	1.1879581582595986	0.6667652793647386	2.1165538000420514	0.5588811
Endocrine	Fibromyalgia	164|54634	3|585	1.223586132659295	0.621709535525472	2.408139072164496	0.5591285
Ovarian	Learning disability	117|30319	0|123	0.6031912309160986	0.11055544490716257	3.2910153033132614	0.5592446
Kidney	Peripheral venous and lymphatic disease	182|54634	7|1570	0.9022749344376342	0.638542987507862	1.274933830988808	0.559899
Prostate	Learning disability	196|24315	0|141	0.5895875820386665	0.0994178503953771	3.496489971486702	0.5607493
Urinary	Subarachnoid haemorrhage	212|54634	0|46	0.5959586461371544	0.10408550022981046	3.4122592207507987	0.5609917
Male genital	Vitamin B12 deficiency	222|24315	20|616	1.0779829973933108	0.8367348038297842	1.3887881050845596	0.5612693
Lung	Cervical dysplasia	37|30319	0|196	0.6022732698761817	0.10879428429429991	3.3341190114925245	0.56141
Lung	Polycystic ovarian syndrome	37|30319	0|196	0.6022732698761817	0.10879428429429991	3.3341190114925245	0.56141
Non-Melanoma Skin	Alllergic and chronic rhinitis	129|54634	30|11166	1.0653716442228416	0.8603093027794612	1.3193124108353862	0.5615423
Gynaecological	Hypopituitarism	361|30319	1|35	1.4762085348907714	0.3962521372953078	5.499507594732064	0.5616227
Endocrine	Sarcoidosis	164|54634	0|98	0.6039577704289234	0.10999434099643941	3.316215953994251	0.5616973
Skin	Sjogrens disease	159|54634	0|77	0.6027010357367046	0.10894840254230616	3.33413368164845	0.5617977
Lymphoma	Hypertrophic cardiomyopathy	193|54634	1|74	1.475119494897208	0.3966806698598854	5.485463975329038	0.5618237
Kidney	Somatoform and dissociative disorders	182|54634	7|2700	0.9030367759341872	0.6396272590679469	1.2749228666050085	0.5621569
Ovarian	Thrombophilia	117|30319	0|95	0.6035007474017492	0.10938908122088783	3.3295201682791298	0.5622025
Colorectal	Erectile dysfunction	130|24315	27|2909	0.9390772826677972	0.7592431326575372	1.1615069071958362	0.5622109
Colorectal	Male infertility	130|24315	27|2909	0.9390772826677972	0.7592431326575372	1.1615069071958362	0.5622109
Cervical	Alllergic and chronic rhinitis	137|30319	32|6397	1.0631809386780235	0.8639284034405004	1.3083881764585739	0.5628519
Skin	Parkinsons disease	159|54634	0|34	0.5981055712865534	0.10481506577838148	3.412966177595032	0.562958
Kidney	Gout	182|54634	4|571	0.8783527505773099	0.5659781759016509	1.3631330452232648	0.5629589
Ovarian	Retinal vascular occlusions	117|30319	0|40	0.5994792004173115	0.10585381928522586	3.39501507040226	0.5630049
All	Eyelid ptosis	2782|54634	7|103	0.8983998882012276	0.6247409719698362	1.291931208825772	0.5632271
Colorectal	Psoriasis	241|54634	9|1162	1.1152560279132795	0.7703690447929472	1.6145456728874688	0.5633314
Non-Melanoma Skin	Coeliac disease	129|54634	0|106	0.602008327928939	0.10766037959360761	3.366271122801386	0.5633574
Non-Melanoma Skin	Other haemolytic anaemias	129|54634	1|192	1.4712876945076283	0.3966464298622828	5.45747375253361	0.5636972
Prostate	Hypertrophy of nasal turbinates	196|24315	6|639	1.1463924366144655	0.7207754446997857	1.8233357259752974	0.563909
Uterine	Peripheral venous and lymphatic disease	102|30319	5|1117	0.8880581978660972	0.5928945739634093	1.330164581411487	0.5646621
Urinary	Glaucoma	212|54634	7|449	1.1342197844793398	0.7386027007428675	1.7417408820878628	0.564957
Breast	Chronic fatigue	428|30319	19|922	1.075685357180934	0.8389770222146803	1.379178400618213	0.5650395
Breast	Unspecified or rare diabetes	428|30319	110|3753	1.036083770371196	0.918197038963128	1.1691059039340905	0.5651625
Lymphoma	Eyelid ptosis	193|54634	1|103	1.4678841350503502	0.3965604303748328	5.4334312475298825	0.565415
Endocrine	Coeliac disease	164|54634	0|106	0.6042803700047533	0.10837553796198529	3.3693467404163315	0.5656124
Non-Melanoma Skin	Gestational diabetes	129|54634	6|3285	1.1480639477948105	0.7167539093218842	1.8389168319614808	0.565653
Endocrine	Polymyalgia rheumatica	164|54634	0|71	0.6015034547657145	0.10591211420992587	3.416100309148414	0.5662108
Ovarian	Seborrheic dermatitis	117|30319	5|1657	0.8893485949709845	0.5954599421735852	1.3282856954066837	0.5666783
Male genital	Type 1 Diabetes	222|24315	7|205	1.1341324529182433	0.7372514090975042	1.7446645810238646	0.5667795
Cervical	Hypertrophy of nasal turbinates	137|30319	1|370	0.803682490592429	0.3804327570117723	1.6978179028491556	0.5668102
Endocrine	Rheumatoid Arthritis	164|54634	2|819	0.844291048193489	0.4729760906861737	1.5071107992489021	0.5669733
Ovarian	Unspecified or rare diabetes	117|30319	23|3753	0.9309218008717628	0.7285281886485534	1.1895427148068622	0.5671235
Uterine	Interstitial pulmonary diseases with fibrosis	102|30319	0|30	0.6001713987362054	0.10438068398004688	3.450884724321496	0.5672707
Endocrine	Trigeminal neuralgia	164|54634	0|86	0.6038991893664193	0.10688098428316573	3.4121526234378012	0.5681067
Breast	Cardiac conduction defects	428|30319	6|138	1.1442232242321002	0.7199207949767381	1.8185983736091513	0.5687381
Kidney	Hypopituitarism	182|54634	0|65	0.6032117397665983	0.10598831360048201	3.4330615388769754	0.5688498
Haematopoietic	Nephritides	515|54634	7|332	1.132693018937087	0.7374422344539147	1.739788440648351	0.5693288
Thyroid	Hidradenitis suppurativa	121|54634	0|151	0.6049466540275669	0.10674180478332598	3.4284641801027043	0.5701126
Endocrine	Glaucoma	164|54634	1|449	0.80181850477431	0.3736967497549087	1.7204134502646025	0.5706771
Urinary	Ulcerative colitis	212|54634	1|293	0.8029675313798446	0.37598427435154347	1.7148505946485337	0.5708196
Gynaecological	Spinal stenosis	361|30319	2|136	0.845402866628983	0.4718940259016937	1.5145476901065742	0.5723798
Non-Melanoma Skin	Psychoactive substance misuse	129|54634	12|2298	1.0996390614448543	0.7902751998040175	1.5301075698126354	0.5730756
Lymphoma	Psoriatic arthropathy	193|54634	0|78	0.6039269693680652	0.10443177203451603	3.4924982811701106	0.5732748
Non-Melanoma Skin	Sjogrens disease	129|54634	0|77	0.6028047092305162	0.1034989139053384	3.510892083397452	0.5734143
Kidney	Personality disorder	182|54634	2|749	0.8470275993772312	0.47505722904732456	1.5102512081450365	0.5736439
Cervical	Bone and joint infections	137|30319	0|73	0.6042416972986128	0.10444483517751404	3.4957020912884027	0.5737572
Non-Melanoma Skin	Cholelithiasis	129|54634	5|1625	0.8903799475459233	0.5935493485689012	1.3356538136270115	0.5746821
Thyroid	Lupus erythematosus	121|54634	0|117	0.6046055603121648	0.10412498110080713	3.5106645849614773	0.5750141
Non-Melanoma Skin	Ankylosing spondylitis	129|54634	0|106	0.6039674338305573	0.10356875368561523	3.5220725184658934	0.5751465
Breast	Coronary heart disease	428|30319	40|929	1.0531280176723088	0.8786503798767494	1.2622524806305555	0.575387
Secondary	Congenital cardiac disease	479|54634	4|245	1.1779928316215833	0.6630628612117808	2.0928138077524117	0.5763811
Gynaecological	Visual impairment	361|30319	8|363	1.118369700161349	0.7551702639441641	1.656250048441346	0.5765816
Breast	Cervical dysplasia	428|30319	3|196	0.8687229667477098	0.5299116629536119	1.4241611304580906	0.5768363
Breast	Polycystic ovarian syndrome	428|30319	3|196	0.8687229667477098	0.5299116629536119	1.4241611304580906	0.5768363
Thyroid	Vitamin B12 deficiency	121|54634	6|1908	1.1406519672160231	0.7183817255690289	1.8111358683062195	0.5769295
Thyroid	Other anaemias	121|54634	16|5077	1.0842543329607854	0.8157298377713985	1.4411725599691647	0.5774147
Colorectal	Thrombophilia	241|54634	0|104	0.6015924838650106	0.10042373653459027	3.603864276830752	0.5779507
Thyroid	Liver fibrosis, sclerosis and cirrhosis	121|54634	0|131	0.6045015770986039	0.10208504077214199	3.579585744892209	0.5791073
Lymphoma	Intracerebral haemorrhage	193|54634	0|45	0.6027046519537677	0.100470464524914	3.61551923945405	0.5796261
Non-Melanoma Skin	Liver failure and transplant	129|54634	0|84	0.6033625615534777	0.10082350157243894	3.6107293935116593	0.579932
Non-Melanoma Skin	Parkinsons disease	129|54634	0|34	0.599738231378551	0.09788843765956198	3.6744477159600204	0.5803876
Endocrine	Meniere disease	164|54634	0|84	0.6042259872187149	0.10123113007440232	3.6064898550682933	0.5804537
Gynaecological	Rosacea	361|30319	4|363	0.8844900630364608	0.5723081894238335	1.3669604700185038	0.5805153
Uterine	Meniere disease	102|30319	0|47	0.6015148834399271	0.09898064826751507	3.655463581344281	0.5808812
Respiratory	Peripheral venous and lymphatic disease	149|54634	10|1570	1.104498626137565	0.7756245835075319	1.572819171902797	0.5815545
Breast	Non-spinal osteoarthritis	428|30319	91|2445	1.0377560107162453	0.9095923853571424	1.1839781809022591	0.5816007
Non-Melanoma Skin	Hidradenitis suppurativa	129|54634	0|151	0.6045221305016311	0.10083468553548444	3.6242192289837374	0.5817542
Non-Melanoma Skin	Bronchiectasis	129|54634	2|204	1.2705387206299734	0.5417263144307382	2.9798601205414403	0.5819453
Colorectal	Coeliac disease	241|54634	1|106	1.4401222416216637	0.39249087124683174	5.284077217452344	0.5823807
Non-Melanoma Skin	Lupus erythematosus	129|54634	0|117	0.6039632060733177	0.09999862530885353	3.6477656884155714	0.5826174
Gynaecological	Subdural haematoma	361|30319	0|17	0.5997718176599152	0.09663704525742103	3.722446524527343	0.5831118
Bladder	Asthma	163|54634	29|6057	1.0614124275684211	0.8578835940231915	1.313227516233669	0.5831938
Male genital	Obsessive-compulsive disorder	222|24315	0|68	0.6009791723735032	0.09747901840328806	3.705166214666745	0.5832194
Cervical	Bronchiectasis	137|30319	0|88	0.6028704185249139	0.09887952194332578	3.675712972608452	0.58324
Prostate	Retinal detachments	196|24315	2|102	0.8464602809585411	0.466279033370158	1.5366228287421604	0.5837434
Ovarian	Pulmonary hypertension	117|30319	0|37	0.5998719879174481	0.09600332621899516	3.7482701491735613	0.5846221
Kidney	Subarachnoid haemorrhage	182|54634	0|46	0.6009407109372503	0.09678970922596489	3.73107576156341	0.5846235
Lymphoma	Retinal detachments	193|54634	2|181	1.2676096986543277	0.541477329245588	2.9675006899388268	0.5847739
Bladder	Hypopituitarism	163|54634	0|65	0.6033746289253821	0.09847578880023507	3.696958889756805	0.5848857
Cervical	Non-malignant CNS tumour	137|30319	0|65	0.6040103170406953	0.09890583926333263	3.688644328877901	0.5849834
Cervical	Sjogrens disease	137|30319	0|68	0.6037820442871222	0.09850501287175667	3.700854874037186	0.5854656
Respiratory	Lupus erythematosus	149|54634	0|117	0.6014968382641029	0.09633678979081717	3.7555584655385625	0.5864568
Haematopoietic	Trigeminal neuralgia	515|54634	2|86	1.2706721341997294	0.5358039873696553	3.013429744257884	0.5866425
Solid	Meniere disease	2312|54634	5|84	0.8905152955841407	0.5861222813079203	1.3529898401059015	0.5868813
Solid	Eyelid ptosis	2312|54634	6|103	0.897996597197031	0.6087478843450006	1.3246828602042917	0.5875257
Uterine	Vitamin B12 deficiency	102|30319	10|1292	1.1033217475988117	0.7731324961290723	1.5745281498570824	0.5878836
Kidney	COPD	182|54634	11|662	1.0993057014213576	0.7802286041461931	1.5488704448357662	0.5883265
Ovarian	Meniere disease	117|30319	0|47	0.6013903827453215	0.09527242305782178	3.7961708210051803	0.5885499
Breast	Trigeminal neuralgia	428|30319	1|58	0.8083638600349918	0.3739436355539715	1.7474615639403197	0.5885837
Urinary	Ischemic stroke	212|54634	6|350	1.13637685063378	0.7150344754771456	1.8060001173994065	0.5885848
Lymphoma	Ulcerative colitis	193|54634	2|293	1.2621466982074274	0.5423593770391689	2.937193225076045	0.5890258
Prostate	Venous thromboembolism	196|24315	4|126	1.1730005047756287	0.657459601107787	2.092798069851752	0.5890528
Gynaecological	Hypertrophic cardiomyopathy	361|30319	0|11	0.5966288802564245	0.09122805213483119	3.9019359991368905	0.5898666
Uterine	Autonomic neuropathy	102|30319	0|49	0.6015281169129305	0.09471142139411222	3.8204059247632602	0.5899553
Urinary	Intracerebral haemorrhage	212|54634	1|45	1.4301609637498294	0.3888085250761694	5.260585224650476	0.5902901
Urinary	Thyroid disease	212|54634	16|2967	1.0790911941617234	0.817863292851113	1.4237560427221092	0.5903995
Secondary	Coeliac disease	479|54634	2|106	1.264294172430286	0.5381390365280135	2.9703099867165528	0.5904857
Respiratory	Learning disability	149|54634	0|264	0.6033510977737144	0.09546939061428034	3.813081290688519	0.591178
Haematopoietic	ADHD and hyperkinetic disorders	515|54634	0|43	0.6013049913739025	0.09361931499528416	3.8621057275347725	0.5919317
Thyroid	Peptic ulcer	121|54634	2|1199	0.8493958049112191	0.467451518207523	1.5434183124857945	0.5921725
Male genital	Psoriatic arthropathy	222|24315	1|40	1.4239475792674354	0.39028712218416434	5.195218067033262	0.5925033
Kidney	Hyperprolactinaemia and prolactinoma	182|54634	0|192	0.6047391929068516	0.09577966132900054	3.8182374667355328	0.5926765
Skin	Hypertrophy of nasal turbinates	159|54634	4|1009	1.1674372946041174	0.6619002858463822	2.0590863397041854	0.5928417
Thyroid	Thrombophilia	121|54634	0|104	0.6046587679425738	0.09545921030128919	3.8300361431430536	0.5932239
Uterine	Folate deficiency	102|30319	3|990	0.8722370898493722	0.5280326922777275	1.4408152223058717	0.5934741
Male genital	Spinal stenosis	222|24315	7|170	1.1243982458808788	0.7306099396036819	1.7304328162107936	0.5940047
Gynaecological	Chronic kidney disease	361|30319	1|31	1.418739781848049	0.39185968880039646	5.136590024761466	0.5941524
Gynaecological	Portal hypertension	361|30319	1|31	1.418739781848049	0.39185968880039646	5.136590024761466	0.5941524
Prostate	Ischemic stroke	196|24315	6|211	0.9017914446596116	0.6164412111300799	1.3192301146940417	0.5943167
Thyroid	End stage renal disease	121|54634	0|130	0.6043311316877945	0.09465889007105924	3.8582336688385785	0.5943981
Ovarian	Hidradenitis suppurativa	117|30319	0|82	0.6033710086884693	0.09333880697872438	3.9003774090312073	0.5957033
Endocrine	Menorrhagia and polymenorrhoea	115|30319	13|3718	0.9279778639338447	0.7038653819005655	1.2234483156793103	0.596107
Breast	Peptic ulcer	428|30319	15|448	1.0795740875771933	0.813253670716805	1.4331078389610845	0.5962765
Endocrine	Erectile dysfunction	49|24315	5|2909	0.8860880093129104	0.5662583138482284	1.3865614703514217	0.5965388
Endocrine	Male infertility	49|24315	5|2909	0.8860880093129104	0.5662583138482284	1.3865614703514217	0.5965388
All	Vitiligo	2782|54634	27|461	1.0581553962355743	0.8582905847220511	1.3045614882808796	0.5966323
Kidney	Chronic kidney disease	182|54634	1|68	1.4135821293487538	0.392027801308948	5.097124310424634	0.5968379
Kidney	Portal hypertension	182|54634	1|68	1.4135821293487538	0.392027801308948	5.097124310424634	0.5968379
Kidney	Endometriosis	57|30319	1|735	0.8116922606519178	0.37424530531858385	1.760461164479716	0.5973741
Bladder	Somatoform and dissociative disorders	163|54634	9|2700	1.104119958484942	0.7644037506264865	1.5948127958891634	0.5975263
Lung	Fatty liver disease	130|54634	11|2125	1.0948760932320114	0.7819478411171568	1.5330353208960221	0.5976493
Uterine	Hyperparathyroidism	102|30319	1|52	1.413350320888354	0.3910097434491355	5.108719572905133	0.5977074
Ovarian	Retinal detachments	117|30319	1|79	1.4131015931205633	0.39113330640712396	5.105308292005644	0.5977541
Uterine	Hip fracture	102|30319	0|21	0.5977402404024478	0.08791085757669856	4.0642692477962985	0.5987574
Skin	Subdural haematoma	159|54634	0|48	0.5999853744378532	0.08939328423841646	4.026951829840363	0.5989486
Skin	Epilepsy	159|54634	2|418	1.2525744583570588	0.5407553286573096	2.9013912403307245	0.5992527
Bladder	Subarachnoid haemorrhage	163|54634	0|46	0.6012388514626132	0.08984819814393583	4.023321156969474	0.5998692
Endocrine	Dysmenorrhoea	115|30319	8|1786	1.1103663434306255	0.750292341299658	1.643244038034351	0.6006465
Gynaecological	Type 2 Diabetes	361|30319	86|4283	1.038313850674576	0.9014380477482139	1.1959730956506007	0.6021566
Colorectal	Psoriatic arthropathy	241|54634	1|78	1.4052019090926184	0.3896059637361237	5.068178080186964	0.6032271
Lymphoma	Hypopituitarism	193|54634	0|65	0.6041256940294016	0.09026721789187106	4.043193782971052	0.6033335
Digestive	Spondylolisthesis	534|54634	4|88	1.1648286562259527	0.6545514022806409	2.07290946690756	0.6038769
Secondary	Sjogrens disease	479|54634	1|77	0.8128798226332703	0.37070234610301855	1.7824910281540742	0.6050526
Urinary	Ankylosing spondylitis	212|54634	1|106	1.3994705688617362	0.3904719590856111	5.015770857647643	0.6058139
Solid	Other haemolytic anaemias	2312|54634	12|192	1.0885869727821944	0.7882674997832808	1.5033241858086266	0.6062832
Haematopoietic	Rosacea	515|54634	6|477	1.1270639759058176	0.7147619848710315	1.7771974904538776	0.6066995
Lung	Enthesopathies	130|54634	41|7084	1.0526131639636582	0.8656924465930387	1.2798938899260728	0.6072058
Colorectal	Cardiac conduction defects	241|54634	7|366	1.117796123640123	0.7299764249136639	1.711655515686911	0.6084884
Non-Melanoma Skin	Coronary heart disease	129|54634	23|2984	1.0700841604426483	0.8257065623253406	1.3867881916857883	0.6085778
Gynaecological	Parkinsons disease	361|30319	0|10	0.5974551862985845	0.08306355843137017	4.297344182888604	0.6088878
Endocrine	Interstitial pulmonary diseases with fibrosis	164|54634	0|66	0.6027269524384463	0.08649513754300493	4.20000232978549	0.6092475
Thyroid	Unspecified or rare diabetes	121|54634	18|7919	0.9332393247892379	0.7158774255805467	1.2165988285309883	0.6095349
Prostate	Macular degeneration	196|24315	2|55	0.852010864903479	0.46026145984710215	1.5771959576079309	0.6102267
Lymphoma	Schizophrenia and psychosis	193|54634	3|616	1.1872455971543512	0.6132155092410109	2.2986243608010226	0.6106216
Kidney	Pancreatitis	182|54634	1|255	0.8179934088928954	0.3772688559295373	1.7735713045902475	0.6108851
Uterine	Iron deficiency	102|30319	23|4954	1.0647396402232918	0.8356730256896369	1.3565957816183747	0.611775
Lung	Lupus erythematosus	130|54634	0|117	0.6013434761248494	0.08408894258644657	4.300374878732297	0.6123611
Urinary	Aplastic anaemias	212|54634	0|45	0.5988123512376549	0.08207276887024315	4.369003713785711	0.6130305
Male genital	Bone and joint infections	222|24315	1|100	0.8146538336160146	0.3674617086160073	1.8060680965231846	0.6137954
Urinary	Visual impairment	212|54634	8|712	1.1072461646906513	0.7452992078169436	1.6449689686551756	0.6139586
Lung	Unspecified or rare diabetes	130|54634	57|7919	1.0489910526827038	0.870979888955093	1.2633841981454772	0.614193
Uterine	Thrombophilia	102|30319	0|95	0.6034953159194643	0.08442955170328069	4.313733627494578	0.6147788
Thyroid	Menorrhagia and polymenorrhoea	87|30319	10|3718	0.9229121756329329	0.6742393718555953	1.2633004233901963	0.616495
Male genital	Cardiac conduction defects	222|24315	7|228	0.9116397298619695	0.6346142150932557	1.309594045164396	0.6166741
Respiratory	Diabetic eye	149|54634	30|3243	0.9490043467831815	0.7730460183648469	1.1650137622057077	0.6168957
Respiratory	Hypopituitarism	149|54634	0|65	0.6019192372892755	0.08234189899970666	4.400029300031008	0.6169546
Thyroid	Coeliac disease	121|54634	0|106	0.6045160853105521	0.08377714846747937	4.362045069378928	0.6176486
Prostate	Irritable bowel syndrome	196|24315	6|673	0.9080820872561098	0.6215058595491192	1.3267985563219646	0.6182096
Endocrine	Chronic sinusitis	164|54634	22|6315	1.0616925712713923	0.83896155162103	1.3435551530519094	0.6182508
Endocrine	Psoriatic arthropathy	164|54634	0|78	0.604824467144744	0.08308058820634091	4.40310599569159	0.6195736
Uterine	Thrombocytopenia	102|30319	1|147	1.3768179454449136	0.3895027162544557	4.866789307987189	0.6196259
Haematopoietic	Obsessive-compulsive disorder	515|54634	2|172	1.2346505813911108	0.5365391428108094	2.8411013037065924	0.6200841
Non-Melanoma Skin	Chronic fatigue	129|54634	3|1308	0.8804369153558954	0.5321365657741364	1.4567109493663737	0.6201259
Prostate	Urticaria	196|24315	7|761	1.1122199799945927	0.7300457759681537	1.6944598881606767	0.620492
Secondary	Neuromuscular bladder dysfunction	479|54634	7|477	0.9155326059918875	0.6455183638941197	1.29849125837074	0.6206201
Male genital	Enthesopathies	222|24315	53|3241	0.960834597317172	0.820148993367898	1.1256529372920008	0.6208618
Skin	Diabetic eye	159|54634	18|3243	0.9388322154796802	0.7310142686981108	1.2057301294435905	0.6209902
Cervical	Trigeminal neuralgia	137|30319	0|58	0.6040266255394191	0.08180191703601018	4.460141981757311	0.6211484
Urinary	Female genital prolapse	67|30319	5|884	1.1372578840493721	0.6825277045497493	1.8949494448517035	0.621484
Breast	Menorrhagia and polymenorrhoea	428|30319	68|3718	0.9676789596198043	0.8493533667594212	1.102488793873354	0.6214916
Thyroid	Sarcoidosis	121|54634	0|98	0.6043837107834088	0.08180376578022591	4.4653160692098695	0.6216562
Digestive	Thrombophilia	534|54634	1|104	1.372320359191119	0.38972616792315756	4.832272819365226	0.6221523
Bladder	Retinal detachments	163|54634	1|181	0.8216588454014147	0.37567879849555597	1.7970757490973288	0.6227485
Thyroid	Spondylolisthesis	121|54634	0|88	0.6028897106869795	0.08026434331866299	4.52848660094519	0.6228135
Uterine	Chronic fatigue	102|30319	5|922	1.1337877290532383	0.6870021343472896	1.8711362749593337	0.6232528
Non-Melanoma Skin	Subdural haematoma	129|54634	0|48	0.601012828149509	0.0786400474311976	4.593288424912261	0.6236534
Endocrine	Liver failure and transplant	164|54634	0|84	0.6047718497049942	0.08094530494375565	4.518470718588787	0.6240411
Colorectal	Retinal detachments	241|54634	3|181	1.181193065327887	0.606421033138932	2.300739884229978	0.6244481
Secondary	Spondylolisthesis	479|54634	4|88	1.1537482614905152	0.6497217530320006	2.048777102937516	0.6254415
Thyroid	Sjogrens disease	121|54634	0|77	0.6042930600257681	0.07987455000823702	4.571795426173274	0.6256444
Thyroid	Schizophrenia and psychosis	121|54634	2|616	1.2289264704120706	0.5368295534381802	2.813295691354644	0.6256638
Prostate	Congenital cardiac disease	196|24315	1|113	0.8202976637671338	0.3695602550628583	1.8207809091033516	0.6263105
Thyroid	Trigeminal neuralgia	121|54634	0|86	0.6044205793142454	0.0794650640355733	4.59729368034017	0.6267005
Uterine	Barretts oesophagus	102|30319	0|22	0.5992035034002948	0.07595592812431186	4.7270153542138695	0.6269635
Lymphoma	Thrombophilia	193|54634	0|104	0.6049315305502605	0.07959773828822342	4.597393902434818	0.6271404
Endocrine	COPD	164|54634	3|662	1.1816077368644144	0.6026224727505327	2.316868200160578	0.6271435
Skin	Vitiligo	159|54634	2|461	1.2279142520916717	0.5362307643817819	2.811799528563332	0.6271664
Kidney	Enthesopathies	182|54634	45|7084	1.0451548957180894	0.8744676130755198	1.249158619153062	0.6273356
Thyroid	COPD	121|54634	2|662	1.232693977565994	0.5296834685496192	2.868759424356333	0.6273687
Prostate	Obsessive-compulsive disorder	196|24315	0|68	0.5996182957262403	0.07598765394378659	4.731585749911684	0.627473
Male genital	Cholelithiasis	222|24315	11|369	1.0866752440751015	0.7767696137358298	1.5202230689823033	0.6274864
Urinary	Chronic viral hepatitis	212|54634	4|616	1.149233271978692	0.6549389066415461	2.0165806306964473	0.6277939
Bladder	Hyperprolactinaemia and prolactinoma	163|54634	0|192	0.6050065467109546	0.07933502267363557	4.6137621094391355	0.6278062
Endocrine	Chronic ulcer of skin	164|54634	1|506	0.8244399266306477	0.3776751063352982	1.7996981564872117	0.6278987
Kidney	Glaucoma	182|54634	6|449	1.1189984005811102	0.7098389256260691	1.7640021916221278	0.6282651
Respiratory	Rosacea	149|54634	1|477	0.8231317549903467	0.37384817245228	1.8123557529493441	0.6288473
Uterine	Peptic ulcer	102|30319	3|448	0.8806764267689476	0.526006809768649	1.4744884557818674	0.6289282
Lung	Learning disability	130|54634	0|264	0.6031170429573489	0.0774246557013038	4.698117985941413	0.6292476
Colorectal	Bipolar disorder	241|54634	2|235	1.2275778496758343	0.5339687298873146	2.8221640943895006	0.6292615
Thyroid	Cervical dysplasia	87|30319	1|196	1.3590922314349199	0.3895445355108903	4.741772827397576	0.6303419
Thyroid	Polycystic ovarian syndrome	87|30319	1|196	1.3590922314349199	0.3895445355108903	4.741772827397576	0.6303419
All	Trigeminal neuralgia	2782|54634	7|86	0.9124474356060494	0.6282207384038075	1.325267174177403	0.6304083
Haematopoietic	Spondylosis	515|54634	26|1570	0.9520981031240064	0.7792306439312078	1.1633151301636413	0.6310931
Haematopoietic	Female infertility	236|30319	13|1616	1.0763871479999971	0.7968060658318099	1.4540668577492073	0.6314304
Solid	Thrombophilia	2312|54634	3|104	0.882939144305091	0.5307313913813738	1.4688815193635556	0.6316489
Skin	Rosacea	159|54634	1|477	0.8257840337491456	0.3771300314478492	1.8081807693145968	0.6321442
Uterine	Alcohol dependence	102|30319	4|1305	0.8958502604560896	0.5707871647813042	1.4060366782542104	0.6324878
Lung	Female infertility	37|30319	1|1616	0.822426633264136	0.368455446383089	1.835732308320754	0.6332124
Cervical	Sarcoidosis	137|30319	0|58	0.6040525992427479	0.07578079367777792	4.814934298569081	0.6340952
Prostate	Hypertrophic cardiomyopathy	196|24315	1|63	0.8230609687032716	0.36884010818491764	1.8366477592050245	0.6344378
Male genital	Psoriasis	222|24315	9|567	1.0933031208748927	0.7568126850161219	1.5794023247500368	0.6345676
Thyroid	Meniere disease	121|54634	0|84	0.6046007234870296	0.07545957474229137	4.8442101097101915	0.6355459
Kidney	Aplastic anaemias	182|54634	0|45	0.6027914476727908	0.0742449735416194	4.89403540811786	0.6356801
Lymphoma	Vitiligo	193|54634	1|461	0.8275382079893933	0.37811786492307137	1.8111270299847477	0.6357116
Cervical	Autonomic neuropathy	137|30319	0|49	0.6044368988902002	0.07478254326865977	4.885417756220018	0.6367799
Thyroid	Dermatitis	121|54634	29|11312	1.0535683171998862	0.848353420972494	1.3084242623021023	0.6368468
Prostate	Psoriatic arthropathy	196|24315	1|40	1.3542015247360661	0.384252834454953	4.772539341703867	0.6370783
Lung	Hypopituitarism	130|54634	0|65	0.6018740950393343	0.0729543482423584	4.965467240910645	0.637237
Respiratory	Meniere disease	149|54634	1|84	1.3529386439389897	0.38501574862942006	4.754202862556887	0.6373349
Uterine	Learning disability	102|30319	0|123	0.6032177719141566	0.07374472586605821	4.934206156166014	0.6373517
Prostate	Asthma	196|24315	39|2545	1.0457458888090976	0.8679541363710314	1.2599565093767193	0.6380151
Skin	Thrombophilia	159|54634	0|104	0.6048988651295851	0.07435282580544714	4.921166520186967	0.6383402
Cervical	Rheumatic valve disorder	137|30319	0|47	0.6043389880435727	0.07354804594475435	4.965809869970834	0.6393119
Thyroid	Alcohol dependence	121|54634	5|2814	0.9073495606259442	0.6034573089813188	1.3642774938924143	0.6403275
Thyroid	Ankylosing spondylitis	121|54634	0|106	0.6050107817716043	0.07341796636123052	4.985674000542459	0.6405071
All	Meniere disease	2782|54634	6|84	0.910527570188487	0.6138704417634507	1.3505463036984289	0.6412205
Secondary	Meniere disease	479|54634	1|84	0.8264011248771973	0.3704284093656572	1.8436459027745753	0.6413971
Urinary	Thrombophilia	212|54634	0|104	0.6021160970646882	0.07109179142237758	5.099657598870057	0.6416456
Cervical	Hyperparathyroidism	137|30319	0|52	0.6038357832804135	0.0720873284348813	5.057999250162818	0.6417934
Prostate	Peripheral venous and lymphatic disease	196|24315	13|453	1.0756393188328743	0.7910786223577773	1.4625599927992738	0.6418565
Thyroid	Polymyalgia rheumatica	121|54634	0|71	0.6032129461912843	0.07152345794091094	5.087363907284471	0.6421815
Gynaecological	Epilepsy	361|30319	4|245	1.1409360249195764	0.6540051323014476	1.990404889298761	0.6423749
Cervical	Eyelid ptosis	137|30319	0|58	0.604430854551433	0.07210040626238254	5.06705408294468	0.6425708
Bladder	Aplastic anaemias	163|54634	0|45	0.6028083260696221	0.07083256687022259	5.13009614129374	0.6431467
Cervical	Dermatitis	137|30319	32|6763	1.0496191667026102	0.8548429424157598	1.2887752129018115	0.6437839
Male genital	Congenital cardiac disease	222|24315	1|113	0.8272734381282738	0.37009549945963316	1.849202009837521	0.6440504
Haematopoietic	Alllergic and chronic rhinitis	515|54634	107|11166	1.0263330456785646	0.9187732267117041	1.1464847799514355	0.6453919
Lung	Migraine	130|54634	7|4017	1.103516170018851	0.725348507229224	1.6788453072644736	0.6454398
Skin	Urinary Incontinence	159|54634	9|1844	1.0908476995569714	0.7530437891134114	1.5801852705401243	0.6455899
Lymphoma	Fatty liver disease	193|54634	10|2125	1.0840806493290756	0.768385821681425	1.5294801401697447	0.6457137
Cervical	Meniere disease	137|30319	0|47	0.6042139028198149	0.07000421671229412	5.215035000836437	0.64684
Solid	Ankylosing spondylitis	2312|54634	6|106	1.1115906416054808	0.7058851300771447	1.750474265366441	0.647939
Uterine	Liver failure and transplant	102|30319	0|31	0.60150405626947	0.06741304053708261	5.367019894460961	0.6489463
Lung	Vitiligo	130|54634	1|461	0.8293856773559467	0.37055714819513247	1.8563414716289592	0.6490429
Lymphoma	Diabetic neuropathy	193|54634	3|293	1.1644524773261546	0.6040986539684979	2.244583004850939	0.6493184
Colorectal	Asthma	241|54634	42|6057	1.0416205275632633	0.873470547306465	1.2421407073048085	0.6498546
Ovarian	Other haemolytic anaemias	117|30319	1|144	1.330259452132483	0.3864855494041249	4.578671085416079	0.6508932
Urinary	Fibromyalgia	212|54634	2|585	0.8695138644513268	0.474337891490048	1.5939151689907596	0.651115
Ovarian	Post-traumatic stress disorders	117|30319	10|1965	1.0835927060650177	0.7650906312122493	1.5346850487201589	0.6511919
Male genital	Gout	222|24315	9|441	0.9280092301157312	0.6705926535837162	1.284238839446935	0.6521727
Solid	Sjogrens disease	2312|54634	8|77	1.0966571519082182	0.7337993300856349	1.6389452259258592	0.6526409
Thyroid	Female genital prolapse	87|30319	4|884	1.138795357780378	0.6463664732490165	2.0063770640568457	0.6528604
Solid	Lichen planus	2312|54634	30|445	0.9585143934199049	0.7962383749111148	1.1538628020731723	0.6543524
Ovarian	Thrombocytopenia	117|30319	1|147	1.3240735402926693	0.3865339868082006	4.53561860000966	0.6549745
Endocrine	Supraventricular tachycardia	164|54634	1|180	1.3228374329580217	0.38725777593614674	4.518692671321601	0.655315
Kidney	Folate deficiency	182|54634	7|1450	1.0983117191298237	0.7272133923249579	1.6587822021832002	0.6557599
Urinary	Enthesopathies	212|54634	52|7084	1.0385279730658448	0.8791962932062983	1.2267344154818665	0.6564016
Ovarian	Hip fracture	117|30319	0|21	0.5981468419947952	0.06191263503550626	5.778782382354807	0.6569658
Gynaecological	Diabetic neuropathy	361|30319	4|129	1.1350821191612162	0.6482069152125407	1.9876545390094456	0.6575707
Skin	Bronchiectasis	159|54634	2|204	1.2038599264972143	0.529155277473365	2.738853384484722	0.6582095
Breast	Gastritis and duodenitis	428|30319	78|3530	0.971758560426203	0.8558658845868682	1.1033442467652896	0.6583822
Digestive	Sjogrens disease	534|54634	1|77	0.8325724782135022	0.36935247280925737	1.876735591361659	0.6585811
Solid	Coeliac disease	2312|54634	5|106	0.9091393465670171	0.5956363554449355	1.3876492660675295	0.6588384
Non-Melanoma Skin	Venous thromboembolism	129|54634	1|391	0.834927820819461	0.3747863007923417	1.8600051936385464	0.6588812
Digestive	Thyroid disease	534|54634	45|2967	1.0372458715137771	0.8816540160379283	1.2202961461087376	0.6592049
Cervical	End stage renal disease	137|30319	0|47	0.6044616813110908	0.06449619817118661	5.665045917957066	0.6592578
Ovarian	Type 1 Diabetes	117|30319	1|217	0.8342926824486193	0.37178785114821505	1.8721544500114164	0.6604209
Cervical	Hypertension	137|30319	17|4567	0.940310912902195	0.7143979349725238	1.2376640099848073	0.6606533
Bladder	Psoriasis	163|54634	4|1162	0.9042576031015379	0.5765720089277356	1.4181781288474276	0.6611444
Prostate	Other anaemias	196|24315	27|953	1.0502522779239813	0.843438643507877	1.3077772233638598	0.6612325
Bladder	Alllergic and chronic rhinitis	163|54634	31|11166	0.9578009492507914	0.7897145183562077	1.1616636608065036	0.6614396
Colorectal	Spinal stenosis	241|54634	3|306	0.8915203635893452	0.5323323216003178	1.4930683831203302	0.662509
Kidney	Respiratory failure	182|54634	2|169	1.199421071541419	0.5287440085676427	2.7208079591383645	0.6634726
Uterine	Psoriatic arthropathy	102|30319	0|38	0.6020884003612523	0.061214119823772714	5.9220069306426515	0.6635672
Gynaecological	Scoliosis	361|30319	2|99	1.1979430967189322	0.5296940623249277	2.7092387191915295	0.6644514
Ovarian	Fibromyalgia	117|30319	2|500	0.8738137733502943	0.47493498405001794	1.6076948132678848	0.6645556
Gynaecological	Diabetic eye	361|30319	27|1352	0.9561629793205996	0.7802356730493688	1.1717583220081722	0.6656657
Bladder	Nasal polyp	163|54634	2|590	0.8751316034423028	0.4776168103370627	1.603493233002034	0.6659548
Endocrine	Barretts oesophagus	164|54634	0|57	0.6042942686130968	0.06116564520138141	5.970206998983645	0.6664531
Prostate	Bone and joint infections	196|24315	1|100	0.8345580297096165	0.3664682909325067	1.900538524576116	0.6666777
Male genital	Hearing loss	222|24315	27|1068	1.0495331014596636	0.8421906375288197	1.3079220807911758	0.66681
Colorectal	Chronic sinusitis	241|54634	34|6315	1.0423930713690002	0.8626443273653271	1.259595966458993	0.6672322
Thyroid	Psoriatic arthropathy	121|54634	0|78	0.6051172730401527	0.06120334708671239	5.9827923073025495	0.6674021
Uterine	Coronary heart disease	102|30319	14|929	1.0704855172525127	0.7845340533807685	1.4606622079809273	0.6675102
Secondary	Barretts oesophagus	479|54634	1|57	0.8355066263322349	0.3671502772293853	1.9013231527779486	0.6683728
Cervical	Polymyalgia rheumatica	137|30319	0|52	0.6038726183866531	0.060022439200537334	6.07543019067922	0.6684915
Prostate	Adrenal insufficiency	196|24315	0|10	0.5902052035054787	0.05277431842835132	6.60060030368498	0.668621
Kidney	Thrombophilia	182|54634	0|104	0.6050985146954444	0.060429057819566895	6.059075314063157	0.6691077
Male genital	Hypertrophic cardiomyopathy	222|24315	1|63	0.8362739735737033	0.3682171180833477	1.899298333866294	0.6692156
Cervical	Psoriatic arthropathy	137|30319	0|38	0.6044943231232026	0.059874977442161366	6.102939864005205	0.6695975
Respiratory	Alcohol dependence	149|54634	11|2814	1.0742242788172456	0.7730476108412849	1.49273833204738	0.6697225
Uterine	Urinary Incontinence	102|30319	12|1586	1.0724499456410854	0.7775723535734775	1.4791535226527095	0.6698261
Bladder	Erectile dysfunction	113|24315	24|2909	0.9519756711804873	0.7589887832670419	1.1940330325022506	0.6702633
Bladder	Male infertility	113|24315	24|2909	0.9519756711804873	0.7589887832670419	1.1940330325022506	0.6702633
Breast	Migraine	428|30319	52|3246	1.0332301882311128	0.8883319999906855	1.2017631042034898	0.6715358
Uterine	Alopecia	102|30319	1|243	1.3006589231280428	0.38500660076390975	4.3939860536312665	0.6721269
Bladder	Pancreatitis	163|54634	1|255	0.8402725294017408	0.3752630621051639	1.8815012586272968	0.6721893
Breast	Barretts oesophagus	428|30319	1|22	1.3036265050890672	0.3811755686083832	4.458423374234484	0.6725598
Skin	Other haemolytic anaemias	159|54634	1|192	1.3000776585117249	0.3849250650008101	4.39098949858662	0.6725928
Haematopoietic	Schizophrenia and psychosis	515|54634	5|616	0.9157891741716098	0.6086192208161352	1.3779877185036886	0.6730374
Haematopoietic	Intervertebral disc disorders	515|54634	27|1731	1.045727274697943	0.8490681712142882	1.2879360811314613	0.6739988
Ovarian	Chronic sinusitis	117|30319	17|3635	1.0596687931436977	0.8088011737927797	1.3883485676670333	0.6741406
Lymphoma	Gestational diabetes	193|54634	7|3285	1.0941208893029997	0.7189995695068528	1.6649530419472343	0.6745384
Prostate	COPD	196|24315	21|504	1.0543786119595444	0.8234007984071775	1.350149598480211	0.6746782
Haematopoietic	Visual impairment	515|54634	15|712	1.0627976247471915	0.7994585603571343	1.4128797253277077	0.6750285
Urinary	Adrenal insufficiency	212|54634	0|31	0.5991519741147935	0.05452988385363211	6.583235883084373	0.6752929
Cervical	Ankylosing spondylitis	137|30319	0|35	0.6044375033274012	0.05713958186126715	6.393898651826085	0.6756994
Prostate	Neuromuscular bladder dysfunction	196|24315	5|204	1.1121899504605335	0.6754717387397697	1.8312631231814627	0.6760005
Gynaecological	Venous thromboembolism	361|30319	5|265	1.1097547000986077	0.6808144479023039	1.808944416772538	0.676131
Thyroid	Liver failure and transplant	121|54634	0|84	0.6051445039301301	0.057247918230211255	6.396736893807078	0.6763161
Bladder	COPD	163|54634	10|662	1.0782971674110997	0.7567456041127916	1.5364803904080548	0.6765002
Non-Melanoma Skin	Thrombophilia	129|54634	0|104	0.604998076678591	0.05702914648478166	6.418168521643017	0.6766346
Uterine	Spinal stenosis	102|30319	1|136	0.8408163616390214	0.3720808907852535	1.9000496169202907	0.6768008
Cervical	Spondylolisthesis	137|30319	0|53	0.6036462086092446	0.05582792984299176	6.526997260924918	0.6777287
Ovarian	Psoriasis	117|30319	2|595	0.8786883454225649	0.4768305367903663	1.619219300799285	0.6783806
Endocrine	Enthesopathies	164|54634	26|7084	1.0493497640418283	0.835629839223617	1.317730501722754	0.6784557
Thyroid	Thalassaemia	121|54634	1|263	1.2911973936721142	0.38560925306337884	4.323523608889232	0.6785115
Ovarian	Macular degeneration	117|30319	1|55	1.2966175641753581	0.3795819664850892	4.429127978064999	0.6785452
Urinary	Tuberculosis	212|54634	7|1380	0.9275900502454281	0.6497293418263944	1.324279582165181	0.6790258
Colorectal	Diabetic eye	241|54634	43|3243	1.0384275522662734	0.8683688814244661	1.241789986228935	0.679429
Secondary	Aplastic anaemias	479|54634	1|45	1.2944812037253235	0.38055013101149027	4.403313651066822	0.6794377
Gynaecological	Alopecia	361|30319	2|243	0.8799616077662024	0.47978150338356307	1.6139272266264024	0.6794424
Ovarian	COPD	117|30319	2|158	1.1890373141299198	0.5223010568959507	2.706886604433854	0.6799581
Kidney	Ulcerative colitis	182|54634	1|293	0.8438825102003329	0.375746051019408	1.8952632744641453	0.6809328
Thyroid	Interstitial pulmonary diseases with fibrosis	121|54634	0|66	0.6039505229791631	0.054536286037797393	6.688321862511934	0.6810548
Male genital	Adrenal insufficiency	222|24315	0|10	0.5921685332909592	0.048409461443223875	7.243699090336609	0.6817201
Cervical	Constipation	137|30319	21|5145	0.9537540023091324	0.7602322502130581	1.1965378957098391	0.682375
Male genital	Heart failure	222|24315	16|437	0.9474174214179572	0.7314333184182543	1.2271792216785211	0.6824025
Urinary	Gout	212|54634	5|571	0.9167256808067166	0.6040965275449786	1.391145182154629	0.6828334
Lymphoma	Macular degeneration	193|54634	2|110	1.186798089924637	0.5215862447390075	2.700396569993043	0.6830631
Uterine	Constipation	102|30319	22|5145	1.0531066393905404	0.821376489781843	1.350213462066581	0.6832022
Lymphoma	Hearing loss	193|54634	14|2216	1.0633827495714325	0.7914012108673119	1.4288364189471654	0.6834563
Lymphoma	Post-traumatic stress disorders	193|54634	8|2948	0.9331270628511568	0.6684208692849759	1.302661474882825	0.6842848
Gynaecological	ADHD and hyperkinetic disorders	361|30319	0|19	0.6031140273796731	0.05263370420956263	6.91090500820276	0.6844585
Endocrine	Type 1 Diabetes	164|54634	1|422	0.844965906310911	0.3746940847261728	1.9054674518002814	0.6847192
Haematopoietic	Hypertrophic cardiomyopathy	515|54634	1|74	0.8422410694141106	0.3670703499722238	1.93251789217381	0.6853422
Lymphoma	Hypertrophy of nasal turbinates	193|54634	5|1009	1.1059459144937271	0.6793227859959202	1.8004936548569	0.685489
Breast	Diabetic eye	428|30319	43|1352	0.9668113407782503	0.8203250752918554	1.139455804547827	0.6872179
Ovarian	Barretts oesophagus	117|30319	0|22	0.6008073169067075	0.049983886274778955	7.221716015922836	0.6879868
Breast	Aortic aneurysm	428|30319	0|5	0.5920453750449363	0.04570448709571676	7.669219115795489	0.6883448
Lung	Nephritides	130|54634	2|332	0.8800161670772051	0.47104937514668266	1.6440494249166593	0.6885367
Bladder	Endometriosis	50|30319	1|735	0.845684432661713	0.3717968782668297	1.9235830138764494	0.6893413
Prostate	Enthesopathies	196|24315	51|3241	0.9673751561261283	0.8217145360385435	1.1388561984087324	0.6903589
Bladder	Thrombophilia	163|54634	0|104	0.6052764398124755	0.05073114790116845	7.2215903591573785	0.6914163
Prostate	Atrial fibrillation and flutter	196|24315	7|194	0.9286961182280145	0.6430577534742428	1.3412115402576017	0.6932298
Urinary	COPD	212|54634	12|662	1.0674590449518622	0.7716226683596277	1.4767176488890723	0.6933955
Ovarian	Ankylosing spondylitis	117|30319	0|35	0.6035828290848239	0.04896587754925986	7.440124629637037	0.6936054
Haematopoietic	Sarcoidosis	515|54634	1|98	0.8469039423749029	0.3698013312931622	1.9395449040218617	0.6942837
Uterine	Parkinsons disease	102|30319	0|10	0.6003076531080046	0.04706730878233473	7.656466615641599	0.6944108
Ovarian	Bipolar disorder	117|30319	1|144	1.2716954370919138	0.3830895442999399	4.221491577578008	0.6945949
Bladder	Cardiac conduction defects	163|54634	5|366	1.1040407959219303	0.6735374901626126	1.8097078438286307	0.69465
Cervical	Hypopituitarism	137|30319	0|35	0.6046255126248665	0.04859306761094956	7.523130942128616	0.6956783
Haematopoietic	Alcohol dependence	515|54634	26|2814	0.9619890605026066	0.7922012721112823	1.1681664560577623	0.6956947
Skin	Alopecia	159|54634	1|566	0.8500296905916443	0.37638957810665663	1.9196877833917585	0.6958492
Uterine	Hypertrophic cardiomyopathy	102|30319	0|11	0.5996536742493442	0.045923119312441855	7.8301416459599515	0.6964523
Kidney	Adrenal insufficiency	182|54634	0|31	0.6031490090077185	0.047504682207977246	7.657955177435197	0.6965845
Skin	Alcohol dependence	159|54634	8|2814	0.9353888067809254	0.6685337483630758	1.308762978672938	0.6967059
Skin	Alllergic and chronic rhinitis	159|54634	35|11166	1.0392830495582281	0.8560781142833208	1.2616947438298671	0.6969546
Uterine	Ankylosing spondylitis	102|30319	0|35	0.6029120180189581	0.0471087179786329	7.7162554420726615	0.6972639
Thyroid	Hypopituitarism	121|54634	0|65	0.6052304405510438	0.047974176616380586	7.635438729854883	0.6978279
Cervical	Schizophrenia and psychosis	137|30319	1|317	0.8506810627783353	0.37588738816964723	1.9251996564542182	0.6979531
Male genital	COPD	222|24315	22|504	1.0492658194185347	0.8228570230059626	1.337970909913558	0.6981703
Colorectal	Urticaria	241|54634	14|2573	1.0586120888133876	0.7935103465263909	1.412280960780859	0.6985329
Colorectal	Pulmonary hypertension	241|54634	1|60	1.2684339127990307	0.380050781372235	4.233446344536843	0.698984
Colorectal	Seborrheic dermatitis	241|54634	13|2622	1.060447193693289	0.787404094862694	1.4281717074484719	0.6991984
Uterine	Cardiovascular disease	102|30319	20|1795	1.0539629524255112	0.8067862303829024	1.3768677045446036	0.699905
Uterine	Seborrheic dermatitis	102|30319	6|1657	1.0914327689365566	0.6985395643596144	1.7053085464107873	0.7007767
Colorectal	Gestational diabetes	241|54634	7|3285	0.9308221975679414	0.6455868828494999	1.3420811148779102	0.7009836
Cervical	Cardiomyopathy	137|30319	0|39	0.6045420800611035	0.04628387734608357	7.896294509464454	0.7010698
Ovarian	Aplastic anaemias	117|30319	0|29	0.6027299660807427	0.045414765297156295	7.999235703073002	0.7011386
Gynaecological	Type 1 Diabetes	361|30319	5|217	1.1002007905388496	0.675371465648892	1.7922607647323767	0.7013134
Bladder	Epilepsy	163|54634	2|418	1.169685606141072	0.5250529102710277	2.6057648485509257	0.701331
Secondary	Cardiomyopathy	479|54634	3|111	1.1350809840796645	0.5931866820492343	2.1720124193757977	0.7019579
Gynaecological	Chronic fatigue	361|30319	14|922	1.0568195782193361	0.7961858185430531	1.4027725625048943	0.702094
Urinary	Chronic kidney disease	212|54634	1|68	1.2648455248755648	0.37931002514044987	4.217748268597331	0.7021905
Urinary	Portal hypertension	212|54634	1|68	1.2648455248755648	0.37931002514044987	4.217748268597331	0.7021905
Secondary	Alcohol dependence	479|54634	26|2814	0.9627260338762278	0.7923797212836801	1.1696935085637215	0.7022054
Breast	ADHD and hyperkinetic disorders	428|30319	0|19	0.6008637954489466	0.043794764530994484	8.243846143431131	0.7030284
Endocrine	Intracerebral haemorrhage	164|54634	0|45	0.6046605819215986	0.04538999375950013	8.054956369172071	0.7033473
Prostate	Depression	196|24315	34|2523	1.0382983799134582	0.8551662812159658	1.2606478405556487	0.7042252
Cervical	Retinal vascular occlusions	137|30319	0|40	0.6040979048866315	0.04473070949219382	8.158472844078277	0.7043132
Non-Melanoma Skin	Obstructive and reflux uropathy	129|54634	2|459	1.1672400143719783	0.524700193241521	2.5966242602925003	0.7046309
Gynaecological	Thalassaemia	361|30319	2|205	0.8881105948454671	0.4803225795832779	1.6421056644080132	0.7051429
Colorectal	Schizophrenia and psychosis	241|54634	4|616	1.1114183584083248	0.6426811477034693	1.9220273876416794	0.7054296
Endocrine	Heart failure	164|54634	3|662	1.133916988221983	0.5907183383706001	2.1766172686038368	0.7056167
Kidney	Barretts oesophagus	182|54634	1|57	1.2587548272517692	0.3809022875008965	4.159764241704384	0.705925
Endocrine	Subdural haematoma	164|54634	0|48	0.6048704355510244	0.04373907550947413	8.364791426019893	0.707567
Urinary	Dermatitis	212|54634	49|11312	1.0322462985810377	0.8739910671770996	1.2191571069207972	0.7085693
Colorectal	Cerebrovascular disease	241|54634	9|692	0.9396433411746318	0.6777325214618101	1.3027700171587204	0.7088235
Cervical	Liver failure and transplant	137|30319	0|31	0.6046557446562922	0.04262521923707052	8.577283028444604	0.7100487
Urinary	Somatoform and dissociative disorders	212|54634	9|2700	0.9409932618964733	0.6828412068999979	1.2967411895870562	0.7100899
Respiratory	Aplastic anaemias	149|54634	0|45	0.6029102092856171	0.0415483695136245	8.74885644649973	0.710821
Bladder	Polymyalgia rheumatica	163|54634	1|71	1.2525606801137974	0.38045547713443717	4.123763098862556	0.7110764
Uterine	Subdural haematoma	102|30319	0|17	0.6012472688654553	0.04050633084197838	8.92448836524916	0.7116425
Gynaecological	Ischemic stroke	361|30319	4|139	1.1093308547627834	0.6399194051572463	1.923078024218269	0.7116516
Cervical	Pulmonary hypertension	137|30319	0|37	0.6043105847786165	0.04180024826980693	8.736581670957628	0.7117032
Breast	Obsessive-compulsive disorder	428|30319	2|104	1.1626966436475612	0.5219934286353014	2.589809394121327	0.7121808
Uterine	Intracerebral haemorrhage	102|30319	0|15	0.6009521289192286	0.040163976181347205	8.991725809763674	0.7121925
Kidney	Vitamin B12 deficiency	182|54634	13|1908	1.0582508461570415	0.7832223589293503	1.4298555711853898	0.7123326
Lung	Peptic ulcer	130|54634	14|1199	1.0581168800801497	0.7831508383292132	1.429624124899294	0.7129144
Uterine	Subarachnoid haemorrhage	102|30319	0|22	0.6016051174398239	0.03999853702148252	9.048548879060224	0.7133079
Prostate	Cerebrovascular disease	196|24315	13|409	0.9490974486761741	0.7175151045014335	1.2554243965491647	0.7143077
Cervical	Chronic kidney disease	137|30319	0|31	0.6044411299633011	0.04048752406920601	9.023744671736777	0.715097
Cervical	Portal hypertension	137|30319	0|31	0.6044411299633011	0.04048752406920601	9.023744671736777	0.715097
Respiratory	Dementia	149|54634	3|129	0.9029419620505301	0.5214898019280075	1.5634134815626077	0.7154683
Solid	Hypertrophic cardiomyopathy	2312|54634	8|74	1.0766701673824741	0.7235529280667156	1.6021200445263328	0.7156372
Secondary	Pulmonary hypertension	479|54634	2|60	1.1620515260470303	0.5172280289055351	2.6107706344639303	0.7161138
Solid	Parkinsons disease	2312|54634	5|34	1.1002332469409	0.6574855055263844	1.8411252985797393	0.7161245
Prostate	Nephritides	196|24315	5|154	1.0961784559026373	0.6681959033181033	1.7982858039359293	0.7161515
Prostate	Barretts oesophagus	196|24315	2|35	1.1634130854214597	0.5144914818582975	2.630811306031833	0.7161672
Bladder	Vitiligo	163|54634	1|461	0.8578114147342155	0.3749342806387828	1.9625850748953946	0.7164462
Lymphoma	Chronic viral hepatitis	193|54634	2|616	0.891865448739724	0.4806480026488055	1.654899165859846	0.7167213
Haematopoietic	Eyelid ptosis	515|54634	2|103	1.1608668377841889	0.5182190135494184	2.600467716992695	0.7169762
Haematopoietic	Lichen planus	515|54634	7|445	1.0787071060683389	0.71606761651992	1.624998804355176	0.7170449
Cervical	Aplastic anaemias	137|30319	0|29	0.6045596120356378	0.03956807787793597	9.237050271488856	0.717518
Gynaecological	Gestational diabetes	361|30319	33|3284	0.9676785725482979	0.8095824451873845	1.1566478810596903	0.7180965
Ovarian	Alllergic and chronic rhinitis	117|30319	28|6397	1.0413942080131333	0.8348214577905574	1.299082440158581	0.7191745
All	Alopecia	2782|54634	22|566	0.9623368824130007	0.7805733696885861	1.1864256599246306	0.7192592
Secondary	Female infertility	281|30319	15|1616	1.0517759328056822	0.7985147654611814	1.3853627517962794	0.7194788
Digestive	Ankylosing spondylitis	534|54634	1|106	0.8578191350716896	0.37128921678739174	1.9818880679115107	0.7196313
Prostate	Spondylolisthesis	196|24315	1|35	0.854654487419858	0.36151882646428163	2.020459902491601	0.7205027
Male genital	Type 2 Diabetes	222|24315	99|4699	0.9742390249049817	0.844353453739674	1.1241046903332061	0.7207165
Prostate	Cardiomyopathy	196|24315	2|72	1.1584141990020544	0.5171271792730573	2.594958281512021	0.7208183
Ovarian	Osteoporosis	117|30319	2|246	0.8890862758294438	0.4656715321605579	1.697493514797301	0.7216205
Endocrine	Parkinsons disease	164|54634	0|34	0.6038979815692483	0.037615570697979044	9.695260908616385	0.7217668
Lung	Aplastic anaemias	130|54634	0|45	0.6027371988837323	0.03705419901217026	9.804344463063055	0.7220066
Respiratory	Peptic ulcer	149|54634	15|1199	1.0538566129285294	0.7890822797394257	1.4074752267658883	0.7223348
Thyroid	Barretts oesophagus	121|54634	0|57	0.6047942266774048	0.03756154091716389	9.738047153842327	0.7228298
Male genital	Irritable bowel syndrome	222|24315	7|673	0.936922135484303	0.6516171909036338	1.3471453795489046	0.7250904
Urinary	Bronchiectasis	212|54634	3|204	1.1219856305252498	0.5892971755733506	2.136191733619553	0.7260801
Endocrine	Aortic aneurysm	164|54634	0|41	0.6043045417029842	0.03592041795132065	10.166473553223991	0.726542
Ovarian	Hypertrophic cardiomyopathy	117|30319	0|11	0.5990489288373937	0.03368933367106972	10.652024841007611	0.7271294
Cervical	Dementia	137|30319	0|54	0.6032835262348406	0.03505980364663589	10.380862844942548	0.7277494
Non-Melanoma Skin	Hypertrophy of nasal turbinates	129|54634	3|1009	1.1188507025405185	0.5936438254014863	2.1087171145573538	0.7283643
Kidney	Dermatitis	182|54634	42|11312	1.0320058132111019	0.8633122898023888	1.2336625009071667	0.7293709
Secondary	Gout	479|54634	13|571	1.0537842154661026	0.7824658967075007	1.4191815610599308	0.7301559
Lung	Adrenal insufficiency	130|54634	0|31	0.6026190739693709	0.0337191686722587	10.769831007443285	0.7306234
Lymphoma	ADHD and hyperkinetic disorders	193|54634	0|43	0.6048885819362853	0.03456753956949178	10.58479142900333	0.7306524
Haematopoietic	Retinal detachments	515|54634	3|181	0.9102557272442001	0.5322038640194225	1.5568573341861895	0.7313038
Thyroid	Diabetic eye	121|54634	9|3243	1.068546592128005	0.7313718952273695	1.561164473230698	0.7317888
Non-Melanoma Skin	Bipolar disorder	129|54634	1|235	1.2266084461394042	0.3810740522044836	3.9482307216582035	0.7320084
Cervical	Heart failure	137|30319	1|225	1.2267949047937161	0.37922217194177665	3.968717679985482	0.7329194
Solid	Lupus erythematosus	2312|54634	7|117	1.0743664080909774	0.711431244995507	1.6224521862848436	0.7330489
Breast	Ankylosing spondylitis	428|30319	1|35	1.2272047227277025	0.37808326115956603	3.9833327369908953	0.7332307
Thyroid	Depression	121|54634	21|7686	1.0437506291905083	0.8158010867268262	1.3353933865258218	0.7333959
Cervical	Osteoporosis	137|30319	1|246	1.2267114855764758	0.3779801945899166	3.981216715542134	0.7337055
Respiratory	Lichen planus	149|54634	2|445	0.8965501927975075	0.47778884067672506	1.6823378441965444	0.7338056
Prostate	Alopecia	196|24315	1|323	0.8627252541001169	0.3682746822823471	2.021031854401218	0.7338739
Breast	Neuromuscular bladder dysfunction	428|30319	8|273	1.0676417028203884	0.7315636568184333	1.5581129474890254	0.7343386
Ovarian	Lichen planus	117|30319	2|250	1.1471298039894144	0.5191741826910061	2.534615223700315	0.7343395
Prostate	Spinal stenosis	196|24315	6|170	1.080683271620802	0.6900618415307946	1.6924227123909479	0.7345775
Lung	Rosacea	130|54634	1|477	0.863928731733356	0.3705352711469198	2.014309869082512	0.7348751
Breast	Eyelid ptosis	428|30319	1|58	0.8636635463207575	0.36883494445954923	2.022353717965444	0.7356291
Urinary	Post-traumatic stress disorders	212|54634	10|2948	0.9485995878700583	0.6979728038112323	1.289220974218084	0.7360375
Uterine	Spondylosis	102|30319	8|872	0.9413638038800851	0.6621849906581484	1.3382450882416097	0.7363677
Urinary	Nasal polyp	212|54634	4|590	1.0978125400942988	0.6372656738190913	1.891192987009104	0.7366494
Uterine	Psoriasis	102|30319	2|595	0.8979669637982772	0.4786667518894819	1.6845637698673321	0.7374084
Ovarian	Adrenal insufficiency	117|30319	0|21	0.6027335824713883	0.031232639286588128	11.631670577221968	0.7374449
Non-Melanoma Skin	Urinary calculus	129|54634	6|1373	1.0781062178918301	0.6940264547260845	1.6747387785322438	0.7378778
Respiratory	Thrombophilia	149|54634	0|104	0.6048613625625386	0.0318251252169394	11.49586263768344	0.7379042
Gynaecological	Neuromuscular bladder dysfunction	361|30319	4|273	0.9248125598532972	0.5834219721611544	1.4659685642181493	0.7394692
Male genital	Barretts oesophagus	222|24315	2|35	1.147370726544235	0.5102943922993133	2.5798041365864677	0.7394721
Endocrine	ADHD and hyperkinetic disorders	164|54634	0|43	0.6051529760124895	0.03130396851050914	11.698520724419696	0.7395932
Respiratory	Type 2 Diabetes	149|54634	68|8982	0.9704859049224226	0.8131966245991705	1.1581982304923282	0.739834
Colorectal	Sjogrens disease	241|54634	1|77	1.2199696727078493	0.37722696632152886	3.9454390465243785	0.7398774
Ovarian	Peripheral arterial disease	117|30319	1|100	1.2180192819601983	0.3782929135022896	3.921751950074152	0.740954
Bladder	Vitamin B12 deficiency	163|54634	10|1908	0.9488473944445397	0.6950176625494866	1.2953791341670946	0.7409588
Skin	Spondylolisthesis	159|54634	1|88	1.2180253720718333	0.3780939232578655	3.923855200388663	0.7410615
Non-Melanoma Skin	Rosacea	129|54634	1|477	0.8677670291015604	0.37404485335567295	2.013179997105093	0.7411478
Respiratory	Epilepsy	149|54634	1|418	0.8667558024053602	0.3704923063680237	2.0277495864032873	0.7415765
Respiratory	Endometriosis	47|30319	1|735	0.866676064539537	0.37020127306177125	2.0289703345250456	0.7416206
Ovarian	Irritable bowel syndrome	117|30319	4|1017	0.9248605588707174	0.5807175528543002	1.472948508531245	0.7421714
Urinary	Congenital cardiac disease	212|54634	1|245	0.8668936275347501	0.36995759796705485	2.031326199515655	0.7423229
Prostate	Other haemolytic anaemias	196|24315	1|48	1.2176174019110064	0.37483042323266685	3.955367669065183	0.7432495
Endocrine	Crohns disease	164|54634	1|253	1.2119019681365242	0.3812749616589458	3.852092395427091	0.7446211
Prostate	Vitamin B12 deficiency	196|24315	18|616	1.043880479845323	0.8052581900548594	1.3532137513905511	0.745699
All	Obsessive-compulsive disorder	2782|54634	9|172	1.0610588238612044	0.7415440593141095	1.5182453605454984	0.7457715
Colorectal	Hyperparathyroidism	241|54634	1|74	1.2133983782603621	0.3768134355258063	3.9073331403652745	0.7457974
Bladder	Ulcerative colitis	163|54634	1|293	0.8700566104218762	0.3739373832686543	2.0243991085398947	0.7466388
Male genital	Schizophrenia and psychosis	222|24315	2|299	0.9003524330790762	0.47619686896166163	1.702309604678808	0.7466921
Lymphoma	Retinal vascular occlusions	193|54634	1|85	1.211916511047399	0.37743250537015666	3.8914020622279804	0.7467492
Thyroid	Subarachnoid haemorrhage	121|54634	0|46	0.6053357598102095	0.02873118961874819	12.753783848403318	0.7468387
Breast	Gastro-oesophageal reflux disease	428|30319	83|3760	1.0209857681938286	0.9000049209054966	1.15822915479792	0.7468848
Male genital	Epilepsy	222|24315	2|173	0.89940216274079	0.4718110742236064	1.7145088246899336	0.7473696
Uterine	Fibromyalgia	102|30319	4|500	1.0932576404110645	0.6342609983092244	1.8844170956487865	0.7482285
Uterine	Gout	102|30319	2|130	1.1380098600114046	0.5165641070112841	2.5070778706947334	0.7483513
Male genital	Liver fibrosis, sclerosis and cirrhosis	222|24315	1|64	0.8678173610488608	0.3636828654016042	2.07077936241559	0.7493406
Gynaecological	Crohns disease	361|30319	1|110	0.8717696960419434	0.3739663869768499	2.032221155170581	0.7506379
Thyroid	Intracerebral haemorrhage	121|54634	0|45	0.6050652351923309	0.027273880309581746	13.423243582605766	0.7506975
Lymphoma	Cardiomyopathy	193|54634	1|111	1.2060203836164358	0.3790841147007558	3.8368401874251243	0.7510546
Prostate	Psoriasis	196|24315	8|567	1.0635236571206699	0.7260886239870258	1.5577748113507632	0.7517966
Bladder	Chronic viral hepatitis	163|54634	2|616	0.9035724355496951	0.4819645284822811	1.6939901134554627	0.7518334
Thyroid	Somatoform and dissociative disorders	121|54634	8|2700	1.0632137914766018	0.7269021534382956	1.5551248005513156	0.7520458
Ovarian	Parkinsons disease	117|30319	0|10	0.6007129975622154	0.025393196377293294	14.21073976188604	0.7521992
Lung	Polymyalgia rheumatica	130|54634	1|71	1.2072173494338714	0.37491085547673825	3.8872540164806355	0.7522761
Uterine	Unspecified or rare diabetes	102|30319	31|3753	1.0377696054090308	0.8242421836992829	1.3066132445166583	0.752433
Bladder	Macular degeneration	163|54634	2|110	1.1358269773181497	0.5141856561541768	2.5090216091458837	0.7527809
Ovarian	Diabetic eye	117|30319	10|1352	0.9479668933154055	0.6797474274702993	1.3220222607776275	0.7528407
Skin	Coronary heart disease	159|54634	24|2984	1.0406718352284159	0.8110910681396045	1.3352358461075715	0.7538973
Breast	Aplastic anaemias	428|30319	1|29	1.2049571425963028	0.3755270549152309	3.86635715453736	0.753946
Respiratory	Seborrheic dermatitis	149|54634	9|2622	1.059077345174549	0.7392183461771894	1.5173389957953163	0.7543698
Skin	Gestational diabetes	159|54634	7|3285	1.0681593141867265	0.7064855146783604	1.614986148729888	0.7545648
Urinary	Personality disorder	212|54634	4|749	1.0898032768516814	0.6349579898465071	1.8704720646538628	0.7550205
Uterine	Gastritis and duodenitis	102|30319	21|3530	0.9619801140459451	0.7534185969473296	1.2282756804376347	0.7558857
Digestive	Obsessive-compulsive disorder	534|54634	1|172	0.8737036797508946	0.3724533812504749	2.0495400456490835	0.7562823
Breast	Type 1 Diabetes	428|30319	7|217	1.0661398409288305	0.7113172828386713	1.5979566191329957	0.7564175
Thyroid	Subdural haematoma	121|54634	0|48	0.605341207856564	0.025376569279635115	14.440012512775438	0.7564319
Cervical	Hearing loss	137|30319	4|1148	0.9290507621031616	0.5829862370667027	1.4805415011293126	0.7569201
Gynaecological	Aortic aneurysm	361|30319	0|5	0.5988560661348695	0.023215312418202693	15.44793287663608	0.7571715
Cervical	Adrenal insufficiency	137|30319	0|21	0.604760963909672	0.02481101428525029	14.740865458546738	0.7575789
Cervical	Subarachnoid haemorrhage	137|30319	0|22	0.6048365637550526	0.024566346527129378	14.891399030418516	0.7583718
Uterine	Hypertrophy of nasal turbinates	102|30319	1|370	0.8747142652105421	0.37253719268968954	2.0538219022875954	0.7585588
Uterine	Post-traumatic stress disorders	102|30319	9|1965	1.0580775188643339	0.7376770734457483	1.517639731836453	0.7590259
Ovarian	Subdural haematoma	117|30319	0|17	0.6029415614316487	0.023724471756564624	15.323355994261181	0.7592218
Gynaecological	Oesophagitis and oesophageal ulcer	361|30319	19|1052	1.0388698088677768	0.8140434304839543	1.3257898035432203	0.7592433
Gynaecological	Non-acute cystitis	361|30319	1|84	0.8752436274569274	0.3729826258178475	2.0538527920012957	0.7594552
Prostate	Cholelithiasis	196|24315	8|369	0.94724510186194	0.6693929915558559	1.3404282601105877	0.7596306
Thyroid	Alllergic and chronic rhinitis	121|54634	25|11166	0.9665918995114198	0.7770669092741495	1.2023416375738025	0.760253
Uterine	Diabetic eye	102|30319	15|1352	1.0470620555517849	0.7788502229143182	1.4076377150847115	0.7606758
Respiratory	Unspecified or rare diabetes	149|54634	58|7919	0.9730975936767212	0.8158236814666145	1.1606906594291786	0.7617333
Lung	Oesophagitis and oesophageal ulcer	130|54634	14|2028	1.0464511684103712	0.7798725266702786	1.404152615226578	0.7621441
Ovarian	Chronic viral hepatitis	117|30319	1|295	0.8766065666329409	0.3727267580241048	2.061668651689065	0.7627839
Skin	Female infertility	72|30319	4|1616	1.0872344823398854	0.6310201143548083	1.873282313349876	0.7631781
Secondary	ADHD and hyperkinetic disorders	479|54634	0|43	0.6041087787467839	0.022015058114710558	16.57717252697467	0.7655055
Male genital	Cardiomyopathy	222|24315	2|72	1.1280618690270694	0.5109587582301383	2.4904624098442283	0.7655341
All	Scoliosis	2782|54634	10|161	0.952462159813833	0.6909754528092162	1.3129036092222979	0.7661317
Digestive	Hyperparathyroidism	534|54634	2|74	1.1272431933253941	0.5117631697695053	2.482939945582125	0.7662473
Breast	Constipation	428|30319	83|5145	1.0190520169564523	0.8995921581282993	1.154375350963106	0.7667188
Ovarian	Neuromuscular bladder dysfunction	117|30319	2|273	1.125308252109684	0.5155339083983598	2.456324679399461	0.7669059
Kidney	Type 1 Diabetes	182|54634	4|422	1.0844675183180794	0.633189343951213	1.857374590273569	0.7677066
Kidney	Scoliosis	182|54634	1|161	1.187371451857831	0.3782936246936356	3.726869480892664	0.7685376
Thyroid	Atrial fibrillation and flutter	121|54634	1|316	1.1884405671942393	0.3762204214859966	3.754158203784629	0.7686158
Breast	Liver failure and transplant	428|30319	1|31	1.189074174857996	0.3750210804718902	3.770181109646191	0.7686505
Breast	Type 2 Diabetes	428|30319	128|4283	1.0177214948491258	0.9052977643650825	1.1441064828038674	0.76866
Digestive	ADHD and hyperkinetic disorders	534|54634	0|43	0.6043583272006149	0.021031903075398775	17.3664259647507	0.7688158
Endocrine	Personality disorder	164|54634	2|749	0.9097415780191406	0.48369215404003685	1.7110671154451893	0.7691421
Male genital	Cerebrovascular disease	222|24315	16|409	1.0420381969489978	0.7913156650202534	1.3722003138569565	0.7693402
Male genital	Constipation	222|24315	42|2517	0.974025300309363	0.8168542145563051	1.1614377066758093	0.7694264
Gynaecological	Spondylolisthesis	361|30319	1|53	0.8792139581956833	0.3690595447772469	2.094559523593111	0.7713182
Thyroid	Psychoactive substance misuse	121|54634	4|2298	0.9324095774946559	0.5812921201103688	1.495612257807131	0.7715955
Kidney	Female genital prolapse	57|30319	4|884	1.0849265620986446	0.6253708907830455	1.882188094289686	0.7718212
Non-Melanoma Skin	Nephritides	129|54634	2|332	1.1221730177719471	0.5147025077909778	2.4466021881649596	0.7719273
Endocrine	Bronchiectasis	164|54634	1|204	1.1831625731191735	0.37774776290663786	3.7058423950904222	0.7727835
Endocrine	Neuromuscular bladder dysfunction	164|54634	2|477	1.1205582515370762	0.5168206344342311	2.429567845065635	0.773127
Cervical	Barretts oesophagus	137|30319	0|22	0.6047833404793006	0.019713022914370937	18.554378519727578	0.7734233
Lung	Thrombophilia	130|54634	0|104	0.6049974716808169	0.019738563868085604	18.543494004241374	0.7735175
Lung	Diabetic neuropathy	130|54634	4|293	1.0830906855321683	0.6286483629616649	1.8660438843106906	0.7736672
Lung	Dementia	130|54634	3|129	0.9212607192470134	0.5264628237829383	1.6121201241314125	0.7739075
Thyroid	Adrenal insufficiency	121|54634	0|31	0.6053284958246757	0.019637811755649926	18.659033522507528	0.7741207
All	Coeliac disease	2782|54634	8|106	1.0582933886961563	0.7182846931192584	1.5592492883208924	0.7744616
Gynaecological	Hypertrophy of nasal turbinates	361|30319	4|370	0.9345324763891604	0.5878472757144738	1.4856766127980767	0.7746701
Cervical	ADHD and hyperkinetic disorders	137|30319	0|19	0.6048607577014785	0.019076550895101012	19.178337751881614	0.7755793
Non-Melanoma Skin	Endometriosis	59|30319	2|735	1.1194259396248905	0.5135914777037468	2.4399050387434555	0.7765656
Cervical	Subdural haematoma	137|30319	0|17	0.6046986767382336	0.018639799988741344	19.617189555136534	0.7769019
Thyroid	Parkinsons disease	121|54634	0|34	0.604623094127653	0.018427160290341357	19.83860129246886	0.7775541
Cervical	Depression	137|30319	25|5163	1.0328896916779862	0.8250458157062732	1.2930931772090357	0.7777124
Kidney	Interstitial pulmonary diseases with fibrosis	182|54634	1|66	1.1783015061780693	0.376747709922867	3.685210030197021	0.7779208
Kidney	Vitiligo	182|54634	2|461	1.1174854195076265	0.5160159309722175	2.4200292817691516	0.7781241
Uterine	Gastrointestinal polyp	102|30319	5|504	1.0719091382915837	0.6599675446127197	1.740978340726213	0.7789974
Male genital	Psychoactive substance misuse	222|24315	33|1582	0.9730994425639057	0.8038120739439847	1.1780396883963353	0.7797447
Cervical	Nephritides	137|30319	1|178	1.1748059675969897	0.3787580152523636	3.643933609119541	0.7802827
Skin	Chronic fatigue	159|54634	4|1308	0.9355801133523424	0.5857260676777429	1.494401900142104	0.7804847
Thyroid	Nasal polyp	121|54634	1|590	0.8853661417862944	0.37437995305610317	2.0937905425296113	0.7815875
Breast	Atrial fibrillation and flutter	428|30319	5|122	1.070209474634839	0.6615000366650453	1.7314410523277604	0.7822114
Thyroid	Enthesopathies	121|54634	17|7084	0.9635806397759242	0.7405411027963075	1.2537962387840182	0.7824019
Colorectal	Type 1 Diabetes	241|54634	4|422	0.9357369297201847	0.5835243016796452	1.5005435062803334	0.7828011
Thyroid	Aortic aneurysm	121|54634	0|41	0.604842612150932	0.0169150452772778	21.627762709272382	0.7829181
Male genital	Respiratory failure	222|24315	3|74	1.0936945934615778	0.5762162469553818	2.0759009661518775	0.7841424
Gynaecological	Seborrheic dermatitis	361|30319	18|1657	0.9681681481735309	0.7674514491178946	1.2213796250110018	0.784924
Digestive	Polymyalgia rheumatica	534|54634	2|71	0.9129187451434452	0.474047325236439	1.7580958500685564	0.7852462
Thyroid	ADHD and hyperkinetic disorders	121|54634	0|43	0.6054695537968185	0.016266989641142253	22.536030861403848	0.785697
Ovarian	Cardiac conduction defects	117|30319	1|138	0.8845643633223242	0.3650354816953489	2.143501528196234	0.7859116
Skin	Glaucoma	159|54634	3|449	0.9278106573885261	0.5381818956275093	1.5995198332712686	0.7874319
Endocrine	Alllergic and chronic rhinitis	164|54634	34|11166	0.9744603971583758	0.8073678165174499	1.1761344039275758	0.7874883
Gynaecological	Ulcerative colitis	361|30319	2|115	1.1115006064099855	0.514542624853359	2.401032564409713	0.7879168
Prostate	Obstructive and reflux uropathy	196|24315	4|240	1.077101783275608	0.6267979619632834	1.8509126097054127	0.7880163
Male genital	Intervertebral disc disorders	222|24315	18|874	1.0354043223011653	0.8021601201366783	1.3364689713785187	0.7893374
Endocrine	Congenital cardiac disease	164|54634	1|245	1.1653937351447834	0.3788262584435536	3.5851330989957706	0.7894977
Male genital	Chronic sinusitis	222|24315	29|2680	1.0277465603363203	0.8382441101709007	1.2600899659978373	0.7924014
Non-Melanoma Skin	Dementia	129|54634	2|129	1.112086521604657	0.5036506127376623	2.4555443798872667	0.7926457
Colorectal	Non-malignant CNS tumour	241|54634	1|89	1.164468779774954	0.3741720651949391	3.623967861855528	0.7926491
Skin	ADHD and hyperkinetic disorders	159|54634	0|43	0.6053278904964826	0.014323418841931192	25.58201076549109	0.792705
Skin	Gout	159|54634	4|571	1.0747766795014149	0.6275311423278233	1.84077702743976	0.7927973
Breast	Retinal detachments	428|30319	2|79	0.916691029230901	0.47893250482838373	1.7545738378595166	0.7928502
Lung	Female genital prolapse	37|30319	3|884	1.0887448293375717	0.5749501486173861	2.061683619457809	0.79409
Gynaecological	Autonomic neuropathy	361|30319	1|49	1.161919059723785	0.376461776551347	3.5861699259798976	0.7940979
Endocrine	Irritable bowel syndrome	164|54634	5|1690	0.9453620529945749	0.6191121149502332	1.443534037956853	0.7947288
Gynaecological	Osteoporosis	361|30319	7|246	1.0551601960521502	0.7020379054826841	1.5859016025172066	0.7961934
Male genital	Somatoform and dissociative disorders	222|24315	8|765	1.0507748033483206	0.7213961841739526	1.530542733069767	0.7963209
Breast	Retinal vascular occlusions	428|30319	1|40	0.8904458380999623	0.36776378334463694	2.155986604712818	0.797035
Endocrine	Bipolar disorder	164|54634	1|235	1.1572054456573309	0.3783124641852448	3.539731228107952	0.79798
Bladder	Tuberculosis	163|54634	6|1380	0.950336164131158	0.6422303879061534	1.406253646452331	0.7988905
All	Hypertrophic cardiomyopathy	2782|54634	9|74	1.0493396903324475	0.7241610547665764	1.5205371491041124	0.7991071
Colorectal	Endometriosis	111|30319	4|735	1.071328963751532	0.6284108290595678	1.8264257958293961	0.8001553
Digestive	Alopecia	534|54634	5|566	1.0627449112923086	0.6631226058670323	1.7031944567791841	0.8003525
Lung	Schizophrenia and psychosis	130|54634	2|616	1.1039891280217193	0.5120951353361372	2.380010882138426	0.8007162
Digestive	Lichen planus	534|54634	8|445	0.9567575149910882	0.6786749532235694	1.3487825624682745	0.8008075
Digestive	Other haemolytic anaemias	534|54634	3|192	1.084049319851023	0.5791028866761472	2.029281764790536	0.8008191
Prostate	Eating disorders	196|24315	2|163	0.9188355657523558	0.47562675523365633	1.775044796369164	0.8010704
All	Rosacea	2782|54634	34|477	1.0238732093940563	0.8514777138794539	1.2311729735574712	0.8019667
Gynaecological	Anxiety and phobia	361|30319	48|3419	1.0201199312080769	0.8726740051089521	1.1924781395522928	0.8025122
Urinary	Spinal stenosis	212|54634	4|306	1.0708712826758466	0.6253955183736387	1.8336640899538479	0.8029532
Haematopoietic	Spondylolisthesis	515|54634	2|88	0.9186324336658477	0.4689032039514712	1.7997009640185255	0.8046333
Uterine	Diabetic neuropathy	102|30319	2|129	1.102188666723142	0.5096102301821277	2.3838215661776996	0.8047414
Bladder	Hypertrophic cardiomyopathy	163|54634	1|74	1.1508467778689904	0.3758327531498724	3.5240364098955514	0.8056298
Lung	Chronic viral hepatitis	130|54634	2|616	1.1002412786729183	0.5111124470761219	2.3684237748871135	0.8070652
Gynaecological	Unspecified or rare diabetes	361|30319	68|3753	0.9821251841348537	0.8493335702618581	1.1356785026341696	0.8077295
Lung	Neuromuscular bladder dysfunction	130|54634	3|477	1.0800733980669777	0.5802371150115231	2.010485911761748	0.8080184
Cervical	Intracerebral haemorrhage	137|30319	0|15	0.6049091484977006	0.010411588649266213	35.144980296739064	0.8083599
Secondary	Lupus erythematosus	479|54634	1|117	0.8961575897993953	0.3694690292884613	2.173655603290217	0.808371
All	Spondylolisthesis	2782|54634	12|88	0.9629133023010806	0.7085130647551741	1.3086590408445977	0.8092154
Gynaecological	Obsessive-compulsive disorder	361|30319	1|104	0.8976554233172388	0.3728861402348092	2.16094183201189	0.8096452
Ovarian	Ischemic stroke	117|30319	1|139	0.8962248041391365	0.3673239950810328	2.1866769127811567	0.8097418
Endocrine	Anxiety and phobia	164|54634	18|5138	1.0315254231479558	0.8011577419730632	1.3281338279027015	0.8097811
Prostate	Intervertebral disc disorders	196|24315	15|874	0.9682656476150665	0.7441693865260839	1.2598453810738186	0.8102406
Male genital	Rheumatoid Arthritis	222|24315	5|295	0.94843065732717	0.6148933013298539	1.4628891058214801	0.8107436
Secondary	Cervical dysplasia	281|30319	3|196	1.0780868121545601	0.5814925493018505	1.9987722558733114	0.8113277
Secondary	Polycystic ovarian syndrome	281|30319	3|196	1.0780868121545601	0.5814925493018505	1.9987722558733114	0.8113277
Kidney	Thyroid disease	182|54634	13|2967	1.0366256802447118	0.7712096213089059	1.393386144637304	0.8115905
Non-Melanoma Skin	Spondylosis	129|54634	8|1570	0.9580616981554935	0.6725505654988041	1.3647780026648713	0.8124073
Secondary	Hip fracture	479|54634	1|55	0.8956917089922074	0.3602548576806783	2.2269335734217615	0.81261
Respiratory	Polymyalgia rheumatica	149|54634	1|71	1.1457930301285753	0.3714079740671972	3.534769739902502	0.8128244
Gynaecological	Alllergic and chronic rhinitis	361|30319	77|6397	0.9847050739047087	0.8666359349001331	1.1188597697433522	0.8130252
Digestive	Chronic fatigue	534|54634	19|1308	1.0294184179460937	0.8090092889295564	1.309876528870005	0.8135405
Urinary	Barretts oesophagus	212|54634	1|57	1.1453130434131904	0.3707310247457887	3.538257873917755	0.813618
Solid	Hidradenitis suppurativa	2312|54634	5|151	0.9494654850962758	0.6165797163702834	1.4620732460938188	0.8138751
Skin	Pancreatitis	159|54634	1|255	0.8993526969821601	0.37162082209032243	2.1765068733756197	0.8140119
Cervical	Chronic ulcer of skin	137|30319	1|272	0.899702613235585	0.3729747634269652	2.1702937346897673	0.814012
Breast	Psoriasis	428|30319	11|595	1.0384060570384177	0.7580077569112317	1.4225278428388817	0.8144546
Cervical	Fibromyalgia	137|30319	2|500	0.9253810318164494	0.4833030738611351	1.7718282799329381	0.814985
Male genital	Thrombophilia	222|24315	0|9	0.6025913541295296	0.008599840692690545	42.22361239555192	0.8152794
Thyroid	Fibromyalgia	121|54634	2|585	1.094981972869425	0.5109324649689713	2.346661453548136	0.8155163
Non-Melanoma Skin	Alcohol dependence	129|54634	7|2814	0.957183079675299	0.6626414198350331	1.3826474177312684	0.8155874
Haematopoietic	Dysmenorrhoea	236|30319	13|1786	1.0351740739844475	0.7738867917336745	1.384679742432319	0.8158237
Digestive	Lupus erythematosus	534|54634	1|117	0.8998807719901403	0.36970975024129316	2.190327421089273	0.8161961
Uterine	Aortic aneurysm	102|30319	0|5	0.6005748494604168	0.00814841703034387	44.265057674543314	0.8162264
Thyroid	Iron deficiency	121|54634	17|5670	1.0324399661521015	0.7887277931563127	1.3514577436691175	0.8162363
Breast	Dermatitis	428|30319	96|6763	0.9863709283914213	0.8785533576296853	1.1074200558525986	0.8162611
Bladder	Post-traumatic stress disorders	163|54634	9|2948	1.042032882567745	0.7337534397105383	1.4798329651180901	0.8180338
Gynaecological	Sjogrens disease	361|30319	1|68	0.9014578435450995	0.3713054647590214	2.1885652671887783	0.8186808
Kidney	Schizophrenia and psychosis	182|54634	2|616	0.9271911795481097	0.48569805216740947	1.7699957403483697	0.8187463
Ovarian	Cardiovascular disease	117|30319	13|1795	0.9650105934837865	0.7109377540910752	1.3098832354550016	0.8192867
Lung	Epilepsy	130|54634	1|418	0.90117753374619	0.3687390745890932	2.2024271450858794	0.8194712
Endocrine	Non-rheumatic valvular heart disease	164|54634	2|456	1.0930151827559693	0.5091917063701348	2.346232616889173	0.8194836
Kidney	Fibromyalgia	182|54634	2|585	0.9273257247492804	0.48374572107512726	1.7776549999668687	0.8202285
Cervical	Unspecified or rare diabetes	137|30319	15|3753	0.9679873112541463	0.7304616554480091	1.2827496525801176	0.820808
Prostate	Chronic fatigue	196|24315	5|386	0.9510160876674187	0.6148450095064122	1.4709912010643251	0.8214382
Lymphoma	Rosacea	193|54634	2|477	1.0910406875843106	0.5109247090730203	2.3298340456545032	0.8218982
Endocrine	Cervical dysplasia	115|30319	1|196	1.1349266235625828	0.3767324142763478	3.4190273840528196	0.8220171
Endocrine	Polycystic ovarian syndrome	115|30319	1|196	1.1349266235625828	0.3767324142763478	3.4190273840528196	0.8220171
Male genital	Dermatitis	222|24315	48|4549	0.9812682611200836	0.8321207304285623	1.1571486745507735	0.8221349
Urinary	Psoriasis	212|54634	7|1162	1.0463892203348824	0.7029180259612501	1.5576928745506429	0.8232338
Ovarian	Non-rheumatic valvular heart disease	117|30319	2|220	1.0903802624118768	0.5069020040350547	2.3454811920119645	0.8247733
Kidney	Lichen planus	182|54634	3|445	1.0705309068006958	0.5812299949286003	1.9717434275846386	0.8268717
Ovarian	ADHD and hyperkinetic disorders	117|30319	0|19	0.6047887835538588	0.006661535935985068	54.90767838340403	0.8269495
Digestive	Scoliosis	534|54634	2|161	0.9291557507710273	0.480630593893424	1.7962452248354128	0.8270535
Kidney	Macular degeneration	182|54634	2|110	1.0891035209576219	0.5054111714992402	2.346894066159502	0.8275015
Uterine	Retinal detachments	102|30319	1|79	1.1301755786608343	0.37378063166629966	3.4172365563919445	0.8283844
Lung	Diabetic eye	130|54634	29|3243	0.976659308135275	0.7885486303281396	1.2096443611478236	0.8287025
Secondary	Spondylosis	479|54634	41|1570	1.0188293784148938	0.8599132869036411	1.20711392431083	0.8292928
Cervical	Oesophagitis and oesophageal ulcer	137|30319	5|1052	1.0532883159549884	0.6567609615225043	1.6892238447843262	0.8294343
Non-Melanoma Skin	Hyperplasia of prostate	70|24315	8|776	1.0467711174342709	0.6902228931529067	1.5875013465423444	0.8296639
Prostate	Crohns disease	196|24315	1|143	0.9057924346632027	0.36576272067041155	2.2431480528941283	0.8306572
Haematopoietic	Hyperparathyroidism	515|54634	1|74	0.9060372128470922	0.36440447981404056	2.25272595848065	0.8318418
Ovarian	Nasal polyp	117|30319	1|278	0.9081154144802629	0.3720975157308523	2.2162835578111393	0.8323148
Prostate	Supraventricular tachycardia	196|24315	2|68	1.0868595598260304	0.5024763423789914	2.3508842171404516	0.8324151
Prostate	Thrombophilia	196|24315	0|9	0.6027281578935567	0.00552230352769009	65.78436525558318	0.8325263
Urinary	Respiratory failure	212|54634	2|169	1.086200687979086	0.5042923497763239	2.339579283900594	0.8327168
Secondary	Vitiligo	479|54634	5|461	1.0518065399306582	0.6568339974021452	1.6842870524614084	0.8334633
Secondary	Thalassaemia	479|54634	3|263	1.0674723882733197	0.5788666840463872	1.9684969460682107	0.8343558
Breast	Female genital prolapse	428|30319	24|884	0.978050572657997	0.7942977404921989	1.2043127833699667	0.8344242
Endocrine	Somatoform and dissociative disorders	164|54634	10|2700	1.0360735131926424	0.7429512119603016	1.4448436283009962	0.8345588
Breast	Osteoporosis	428|30319	10|246	1.0365816245894908	0.7397300771007059	1.452558842338794	0.8346719
Haematopoietic	Non-acute cystitis	515|54634	1|103	0.908610926577499	0.368594682521284	2.239787644924448	0.8350719
Colorectal	Thalassaemia	241|54634	1|263	0.9098288264199667	0.37072074822421597	2.23291654796747	0.8365567
Bladder	Osteoporosis	163|54634	3|323	1.0669134993414213	0.5760934107463362	1.9759025078975812	0.8367905
Ovarian	Thalassaemia	117|30319	1|205	1.1214247779348192	0.3755637832571883	3.34854847200469	0.8373145
Prostate	Hearing loss	196|24315	24|1068	1.023882936235748	0.8158485677317574	1.2849642796203558	0.8386082
Uterine	Eating disorders	102|30319	1|301	0.910802317800006	0.37020202827313864	2.2408328392458325	0.8388178
Bladder	Personality disorder	163|54634	3|749	1.0649744411998174	0.5799042704571644	1.955789288316063	0.839146
Colorectal	ADHD and hyperkinetic disorders	241|54634	0|43	0.603777214050089	0.0046064176798870805	79.13892085769852	0.8392732
Thyroid	Post-traumatic stress disorders	121|54634	8|2948	1.039238153500249	0.7159707677641386	1.5084637366736675	0.8395596
Uterine	Somatoform and dissociative disorders	102|30319	8|1935	1.0396313716662446	0.7135737526451003	1.5146764927187504	0.8395889
Respiratory	Ulcerative colitis	149|54634	1|293	0.9116598773226281	0.3703814049829999	2.243967220649366	0.8404994
Gynaecological	Coronary heart disease	361|30319	24|929	1.0236006906195738	0.8149844709270866	1.285617592989213	0.8410089
Lung	Type 2 Diabetes	130|54634	65|8982	1.0192216013211017	0.8456129516691042	1.2284729917500685	0.8416054
Colorectal	Pancreatitis	241|54634	2|255	0.9346983706263975	0.48165703685122	1.8138654212613718	0.8417602
Urinary	ADHD and hyperkinetic disorders	212|54634	0|43	0.6028601698149131	0.004016048580210144	90.49700896054608	0.8431013
Non-Melanoma Skin	ADHD and hyperkinetic disorders	129|54634	0|43	0.6057426821513954	0.004157440743147372	88.25722834047858	0.8436418
Thyroid	Nephritides	121|54634	1|332	1.1156185450281915	0.3757047963679279	3.312719853573488	0.843803
Gynaecological	Coeliac disease	361|30319	1|78	0.9141753288947436	0.37135895887736337	2.2504278191812723	0.8452103
Lung	Alcohol dependence	130|54634	8|2814	0.9657604083646597	0.6796553143406551	1.372303205293841	0.8458925
Endocrine	Ulcerative colitis	164|54634	1|293	1.1130900761822176	0.37642444845234196	3.291416173389697	0.8464188
Lung	Lichen planus	130|54634	2|445	0.9369133284576225	0.48308617746121024	1.8170807321681754	0.8471008
Male genital	Bipolar disorder	222|24315	1|91	0.9141312667057981	0.3662911023870616	2.281343901949675	0.8474184
Bladder	Rheumatoid Arthritis	163|54634	5|819	1.047013368298189	0.655668193887364	1.6719386476499423	0.8474382
Thyroid	Neuromuscular bladder dysfunction	121|54634	1|477	0.9157519023107085	0.3725356876424713	2.25106365484775	0.847906
Colorectal	Thyroid disease	241|54634	20|2967	1.023660573011518	0.8055635051953209	1.3008049172786131	0.8482928
Skin	Bipolar disorder	159|54634	1|235	1.1110738721153524	0.3753186501866746	3.28916548293936	0.8491417
Lymphoma	End stage renal disease	193|54634	1|130	1.1108627881332638	0.3746109568252042	3.2941271780125967	0.849643
Colorectal	Nasal polyp	241|54634	4|590	1.051873647328609	0.6228004976312834	1.776553124399454	0.8499916
Skin	Fatty liver disease	159|54634	9|2125	1.034162789139946	0.7284586320977838	1.4681584201450588	0.8509607
Skin	Dysmenorrhoea	72|30319	4|1786	1.051881641598707	0.6194804104267995	1.7861016576296311	0.8514679
Cervical	Anxiety and phobia	137|30319	15|3419	0.9753385865612599	0.7484793080951707	1.270957457536499	0.853332
Cervical	Chronic sinusitis	137|30319	16|3635	0.9760056535637619	0.754210524299302	1.2630253823008173	0.8535033
Prostate	Epilepsy	196|24315	2|173	0.9385554885341126	0.4783979985439768	1.841325439777172	0.8536726
Endocrine	Psoriasis	164|54634	4|1162	1.050159124678337	0.6241186527817362	1.7670264816309678	0.8537418
Bladder	Crohns disease	163|54634	1|253	1.106506771237546	0.3753844718362449	3.2616086350227182	0.8544052
Gynaecological	Congenital cardiac disease	361|30319	2|132	1.0721466996774585	0.5078956326755278	2.2632573932046993	0.854995
Kidney	Post-traumatic stress disorders	182|54634	10|2948	1.031107018162975	0.7413735386202747	1.4340701785547463	0.8555784
Prostate	Chronic sinusitis	196|24315	26|2680	1.0200683144454727	0.8232836862068291	1.2638892080198691	0.855812
Cervical	Hyperprolactinaemia and prolactinoma	137|30319	1|173	1.1043083374181255	0.37561800355846636	3.246641248657202	0.8568924
Lung	Supraventricular tachycardia	130|54634	1|180	0.919734258610931	0.3681225499802983	2.2979062448303473	0.8578609
Kidney	ADHD and hyperkinetic disorders	182|54634	0|43	0.6061862481200685	0.0023843183562477633	154.11606694508907	0.8593895
Ovarian	Aortic aneurysm	117|30319	0|5	0.6025401360412281	0.0022135418483663523	164.01524814564718	0.8594276
Male genital	Coronary heart disease	222|24315	66|2055	0.9859698528990741	0.8425362828378602	1.1538215868299908	0.8601685
Prostate	Fibromyalgia	196|24315	1|85	0.9208975377513515	0.3672159222237796	2.309410414180524	0.8605482
Cervical	Hypertrophic cardiomyopathy	137|30319	0|11	0.6049520985719536	0.0021971091619303862	166.56752787151956	0.8608057
Kidney	Female infertility	57|30319	3|1616	1.0563406304662388	0.5717040480575027	1.9518062384990784	0.8610944
Respiratory	Bronchiectasis	149|54634	3|204	1.0565658662979407	0.5700031111560091	1.9584655030424556	0.8612733
Male genital	Ulcerative colitis	222|24315	2|178	0.9420808312180269	0.4798336488708852	1.8496332940319977	0.8623867
Lymphoma	Folate deficiency	193|54634	5|1450	0.9625870262735265	0.6250677219473294	1.4823574320290809	0.8625768
Bladder	Glaucoma	163|54634	5|449	1.0422796651722441	0.6512202424067356	1.668171272466467	0.8629869
Non-Melanoma Skin	Chronic viral hepatitis	129|54634	2|616	1.067471000560117	0.5072391451062552	2.2464637203781237	0.8634444
Respiratory	Thyroid disease	149|54634	12|2967	1.0273612276305921	0.7546090488038781	1.3986992253957888	0.8638527
Gynaecological	Retinal vascular occlusions	361|30319	1|40	1.0992278733328438	0.3724614710257703	3.24409908542794	0.8639546
Breast	End stage renal disease	428|30319	1|47	0.9235595485929213	0.3677717712607596	2.319270554325358	0.8655842
Gynaecological	End stage renal disease	361|30319	1|47	1.0975618283425133	0.37304603825414095	3.2292045578939708	0.8657359
Secondary	Alopecia	479|54634	4|566	1.045666937974924	0.6224326433198155	1.756687019726306	0.8660231
Gynaecological	Chronic viral hepatitis	361|30319	4|295	0.9599736910999507	0.5951193174566987	1.5485121396199946	0.8670164
Haematopoietic	Hearing loss	515|54634	36|2216	1.0154849686413516	0.8464365363877826	1.2182953797543696	0.8686256
Uterine	Cerebrovascular disease	102|30319	3|283	0.9541235581879788	0.5457162210589588	1.6681779451649024	0.8691396
Male genital	Fibromyalgia	222|24315	1|85	0.9256609093558219	0.3685681004313423	2.324802711104573	0.8694061
Kidney	Chronic fatigue	182|54634	5|1308	0.9645033242864915	0.6255686267909416	1.4870737161673202	0.8700327
Skin	Retinal detachments	159|54634	1|181	0.9263395749029002	0.3700961804359787	2.3186000110036953	0.8701587
Cervical	Parkinsons disease	137|30319	0|10	0.6050295373965499	0.0014321924886913102	255.59465226408034	0.8706035
Skin	Obstructive and reflux uropathy	159|54634	2|459	1.0635099377539832	0.5064804167047002	2.2331631202257003	0.8707671
Uterine	ADHD and hyperkinetic disorders	102|30319	0|19	0.6052631238772754	0.0014040286045148222	260.9230666295948	0.8711296
Colorectal	Dysmenorrhoea	111|30319	6|1786	1.035948052287006	0.6752392543659321	1.5893453469985153	0.8715186
Non-Melanoma Skin	Supraventricular tachycardia	129|54634	1|180	1.0911002600321658	0.37387570364538547	3.184212736571478	0.873232
Endocrine	Unspecified or rare diabetes	164|54634	28|7919	1.0187318811087	0.8106295751086127	1.280257564558039	0.8735208
Breast	Hyperparathyroidism	428|30319	2|52	1.0628483214029978	0.5016134077783664	2.2520262353280134	0.8735881
Non-Melanoma Skin	Lichen planus	129|54634	2|445	1.0618348476082442	0.505640063384395	2.229833680599962	0.8740617
Urinary	Schizophrenia and psychosis	212|54634	3|616	1.0498130492672038	0.5749768959204373	1.9167856069197766	0.8742503
Urinary	Polymyalgia rheumatica	212|54634	1|71	1.0918939967089383	0.36737438069556455	3.2452793735690477	0.8743095
Prostate	Gout	196|24315	9|441	0.9732878528535136	0.694363361392251	1.364255802052712	0.8751251
Haematopoietic	Hip fracture	515|54634	1|55	0.9253004346386362	0.3503355603299894	2.443888064163375	0.8755001
Secondary	Hypopituitarism	479|54634	1|65	1.0898894837003164	0.3710225264588699	3.201582119602712	0.8755877
Urinary	Alllergic and chronic rhinitis	212|54634	45|11166	1.013593766354039	0.8558074309431655	1.200471374803936	0.8757203
Bladder	ADHD and hyperkinetic disorders	163|54634	0|43	0.6063911737024056	0.0011141864295473177	330.0257890356623	0.8763153
Ovarian	Asthma	117|30319	17|3512	0.9795760528971881	0.7551512943053934	1.270698005347749	0.8764752
Thyroid	Ischemic stroke	121|54634	1|350	1.0887732459484525	0.3719364323836024	3.1871768342137585	0.8766613
Thyroid	Non-rheumatic valvular heart disease	121|54634	1|456	0.9296075231758641	0.36959363525252226	2.33816295714813	0.8767356
Breast	COPD	428|30319	6|158	1.034467291485615	0.673904142496226	1.5879447975934902	0.8768364
Respiratory	Diabetic neuropathy	149|54634	4|293	1.0425304678300344	0.6155348341973034	1.7657323614694493	0.8768754
Gynaecological	Fibromyalgia	361|30319	8|500	0.9730250033038875	0.6881745409377527	1.3757812890962045	0.8770253
Prostate	Dermatitis	196|24315	45|4549	0.9865448409160352	0.8304397294209251	1.1719944129078672	0.8774997
Endocrine	Atrial fibrillation and flutter	164|54634	1|316	0.9297953228626755	0.3681635832064583	2.3481935255190707	0.8776109
Non-Melanoma Skin	Fatty liver disease	129|54634	8|2125	1.0294606249664673	0.7104269724849203	1.4917637130941632	0.8780638
Kidney	Hypertrophic cardiomyopathy	182|54634	1|74	1.087332555313217	0.3729667893117667	3.1699661195723254	0.8781058
Urinary	Non-spinal osteoarthritis	212|54634	41|4019	0.9855880607138755	0.8174144810656641	1.1883614101812139	0.879124
Respiratory	Alllergic and chronic rhinitis	149|54634	35|11166	1.0151474775319052	0.8358247141091071	1.2329432041714752	0.8795025
Digestive	Tuberculosis	534|54634	21|1380	1.0176607386894727	0.8108667675919311	1.2771930241333873	0.8799337
Secondary	Retinal vascular occlusions	479|54634	3|85	1.0481036671049895	0.569076857093183	1.9303566527201974	0.8801483
Ovarian	Intervertebral disc disorders	117|30319	5|857	0.967104232289552	0.6214672652336071	1.5049716186753483	0.8821446
Urinary	Non-diabetic peripheral neuropathies	212|54634	6|691	0.9700686856918692	0.6481412422149416	1.4518953488349038	0.8825797
Gynaecological	Intervertebral disc disorders	361|30319	16|857	1.0197951767256372	0.7860589888040289	1.32303328030786	0.8826721
Non-Melanoma Skin	Fibromyalgia	129|54634	2|585	1.0572547604157974	0.5039961448737714	2.2178495605394386	0.8829001
Kidney	Liver fibrosis, sclerosis and cirrhosis	182|54634	1|131	1.0832299799507668	0.3737287918878593	3.1396756550033857	0.8829366
Haematopoietic	Psoriatic arthropathy	515|54634	1|78	1.0828452849877583	0.37183988278067315	3.1533839308782303	0.8839632
Breast	Sarcoidosis	428|30319	2|58	1.0569090946285777	0.5009158179797933	2.230029067186817	0.8844815
Uterine	Personality disorder	102|30319	2|470	1.056266266703489	0.5040413452747994	2.2135057701813263	0.8846954
Uterine	Rosacea	102|30319	2|363	1.056194971136739	0.5039273137808868	2.2137077839356603	0.884861
Endocrine	Pancreatitis	164|54634	1|255	1.081244940557689	0.3746456848705219	3.120523387012024	0.8851445
Lung	Gestational diabetes	130|54634	2|3285	1.056924208536695	0.49627616645402367	2.250941830579345	0.8858665
Haematopoietic	Chronic sinusitis	515|54634	60|6315	0.9901074068209215	0.8639800869113399	1.1346473048310517	0.8862884
Non-Melanoma Skin	Epilepsy	129|54634	1|418	0.9354416577415341	0.37219684181227686	2.351043847598188	0.8871342
Digestive	Retinal vascular occlusions	534|54634	3|85	0.9601621524323881	0.545713950884201	1.6893674011262787	0.88785
Lung	Nasal polyp	130|54634	2|590	0.952707831482849	0.48526250841796037	1.870435478578091	0.8880633
Uterine	Dementia	102|30319	1|54	1.0798887213062214	0.3674840509670918	3.1733612583606132	0.8888572
Colorectal	Eyelid ptosis	241|54634	1|103	1.078380738679919	0.37025381575478555	3.1408319592471803	0.8899617
Gynaecological	Trigeminal neuralgia	361|30319	1|58	0.9365549339833895	0.3696188645751316	2.373080024951859	0.8900968
Thyroid	Rheumatoid Arthritis	121|54634	2|819	0.9540316805133063	0.48694553496893256	1.8691545194702597	0.8909182
Thyroid	Urticaria	121|54634	7|2573	1.0276318702200142	0.693718042394122	1.522271580320126	0.8918556
Solid	Rosacea	2312|54634	29|477	1.0137081061795288	0.8326714936199507	1.23410508514791	0.8921029
Gynaecological	Glaucoma	361|30319	5|198	1.0324828132997692	0.6476049588078835	1.6460972777628906	0.8931463
Thyroid	Female infertility	87|30319	5|1616	1.0321406019718218	0.6470731697964663	1.6463582048593421	0.8943583
Cervical	Aortic aneurysm	137|30319	0|5	0.6051711308740915	0.0003583446948554194	1022.0106587351311	0.8946219
Male genital	Osteoporosis	222|24315	2|77	0.9545118700604983	0.4786315998940202	1.9035368962018513	0.8948324
Haematopoietic	Personality disorder	515|54634	8|749	1.0246724494422987	0.7121548964764711	1.474333229808481	0.8955385
Prostate	Chronic ulcer of skin	196|24315	7|234	1.0269671047448614	0.688977916504194	1.5307623204808816	0.8960413
Urinary	Female infertility	67|30319	3|1616	0.9632732102467617	0.5481994162295051	1.692623614890236	0.8964837
Skin	Nasal polyp	159|54634	2|590	0.9567052774568674	0.4892048994452678	1.8709644751140184	0.8970894
Prostate	Somatoform and dissociative disorders	196|24315	7|765	1.0260855240002615	0.6915021491005092	1.5225570939040711	0.8982326
Non-Melanoma Skin	Glaucoma	129|54634	3|449	0.963803156234185	0.5477242894958926	1.6959564178209456	0.8982512
Respiratory	ADHD and hyperkinetic disorders	149|54634	0|43	0.6059135256755668	0.0002780071848009137	1320.5816995683233	0.8983468
Cervical	Alopecia	137|30319	1|243	0.941459827885222	0.3729255190903849	2.376738952280845	0.8984057
Cervical	Migraine	137|30319	15|3246	0.9830769314450194	0.7532446074812555	1.2830364048286997	0.9000307
Urinary	Vitamin B12 deficiency	212|54634	14|1908	1.0182901528875519	0.7671600570885981	1.3516277677475614	0.900169
All	Lichen planus	2782|54634	37|445	0.9890962812247568	0.8317647354830207	1.176187702841862	0.9012851
Lymphoma	Non-diabetic peripheral neuropathies	193|54634	4|691	0.9697034266074402	0.5946029304446471	1.581433066384371	0.9018794
Male genital	Eyelid ptosis	222|24315	1|45	1.069494064783093	0.36501190846512876	3.133644486877165	0.9025067
Urinary	Scoliosis	212|54634	1|161	1.0681351740590104	0.3690225004394285	3.0917159487659536	0.9032501
Breast	Cardiomyopathy	428|30319	1|39	0.943124952334486	0.3665610851207256	2.4265660262953936	0.9033376
Non-Melanoma Skin	Pancreatitis	129|54634	1|255	0.9438945732053041	0.3709279500321439	2.4019138090004173	0.9035578
Respiratory	Nephritides	149|54634	3|332	1.0380106034902012	0.5670071302140683	1.9002688952982023	0.9037534
Solid	Scoliosis	2312|54634	9|161	0.979101073703298	0.694392303060294	1.3805436902196084	0.9041045
Skin	Hypertension	159|54634	54|9327	1.0124577593826063	0.8273620273110087	1.238962728160981	0.9043292
Ovarian	Spondylosis	117|30319	7|872	1.0250259199225917	0.6845020358796398	1.534952536938696	0.9044962
Male genital	Hypertrophy of nasal turbinates	222|24315	6|639	1.0261150756888948	0.6711504295686829	1.5688169181873044	0.9052601
Colorectal	Macular degeneration	241|54634	2|110	0.9594458507392508	0.48201085713927844	1.909783414349053	0.9061679
Kidney	Coronary heart disease	182|54634	36|2984	1.0121677317829807	0.8276780241041857	1.2377802568474923	0.9062238
Lymphoma	Dementia	193|54634	2|129	0.9587825273925324	0.47449340493814	1.9373587183009573	0.9066364
Urinary	Cardiomyopathy	212|54634	1|111	0.9452108071660846	0.3669421693672746	2.4347800404737034	0.9070821
Solid	Obsessive-compulsive disorder	2312|54634	7|172	1.0236675339270815	0.6910973930960941	1.5162771998340432	0.9070971
Breast	Rosacea	428|30319	7|363	0.9784669195740593	0.6745683865255716	1.4192742082562084	0.9086675
Cervical	Epilepsy	137|30319	1|245	0.9469854028613696	0.3728514932643817	2.405197161424858	0.9088087
Respiratory	Macular degeneration	149|54634	2|110	0.9608720705971916	0.4809622568704291	1.9196415578664918	0.9099968
Skin	Ulcerative colitis	159|54634	1|293	0.9481209504523727	0.37197078601892375	2.4166772512102006	0.9111448
Haematopoietic	Pancreatitis	515|54634	4|255	1.0299551936658042	0.6118018276116611	1.7339073750405796	0.9115642
Colorectal	Heart failure	241|54634	11|662	1.0182404615405696	0.7387559471548643	1.4034589386540757	0.9120775
Skin	Dementia	159|54634	2|129	1.0434999503971052	0.48976736789957903	2.223284395505144	0.9121441
Urinary	Chronic fatigue	212|54634	6|1308	0.9775326364571731	0.6525766992174172	1.4643030566136517	0.9122387
Uterine	Respiratory failure	102|30319	1|95	1.060550274170146	0.3708715510161879	3.0327666842078114	0.9126746
Cervical	Psychoactive substance misuse	137|30319	3|716	0.9694350498440129	0.5557793700171388	1.6909665355824244	0.9129162
Uterine	Thyroid disease	102|30319	13|2354	1.0166897432781654	0.7550316576121928	1.3690260847551636	0.9131781
Lymphoma	Migraine	193|54634	11|4017	1.017446645393457	0.7436270847363255	1.3920924848904044	0.9138912
Gynaecological	Hidradenitis suppurativa	361|30319	1|82	1.0591671587414613	0.3734385174028038	3.0040689909509513	0.9139363
Male genital	Ischemic stroke	222|24315	8|211	1.0202902034334174	0.7019241705151562	1.4830549266571047	0.9161657
Skin	Spondylosis	159|54634	9|1570	0.9820311992519805	0.6982568388035112	1.3811325900606894	0.9170032
Kidney	Non-spinal osteoarthritis	182|54634	37|4019	1.0105990764376687	0.8282308658256373	1.2331229557335524	0.9172961
Endocrine	Female genital prolapse	115|30319	4|884	0.9742947529710138	0.5932281591120643	1.6001436396540467	0.9180601
Digestive	Alcohol dependence	534|54634	34|2814	1.009417811096828	0.8442861546967549	1.206847123681048	0.9180835
Prostate	Intracerebral haemorrhage	196|24315	1|30	1.0569624698855704	0.3670008040712979	3.044052357251978	0.9182407
Prostate	Alcohol dependence	196|24315	13|1509	0.9852489782046753	0.7416290747980637	1.3088962960596848	0.9183242
Cervical	Seborrheic dermatitis	137|30319	7|1657	0.9805819078664657	0.6738635612106796	1.4269073643149812	0.9183932
Cervical	Female infertility	137|30319	8|1616	0.9817409537298832	0.6891664328685689	1.398523280100425	0.9186975
Skin	Respiratory failure	159|54634	1|169	0.9521155266787186	0.36913325332789276	2.455817697186574	0.9191528
Thyroid	Eating disorders	121|54634	1|464	0.952581701315962	0.3724273104262768	2.4364805487637233	0.9192435
Lung	ADHD and hyperkinetic disorders	130|54634	0|43	0.6060244179971033	3.6964247361641634e-05	9935.697908726925	0.9194312
Respiratory	Gout	149|54634	5|571	0.9771391610296538	0.6239335541602818	1.5302926628184792	0.9195146
Lung	Ulcerative colitis	130|54634	1|293	0.9524833999568235	0.36960606859153977	2.454571784090226	0.9197116
Non-Melanoma Skin	Nasal polyp	129|54634	2|590	1.0379512309817516	0.502009116046555	2.1460621400281967	0.9199409
Male genital	Retinal detachments	222|24315	3|102	0.9713440966357373	0.5468643917506879	1.725307714858927	0.9209827
Uterine	Non-diabetic peripheral neuropathies	102|30319	3|353	1.030618080065096	0.5672688190136718	1.8724343580242953	0.9211382
Gynaecological	Hyperparathyroidism	361|30319	1|52	0.9539953325987109	0.36936146295785516	2.4640012180262834	0.9225025
Bladder	Venous thromboembolism	163|54634	2|391	0.9667861073315539	0.48930741818041035	1.9102007094130726	0.9225525
Bladder	Fibromyalgia	163|54634	2|585	0.9668085370294275	0.4893609709146082	1.91008029415588	0.9225956
Skin	Chronic sinusitis	159|54634	19|6315	0.9882880254344234	0.77831743801992	1.2549034282231688	0.9229809
Ovarian	Anxiety and phobia	117|30319	15|3419	0.986937958684516	0.7526379175623904	1.2941768034316647	0.9242471
Thyroid	Irritable bowel syndrome	121|54634	4|1690	0.9766710281172923	0.5987497426914412	1.5931301997323162	0.9246678
Uterine	Visual impairment	102|30319	3|363	1.0287223547633018	0.5657394966480489	1.870595370236472	0.9260442
Male genital	ADHD and hyperkinetic disorders	222|24315	0|24	0.6057002816476796	1.4434138903585429e-05	25417.022355032746	0.9264452
Haematopoietic	Scoliosis	515|54634	2|161	0.967170771349651	0.4756529439637686	1.9666004653685725	0.9265481
Bladder	Chronic fatigue	163|54634	5|1308	1.02110390308118	0.6463430622793307	1.6131575346545846	0.9286776
Colorectal	Epilepsy	241|54634	2|418	0.9694140133316782	0.48938601705002466	1.9202909288431291	0.9290245
Respiratory	Spondylolisthesis	149|54634	1|88	0.9579269083572476	0.36538918250709607	2.511360504595819	0.9303442
Uterine	COPD	102|30319	2|158	0.9698185372358592	0.4842667537393795	1.9422105438864823	0.9310748
Male genital	Chronic fatigue	222|24315	6|386	0.9820496616120721	0.6501741427833981	1.4833280415362147	0.9313973
Lymphoma	Alcohol dependence	193|54634	11|2814	1.0136768844506756	0.7435514765783334	1.3819363667975668	0.9315348
Digestive	Cervical dysplasia	232|30319	2|196	0.9713670206269199	0.489709216374839	1.9267635919667743	0.9337428
Digestive	Polycystic ovarian syndrome	232|30319	2|196	0.9713670206269199	0.489709216374839	1.9267635919667743	0.9337428
Bladder	Dermatitis	163|54634	36|11312	1.0079735910995833	0.834262773592073	1.217854604706341	0.934411
Respiratory	Neuromuscular bladder dysfunction	149|54634	3|477	1.0251739443525352	0.566241020583393	1.85606760721171	0.9345729
Endocrine	Alcohol dependence	164|54634	8|2814	0.9854171745604053	0.6930132224221581	1.4011954988747475	0.9348104
Lymphoma	Glaucoma	193|54634	4|449	1.0215369429340477	0.6077189847478096	1.717138598544993	0.935906
Male genital	Chronic kidney disease	222|24315	1|37	0.9608848502807152	0.36176062600902986	2.5522393237896104	0.9361919
Male genital	Portal hypertension	222|24315	1|37	0.9608848502807152	0.36176062600902986	2.5522393237896104	0.9361919
Secondary	Subdural haematoma	479|54634	1|48	1.0436398931234034	0.3649523141861239	2.9844562814942184	0.9364914
Non-Melanoma Skin	Gout	129|54634	3|571	0.9772042406649062	0.5530437979295902	1.7266772207705883	0.9367176
Uterine	Urticaria	102|30319	7|1812	1.015978715880152	0.6858406547111573	1.5050329023673885	0.9369788
Ovarian	Spinal stenosis	117|30319	1|136	0.9625081936243158	0.36851436711955304	2.5139373263387434	0.9378181
Gynaecological	Migraine	361|30319	40|3246	1.0066571409082767	0.8517547173802372	1.1897305393957054	0.9379633
Non-Melanoma Skin	Cardiac conduction defects	129|54634	3|366	1.0239871728242091	0.5627062193002613	1.863405262185325	0.9381454
Breast	Autonomic neuropathy	428|30319	1|49	0.9627166954789905	0.3681133617561203	2.5177663514643607	0.9382536
Breast	Diverticular disease	428|30319	7|180	1.0154074900940884	0.6874867241191526	1.4997415001143763	0.9387496
Lymphoma	Crohns disease	193|54634	1|253	1.0409490030413935	0.3738852002088639	2.8981484860260647	0.9387657
Kidney	Crohns disease	182|54634	1|253	1.0409661788416436	0.37327630107818877	2.902971826398357	0.9388388
Male genital	Alcohol dependence	222|24315	15|1509	0.989724358874833	0.7586605460752097	1.291162841692167	0.9393049
Endocrine	Gestational diabetes	164|54634	12|3285	0.9886869789848997	0.7324433931889645	1.3345767761770224	0.9407437
Prostate	Cardiovascular disease	196|24315	78|2669	0.9942089233047445	0.8525217286472634	1.159444211172426	0.9409788
Non-Melanoma Skin	Retinal detachments	129|54634	1|181	0.9645386257541734	0.3702114167156206	2.5129823624169587	0.9410884
Thyroid	Intervertebral disc disorders	121|54634	4|1731	0.9815390303842291	0.5977526854838059	1.6117349056957317	0.9412963
Digestive	Meniere disease	534|54634	2|84	1.0278673276521006	0.4943521013078532	2.1371634518384264	0.9413308
Skin	Chronic viral hepatitis	159|54634	2|616	0.9748468473145296	0.4922338059614952	1.9306402043288693	0.9417501
Lung	Endometriosis	37|30319	1|735	0.9648271624056416	0.3680882867279826	2.528989611678819	0.941942
Lymphoma	Visual impairment	193|54634	5|712	1.017287325723844	0.6406679339834724	1.6153040415864908	0.9420823
Lymphoma	COPD	193|54634	7|662	0.9855276460174831	0.6647866080319975	1.4610173089076615	0.9421452
Breast	Nephritides	428|30319	4|178	1.0189781383633543	0.6117168909423555	1.697380703127081	0.9424337
Bladder	Congenital cardiac disease	163|54634	1|245	0.9656840197375681	0.3717664070434148	2.508418211835921	0.9428425
Ovarian	Cervical dysplasia	117|30319	1|196	1.0381811626434054	0.37246520310840764	2.8937471674472337	0.9428845
Ovarian	Polycystic ovarian syndrome	117|30319	1|196	1.0381811626434054	0.37246520310840764	2.8937471674472337	0.9428845
Kidney	Ischemic stroke	182|54634	4|350	0.9822386261447713	0.5983288259424852	1.6124790865140586	0.9435086
Uterine	Macular degeneration	102|30319	1|55	1.0380993571909662	0.367120517234102	2.935412827153737	0.9437914
Prostate	Thalassaemia	196|24315	1|58	0.9655940221808799	0.3645374752722703	2.557684405355219	0.9438382
Skin	Cardiac conduction defects	159|54634	3|366	0.9796357108953772	0.5509912335656395	1.7417448184267044	0.9441333
Urinary	Vitiligo	212|54634	2|461	1.0259541934585235	0.4982933396146205	2.1123742249679576	0.9445596
Kidney	Tuberculosis	182|54634	7|1380	0.9867911132418357	0.677097296000142	1.4381340863793035	0.9448345
Prostate	Peripheral arterial disease	196|24315	8|223	1.0131190088951207	0.6999229789947344	1.4664615350374912	0.9449281
Bladder	Schizophrenia and psychosis	163|54634	2|616	0.9763206614119496	0.49280892309350516	1.9342223511626775	0.9452265
Skin	Supraventricular tachycardia	159|54634	1|180	1.0358654905173688	0.37202139980724747	2.884289223686442	0.9462286
Bladder	Non-diabetic peripheral neuropathies	163|54634	5|691	0.9852987345344114	0.6315083214513164	1.5372934343034674	0.9479697
Respiratory	Fatty liver disease	149|54634	11|2125	1.0103563596909566	0.737264871431145	1.384604113290238	0.9489019
Colorectal	Hypertrophic cardiomyopathy	241|54634	1|74	0.9691680072745839	0.3670007233311298	2.5593590601103737	0.9495991
Male genital	Parkinsons disease	222|24315	1|24	0.9686888721709045	0.3594078726112077	2.610844676969042	0.9498568
Kidney	Anxiety and phobia	182|54634	19|5138	1.0077705955819496	0.7915898875754418	1.2829895748545757	0.9498986
Urinary	Crohns disease	212|54634	1|253	0.9706460483082008	0.3700992596490094	2.5456785619885736	0.9517066
Lung	Macular degeneration	130|54634	2|110	0.9786123305620769	0.48367617311527367	1.9800067622927888	0.9520523
Male genital	Depression	222|24315	34|2523	0.9942864348537663	0.8246987770885964	1.1987473996557265	0.9521119
Digestive	Female infertility	232|30319	10|1616	0.9904160912108251	0.7201859978401713	1.362042634362662	0.9527602
Cervical	Vitiligo	137|30319	1|245	0.9722261859479236	0.3726533678971438	2.5364691106286688	0.9540905
Urinary	Erectile dysfunction	145|24315	32|2909	0.9940124969701676	0.8101519470156839	1.2195994193095965	0.9541065
Urinary	Male infertility	145|24315	32|2909	0.9940124969701676	0.8101519470156839	1.2195994193095965	0.9541065
Gynaecological	Thrombocytopenia	361|30319	2|147	1.021167928303073	0.4994405035499701	2.0879042255940248	0.9542235
Thyroid	Epilepsy	121|54634	1|418	1.0301062991760332	0.37376046300757026	2.839034870257669	0.9542695
Non-Melanoma Skin	Ulcerative colitis	129|54634	1|293	1.0287733806575297	0.3727066015060681	2.8396992821504687	0.9563295
Solid	Bronchiectasis	2312|54634	21|204	0.9936826588390401	0.7870590984932874	1.2545502978971599	0.9575058
All	Ankylosing spondylitis	2782|54634	6|106	1.011180135767258	0.66365177653365	1.5406954416831073	0.9587304
Haematopoietic	Nasal polyp	515|54634	7|590	1.010102084997035	0.6871139049456791	1.4849156955949239	0.959222
Colorectal	Spondylosis	241|54634	19|1570	1.0063558834463662	0.788861249301041	1.2838153287976182	0.9593268
Respiratory	Oesophagitis and oesophageal ulcer	149|54634	14|2028	0.9928237332587508	0.7495135971322291	1.315118190107959	0.9599529
Male genital	Obesity	222|24315	27|1397	0.9948230170064843	0.8075833979687423	1.2254744682160852	0.961088
Breast	Supraventricular tachycardia	428|30319	3|112	0.9859063584850896	0.5564975560056948	1.746658789803172	0.9612021
Prostate	ADHD and hyperkinetic disorders	196|24315	0|24	0.6058759602015166	9.515127779623151e-10	385791644.26591605	0.9613596
Haematopoietic	Dementia	515|54634	6|129	0.9892428761560504	0.6364853740247921	1.537508178447753	0.9616598
Cervical	Coronary heart disease	137|30319	3|929	0.9857020998495368	0.5439091879373011	1.786343476440387	0.9621362
Thyroid	Anxiety and phobia	121|54634	13|5138	1.0070328652537164	0.7524179310758409	1.3478083785843362	0.962412
Digestive	Subarachnoid haemorrhage	534|54634	1|46	1.0249385914344606	0.36377010883638633	2.8878104349253766	0.9628253
Gynaecological	Supraventricular tachycardia	361|30319	2|112	0.9836886938730448	0.49202901040025016	1.966639011115441	0.9628887
Non-Melanoma Skin	Chronic sinusitis	129|54634	16|6315	0.9938871698358398	0.7648273246850493	1.2915486600469843	0.9634104
Prostate	Parkinsons disease	196|24315	1|24	1.0241489755795965	0.3636145576278341	2.8845960706949616	0.9639757
Gynaecological	Vitamin B12 deficiency	361|30319	21|1292	0.9949352990681413	0.7951572938491535	1.2449062053370301	0.9645845
Uterine	Oesophagitis and oesophageal ulcer	102|30319	7|1052	0.9912784949148459	0.6731802463570256	1.4596878916133498	0.9646121
Lymphoma	Alllergic and chronic rhinitis	193|54634	37|11166	0.9959245174123448	0.8312723750674195	1.1931897102950972	0.9646712
Breast	Chronic ulcer of skin	428|30319	7|272	1.0086476366367465	0.6869116896003897	1.481078383576131	0.9649595
Lymphoma	Venous thromboembolism	193|54634	2|391	0.984890314350428	0.49128878856736574	1.9744169903203004	0.9657764
Lung	Spondylolisthesis	130|54634	1|88	0.9793887758601294	0.36552362660768845	2.6241870687891313	0.9669638
Digestive	Eyelid ptosis	534|54634	2|103	0.9852943992295171	0.4866905980896787	1.9947068157132808	0.9671611
Urinary	Anxiety and phobia	212|54634	22|5138	1.0047422389921519	0.8020229865441377	1.2587007900669518	0.9671773
Prostate	Migraine	196|24315	5|771	0.9906690757852754	0.6320473479494065	1.5527716727257144	0.9673874
Ovarian	Type 2 Diabetes	117|30319	30|4283	1.0049798182840461	0.7906892069437489	1.277346935165749	0.967616
Skin	Endometriosis	72|30319	2|735	1.0146542357252921	0.4959503887208695	2.0758592824789823	0.968226
Thyroid	Type 1 Diabetes	121|54634	1|422	0.9804862077425	0.3710596750938487	2.59083179364646	0.9682919
Secondary	Hypertrophic cardiomyopathy	479|54634	2|74	1.014784119779867	0.49140874645487004	2.09558095411713	0.9683586
Respiratory	Hypertrophic cardiomyopathy	149|54634	1|74	0.9803693407519481	0.3664953592800967	2.622472617864346	0.9684974
Uterine	Peripheral arterial disease	102|30319	1|100	0.9805596489097973	0.3687123640979956	2.607716254436643	0.9686195
Colorectal	Polymyalgia rheumatica	241|54634	1|71	0.9805607275260043	0.36641605826502777	2.6240644171519274	0.9688204
Non-Melanoma Skin	Urinary Incontinence	129|54634	7|1844	0.9923241608759984	0.6726024682285847	1.4640256121147632	0.9690221
Uterine	Supraventricular tachycardia	102|30319	1|112	1.0198032331393563	0.3703464574424765	2.8081776223902994	0.9697319
Uterine	Psychoactive substance misuse	102|30319	3|716	1.0109915682564046	0.5635930671751507	1.8135495459668243	0.9707513
Male genital	Fatty liver disease	222|24315	12|1022	0.9944833031694902	0.73939631963058	1.3375736584366913	0.9708179
Urinary	Lichen planus	212|54634	3|445	0.9895551304789056	0.5582856779272339	1.7539754197039492	0.9713189
Kidney	Cardiomyopathy	182|54634	1|111	1.0185008589169713	0.3713109601205653	2.793733853904503	0.9715948
Gynaecological	Peptic ulcer	361|30319	9|448	1.006156996861617	0.7149372945958011	1.4160009695758484	0.9719135
Lung	Seborrheic dermatitis	130|54634	7|2622	0.9933160079142188	0.6753312079557172	1.461026352632794	0.9728237
Endocrine	Oesophagitis and oesophageal ulcer	164|54634	7|2028	1.006744834631266	0.6836071079324965	1.4826281796894625	0.9728477
Lung	Thyroid disease	130|54634	10|2967	0.9943900747299694	0.7158964681733324	1.3812215378635777	0.9732309
Breast	Rheumatoid Arthritis	428|30319	15|524	1.0045120085951997	0.770605784754148	1.3094170785830337	0.9734459
Breast	Chronic viral hepatitis	428|30319	6|295	0.9932775077318904	0.660760106577423	1.4931291970340417	0.9741262
All	Bronchiectasis	2782|54634	25|204	1.00352006091387	0.8067812444594052	1.2482349082512032	0.9748219
Prostate	Osteoporosis	196|24315	2|77	0.988966025822026	0.48532622756838634	2.0152502475098495	0.9756283
Skin	Hyperplasia of prostate	87|24315	8|776	0.9938050682079941	0.6645394730231158	1.4862149709525843	0.9758562
Cervical	Diabetic eye	137|30319	5|1352	0.9931883054846079	0.6239529213583803	1.580925381363531	0.9770086
Prostate	Thrombocytopenia	196|24315	2|100	1.0106462725165581	0.4898454822280826	2.0851593516912845	0.9771367
Lymphoma	Erectile dysfunction	121|24315	19|2909	1.0037503951976978	0.7747554095668736	1.3004295851548617	0.9773961
Lymphoma	Male infertility	121|24315	19|2909	1.0037503951976978	0.7747554095668736	1.3004295851548617	0.9773961
Lymphoma	Ischemic stroke	193|54634	3|350	0.9918614686374388	0.5563726641457626	1.7682198216515481	0.9778985
Breast	Spondylosis	428|30319	29|872	0.9972978174854523	0.8200613142857756	1.2128397223901315	0.9783768
Urinary	Liver fibrosis, sclerosis and cirrhosis	212|54634	1|131	1.0138554086686233	0.3693718790979774	2.7828398637081024	0.9786904
Breast	Other haemolytic anaemias	428|30319	2|144	1.0093304295792846	0.49613798767016715	2.0533560045637302	0.9795516
Endocrine	Type 2 Diabetes	164|54634	31|8982	0.9971819880708749	0.7967248355941801	1.2480744579669105	0.9803375
Gynaecological	Fatty liver disease	361|30319	19|1103	1.0029534227847696	0.7910631094580973	1.2715996438827342	0.9805691
Haematopoietic	Post-traumatic stress disorders	515|54634	26|2948	0.9975180950316967	0.8164087665881875	1.2188040974547543	0.9806055
Breast	Hidradenitis suppurativa	428|30319	1|82	0.9881667699328797	0.36996896323903394	2.6393391398312755	0.9810531
Endocrine	Female infertility	115|30319	6|1616	0.9955446844960707	0.6590879655525236	1.5037586340960094	0.98307
Lung	Hypertrophic cardiomyopathy	130|54634	1|74	1.0110111816830782	0.366933443586237	2.785637633621666	0.9831041
Colorectal	Scoliosis	241|54634	1|161	0.9895785832134117	0.369498225884698	2.6502583876011445	0.9833708
Breast	Tinnitus	428|30319	16|640	0.9972925617398031	0.7725171498527722	1.2874697395275823	0.9834
Lung	Obstructive and reflux uropathy	130|54634	2|459	1.0075454948521647	0.4938221583258297	2.055695369439228	0.9835157
Male genital	Migraine	222|24315	6|771	0.9956939676575429	0.65910411340549	1.504172796172026	0.9836433
Colorectal	Folate deficiency	241|54634	9|1450	0.996954177956259	0.7108975801337174	1.3981164948648264	0.9858942
Thyroid	Oesophagitis and oesophageal ulcer	121|54634	5|2028	0.9959466968983153	0.6334510065110893	1.5658824642585831	0.9859642
Gynaecological	Bronchiectasis	361|30319	2|88	0.9941618784515838	0.49203899377015214	2.008698198883149	0.9869817
Breast	Epilepsy	428|30319	4|245	0.9960154594319245	0.6052754592654371	1.6390005248706698	0.987465
Kidney	Erectile dysfunction	125|24315	28|2909	1.0015899225888174	0.8055373248068357	1.2453580264229616	0.9885952
Kidney	Male infertility	125|24315	28|2909	1.0015899225888174	0.8055373248068357	1.2453580264229616	0.9885952
Skin	Lichen planus	159|54634	2|445	1.005052430699009	0.49632465996735997	2.035221035602817	0.9888301
Male genital	Rheumatic valve disorder	222|24315	1|32	0.9932760972788308	0.3606903770392683	2.7353028198976728	0.9895849
Lung	End stage renal disease	130|54634	1|130	1.0066709020054498	0.36817396188415563	2.752465980370779	0.9896631
Uterine	Lichen planus	102|30319	2|250	1.0044903816844692	0.4938217632682611	2.0432492084162894	0.9901327
Skin	Urinary calculus	159|54634	6|1373	1.002189022418839	0.6630876535956522	1.514705983757158	0.991721
Digestive	Sarcoidosis	534|54634	2|98	1.0031696627913265	0.49204668932019374	2.0452314672317473	0.9930525
Lung	Gout	130|54634	5|571	1.001980258126486	0.6325385573508269	1.5871987976195217	0.9932744
Secondary	Trigeminal neuralgia	479|54634	2|86	0.9969904079293805	0.487011934519312	2.040996951099926	0.9934209
Prostate	Ulcerative colitis	196|24315	2|178	0.99721757813113	0.4895022306622471	2.0315390530260413	0.9938765
Uterine	Type 1 Diabetes	102|30319	2|217	1.0022986979643502	0.4925444247007095	2.03961841726555	0.994946
Colorectal	Alopecia	241|54634	2|566	0.9984558035002392	0.49507255569164005	2.0136725012974543	0.9965549
Colorectal	Interstitial pulmonary diseases with fibrosis	241|54634	1|66	1.002092636513935	0.3669876106295451	2.736303959778978	0.9967455
Non-Melanoma Skin	Respiratory failure	129|54634	1|169	0.9979516407570211	0.3698668880872742	2.6926105292632605	0.9967694
Solid	Spondylolisthesis	2312|54634	11|88	1.0004904592358188	0.7221259848930276	1.3861586204659015	0.9976481
Cervical	Alcohol dependence	137|30319	6|1305	0.9996147872135048	0.6631952701812758	1.5066900621030876	0.9985315
Uterine	Cervical dysplasia	102|30319	1|196	1.000851569379491	0.37111911879094955	2.699143787560154	0.9986582
Uterine	Polycystic ovarian syndrome	102|30319	1|196	1.000851569379491	0.37111911879094955	2.699143787560154	0.9986582
All	Parkinsons disease	2782|54634	5|34	1.0002951325430418	0.6156169944988935	1.6253455657178095	0.9990493
Urinary	Hypertrophic cardiomyopathy	212|54634	1|74	0.9994681794666987	0.3668229538149951	2.7232119238380177	0.99917
