ID	gene	variant	control_hom	control_het	control_ref	case_hom	case_het	case_ref	fisher.p.val	adj.fisher.p.val	log.odds.ratio	lower.CI	upper.CI	p.val	adj.p.val	log.odds.ratio.sex	lower.CI.sex	upper.CI.sex	p.val.sex	adj.p.val.sex	comparison	control_mac	case_mac	control_n	case_n	mac
18-46592017-G-A	LOXHD1	ENSG00000167210_chr18_46592017_G_A	0	103	12877	0	0	135	0.629606970992733	1	-13.0081452115233	-777.029624848261	751.013334425215	0.973379429174951	0.980345638555504	-13.0122167769716	-776.907501438247	750.883067884304	0.973366702555492	0.98020586784389	All_Eur_v_All_BP	103	0	12980	135	103
18-46592017-G-A	LOXHD1	ENSG00000167210_chr18_46592017_G_A	0	98	11838	0	0	125	0.628792073474573	1	-13.0153122484118	-796.2846815611	770.254057064277	0.974019061673556	0.97607115397837	-13.0210118136669	-796.022076191316	769.980052563982	0.97399878489386	0.976013714507803	Solid_Eur_v_Solid_BP	98	0	11936	125	98
18-46592017-G-A	LOXHD1	ENSG00000167210_chr18_46592017_G_A	0	18	2848	0	0	45	1.0	1	-12.4183586397053	-1120.9311321703	1096.09441489089	0.98248231334496	0.985974095703285	-12.4187098249593	-1120.93148335559	1096.09406370567	0.982481818032754	0.99058844904946	Breast_Eur_v_Breast_BP	18	0	2866	45	18
6-43130655-G-A	PTK7	ENSG00000112655_chr6_43130655_G_A	0	7	12973	0	0	135	1.0	1	-10.0007170015525	-663.934166384743	643.932732381638	0.976087735268017	0.980345638555504	-10.0145510526532	-663.845031011936	643.81592890663	0.976050897283907	0.98020586784389	All_Eur_v_All_BP	7	0	12980	135	7
6-43130655-G-A	PTK7	ENSG00000112655_chr6_43130655_G_A	0	7	11929	0	0	125	1.0	1	-10.007653824707	-663.941104968519	643.925797319105	0.97607115397837	0.97607115397837	-10.0283999139131	-663.747790988813	643.690991160987	0.976013714507803	0.976013714507803	Solid_Eur_v_Solid_BP	7	0	11936	125	7
