ID	gene	variant	All_SA_hom.alt	All_SA_het	All_SA_hom.ref	All_BP_hom.alt	All_BP_het	All_BP_hom.ref	fisher.p.val	adj.fisher.p.val	log.odds.ratio	lower.CI	upper.CI	p.val	adj.p.val	log.odds.ratio.sex	lower.CI.sex	upper.CI.sex	p.val.sex	adj.p.val.sex
6-169241949-T-C	THBS2	ENSG00000186340_chr6_169241949_T_C	0	0	404	1	0	134	0.25046382189235	1	7.334820785688	-517.358491852859	532.028133424235	0.978141628843424	0.982776869219265	7.26204841570739	-517.431275887014	531.955372718429	0.978358443534533	0.982701706818726
17-59119357-T-A	SKA2	ENSG00000182628_chr17_59119357_T_A	0	0	404	0	1	134	0.25046382189235	1	14.6696415713763	-1034.71698370587	1064.05626684862	0.978141628843426	0.982776869219265	14.5240968314136	-1034.86255177338	1063.91074543621	0.978358443534521	0.982701706818726
3-119488978-G-A	POGLUT1	ENSG00000163389_chr3_119488978_G_A	0	1	403	0	0	135	1	1	-12.4724047098665	-1061.8590299015	1036.91422048176	0.981414958080151	0.982776869219265	-12.630605845393	-1062.01725404331	1036.75604235252	0.981179267553608	0.982701706818726
1-186444465-C-G	PDC	ENSG00000116703_chr1_186444465_C_G	0	2	402	0	0	135	1	1	-13.4748904665054	-1236.87232554627	1209.92254461326	0.982776869219265	0.982776869219265	-13.4990196173893	-1233.76105913696	1206.76301990218	0.982701706818726	0.982701706818726
6-43130655-G-A	PTK7	ENSG00000112655_chr6_43130655_G_A	0	0	404	0	0	135	1	1	NA	NA	NA	NA	NA	NA	NA	NA	NA	NA
1-223268541-G-A	SUSD4	ENSG00000143502_chr1_223268541_G_A	0	0	404	0	0	135	1	1	NA	NA	NA	NA	NA	NA	NA	NA	NA	NA
18-46592017-G-A	LOXHD1	ENSG00000167210_chr18_46592017_G_A	0	0	404	0	0	135	1	1	NA	NA	NA	NA	NA	NA	NA	NA	NA	NA
