variant	Breast_Eur_hom.alt	Breast_Eur_het	Breast_Eur_hom.ref	Breast_BP_hom.alt	Breast_BP_het	Breast_BP_hom.ref	fisher.p.val	adj.fisher.p.val	log.odds.ratio	lower.CI	upper.CI	p.val	adj.p.val	log.odds.ratio.sex	lower.CI.sex	upper.CI.sex	p.val.sex	adj.p.val.sex
ENSG00000167210_chr18_46592017_G_A	0	18	2848	0	0	45	1	1	-12.4183586397053	-1120.9311321703	1096.09441489089	0.98248231334496	0.985974095703285	-12.4187098249593	-1120.93148335559	1096.09406370567	0.982481818032754	0.99058844904946
ENSG00000112655_chr6_43130655_G_A	0	1	2865	0	0	45	1	1	-9.41240535399643	-1058.79905375896	1039.97424305097	0.985974095703285	0.985974095703285	-10.4127557383766	-1740.55800368898	1719.73249221223	0.99058844904946	0.99058844904946
ENSG00000116703_chr1_186444465_C_G	0	0	2866	0	0	45	1	1	NA	NA	NA	NA	NA	NA	NA	NA	NA	NA
ENSG00000143502_chr1_223268541_G_A	0	0	2866	0	0	45	1	1	NA	NA	NA	NA	NA	NA	NA	NA	NA	NA
ENSG00000163389_chr3_119488978_G_A	0	0	2866	0	0	45	1	1	NA	NA	NA	NA	NA	NA	NA	NA	NA	NA
ENSG00000182628_chr17_59119357_T_A	0	0	2866	0	0	45	1	1	NA	NA	NA	NA	NA	NA	NA	NA	NA	NA
ENSG00000186340_chr6_169241949_T_C	0	0	2866	0	0	45	1	1	NA	NA	NA	NA	NA	NA	NA	NA	NA	NA
