ID	gene	variant	All_Eur_hom.alt	All_Eur_het	All_Eur_hom.ref	All_BP_hom.alt	All_BP_het	All_BP_hom.ref	fisher.p.val	adj.fisher.p.val	log.odds.ratio	lower.CI	upper.CI	p.val	adj.p.val	log.odds.ratio.sex	lower.CI.sex	upper.CI.sex	p.val.sex	adj.p.val.sex
17-59119357-T-A	SKA2	ENSG00000182628_chr17_59119357_T_A	0	0	12980	0	1	134	0.010293556995731	1	17.1393881952621	-619.346583062887	653.625359453412	0.957908631553097	0.980345638555504	17.0914090386297	-619.39458947671	653.577407553969	0.95802635294037	0.98020586784389
6-169241949-T-C	THBS2	ENSG00000186340_chr6_169241949_T_C	0	0	12980	1	0	134	0.010293556995731	1	8.5696940976347	-309.673291532583	326.812679727852	0.95790863155323	0.980345638555504	8.54570451931479	-309.697294738338	326.788703776967	0.958026352940368	0.98020586784389
18-46592017-G-A	LOXHD1	ENSG00000167210_chr18_46592017_G_A	0	103	12877	0	0	135	0.629606970992733	1	-13.0081452115233	-777.029624848261	751.013334425215	0.973379429174951	0.980345638555504	-13.0122167769716	-776.907501438247	750.883067884304	0.973366702555492	0.98020586784389
6-43130655-G-A	PTK7	ENSG00000112655_chr6_43130655_G_A	0	7	12973	0	0	135	1	1	-10.0007170015525	-663.934166384743	643.932732381638	0.976087735268017	0.980345638555504	-10.0145510526532	-663.845031011936	643.81592890663	0.976050897283907	0.98020586784389
1-223268541-G-A	SUSD4	ENSG00000143502_chr1_223268541_G_A	0	1	12979	0	0	135	1	1	-8.00024983771039	-644.486220930625	628.485721255204	0.980345638555504	0.980345638555504	-8.05715506475008	-644.543152780432	628.428842650932	0.98020586784389	0.98020586784389
1-186444465-C-G	PDC	ENSG00000116703_chr1_186444465_C_G	0	0	12980	0	0	135	1	1	NA	NA	NA	NA	NA	NA	NA	NA	NA	NA
3-119488978-G-A	POGLUT1	ENSG00000163389_chr3_119488978_G_A	0	0	12980	0	0	135	1	1	NA	NA	NA	NA	NA	NA	NA	NA	NA	NA
