variant	Solid_SA_hom.alt	Solid_SA_het	Solid_SA_hom.ref	Solid_BP_hom.alt	Solid_BP_het	Solid_BP_hom.ref	fisher.p.val	adj.fisher.p.val	log.odds.ratio	lower.CI	upper.CI	p.val	adj.p.val	log.odds.ratio.sex	lower.CI.sex	upper.CI.sex	p.val.sex	adj.p.val.sex
ENSG00000186340_chr6_169241949_T_C	0	0	371	1	0	124	0.252016129032071	1	7.33099349518365	-517.362319895196	532.024306885563	0.978153031664685	0.981402335557515	7.24641426255453	-517.446911692714	531.939740217823	0.978405023392571	0.981596986377576
ENSG00000182628_chr17_59119357_T_A	0	0	371	0	1	124	0.252016129032071	1	14.6619869903708	-1034.72463979242	1064.04861377316	0.978153031664722	0.981402335557515	14.4928285251188	-1034.89382339018	1063.87948044042	0.978405023392655	0.981596986377576
ENSG00000163389_chr3_119488978_G_A	0	1	370	0	0	125	1	1	-12.4808772250391	-1061.86750390658	1036.9057494565	0.981402335557515	0.981402335557515	-12.6636648736615	-1062.05031632271	1036.72298657538	0.981130015876291	0.981596986377576
ENSG00000116703_chr1_186444465_C_G	0	1	370	0	0	125	1	1	-12.4808772250391	-1061.86750390658	1036.9057494565	0.981402335557515	0.981402335557515	-12.3502241134935	-1061.73686662284	1037.03641839585	0.981596986377576	0.981596986377576
ENSG00000112655_chr6_43130655_G_A	0	0	371	0	0	125	1	1	NA	NA	NA	NA	NA	NA	NA	NA	NA	NA
ENSG00000143502_chr1_223268541_G_A	0	0	371	0	0	125	1	1	NA	NA	NA	NA	NA	NA	NA	NA	NA	NA
ENSG00000167210_chr18_46592017_G_A	0	0	371	0	0	125	1	1	NA	NA	NA	NA	NA	NA	NA	NA	NA	NA
