ID	gene	variant	Solid_Eur_hom.alt	Solid_Eur_het	Solid_Eur_hom.ref	Solid_BP_hom.alt	Solid_BP_het	Solid_BP_hom.ref	fisher.p.val	adj.fisher.p.val	log.odds.ratio	lower.CI	upper.CI	p.val	adj.p.val	log.odds.ratio.sex	lower.CI.sex	upper.CI.sex	p.val.sex	adj.p.val.sex
17-59119357-T-A	SKA2	ENSG00000182628_chr17_59119357_T_A	0	0	11936	0	1	124	0.0103639830859173	1	17.1330957618004	-619.352877335061	653.619068858662	0.957924070465911	0.97607115397837	17.0602036150533	-619.425798427343	653.546205657449	0.958102917943241	0.976013714507803
6-169241949-T-C	THBS2	ENSG00000186340_chr6_169241949_T_C	0	0	11936	1	0	124	0.0103639830859173	1	8.56654788090041	-309.676438667605	326.809534429406	0.957924070465919	0.97607115397837	8.53010180752224	-309.712899212292	326.773102827336	0.958102917943081	0.976013714507803
18-46592017-G-A	LOXHD1	ENSG00000167210_chr18_46592017_G_A	0	98	11838	0	0	125	0.628792073474573	1	-13.0153122484118	-796.2846815611	770.254057064277	0.974019061673556	0.97607115397837	-13.0210118136669	-796.022076191316	769.980052563982	0.97399878489386	0.976013714507803
6-43130655-G-A	PTK7	ENSG00000112655_chr6_43130655_G_A	0	7	11929	0	0	125	1	1	-10.007653824707	-663.941104968519	643.925797319105	0.97607115397837	0.97607115397837	-10.0283999139131	-663.747790988813	643.690991160987	0.976013714507803	0.976013714507803
1-186444465-C-G	PDC	ENSG00000116703_chr1_186444465_C_G	0	0	11936	0	0	125	1	1	NA	NA	NA	NA	NA	NA	NA	NA	NA	NA
1-223268541-G-A	SUSD4	ENSG00000143502_chr1_223268541_G_A	0	0	11936	0	0	125	1	1	NA	NA	NA	NA	NA	NA	NA	NA	NA	NA
3-119488978-G-A	POGLUT1	ENSG00000163389_chr3_119488978_G_A	0	0	11936	0	0	125	1	1	NA	NA	NA	NA	NA	NA	NA	NA	NA	NA
